Handle,Title,Description,Status,Thumbnail,Image 1,Image 2,Image 3,Profile Name,Option 1 Name,Option 1 Value,Variant SKU,Variant Inventory Quantity,Variant Manage Inventory,Variant Allow Backorder,Variant Price [INR]
"ribbed-cotton-linen-blend-t-shirt-1","Ribbed cotton-linen blend T-shirt","Premium quality T-shirt from Mango.","published","https://media.mango.com/is/image/punto/37051437-56-002?wid=2048&hei=2867&fit=crop","https://media.mango.com/is/image/punto/37051437-56-001?wid=2048&hei=2867&fit=crop","https://media.mango.com/is/image/punto/37051437-56-003?wid=2048&hei=2867&fit=crop","https://media.mango.com/is/image/punto/37051437-56-004?wid=2048&hei=2867&fit=crop","Default","Size","S","RIBBED-COTTON-LINEN-BLEND-T-SHIRT-1-S",100,TRUE,FALSE,3899
"ribbed-cotton-linen-blend-t-shirt-1","Ribbed cotton-linen blend T-shirt","Premium quality T-shirt from Mango.","published","https://media.mango.com/is/image/punto/37051437-56-002?wid=2048&hei=2867&fit=crop","https://media.mango.com/is/image/punto/37051437-56-001?wid=2048&hei=2867&fit=crop","https://media.mango.com/is/image/punto/37051437-56-003?wid=2048&hei=2867&fit=crop","https://media.mango.com/is/image/punto/37051437-56-004?wid=2048&hei=2867&fit=crop","Default","Size","M","RIBBED-COTTON-LINEN-BLEND-T-SHIRT-1-M",100,TRUE,FALSE,3899
"ribbed-cotton-linen-blend-t-shirt-1","Ribbed cotton-linen blend T-shirt","Premium quality T-shirt from Mango.","published","https://media.mango.com/is/image/punto/37051437-56-002?wid=2048&hei=2867&fit=crop","https://media.mango.com/is/image/punto/37051437-56-001?wid=2048&hei=2867&fit=crop","https://media.mango.com/is/image/punto/37051437-56-003?wid=2048&hei=2867&fit=crop","https://media.mango.com/is/image/punto/37051437-56-004?wid=2048&hei=2867&fit=crop","Default","Size","L","RIBBED-COTTON-LINEN-BLEND-T-SHIRT-1-L",100,TRUE,FALSE,3899
"ribbed-cotton-linen-blend-t-shirt-1","Ribbed cotton-linen blend T-shirt","Premium quality T-shirt from Mango.","published","https://media.mango.com/is/image/punto/37051437-56-002?wid=2048&hei=2867&fit=crop","https://media.mango.com/is/image/punto/37051437-56-001?wid=2048&hei=2867&fit=crop","https://media.mango.com/is/image/punto/37051437-56-003?wid=2048&hei=2867&fit=crop","https://media.mango.com/is/image/punto/37051437-56-004?wid=2048&hei=2867&fit=crop","Default","Size","XL","RIBBED-COTTON-LINEN-BLEND-T-SHIRT-1-XL",100,TRUE,FALSE,3899
"ribbed-cotton-linen-blend-t-shirt-1","Ribbed cotton-linen blend T-shirt","Premium quality T-shirt from Mango.","published","https://media.mango.com/is/image/punto/37051437-56-002?wid=2048&hei=2867&fit=crop","https://media.mango.com/is/image/punto/37051437-56-001?wid=2048&hei=2867&fit=crop","https://media.mango.com/is/image/punto/37051437-56-003?wid=2048&hei=2867&fit=crop","https://media.mango.com/is/image/punto/37051437-56-004?wid=2048&hei=2867&fit=crop","Default","Size","XXL","RIBBED-COTTON-LINEN-BLEND-T-SHIRT-1-XXL",100,TRUE,FALSE,3899
"slim-fit-t-shirt-180gsm-2","Slim fit T-shirt 180gsm","Premium quality T-shirt from Mango.","published","https://media.mango.com/is/image/punto/37011432-96-002?wid=2048&hei=2867&fit=crop","https://media.mango.com/is/image/punto/37011432-96-001?wid=2048&hei=2867&fit=crop","https://media.mango.com/is/image/punto/37011432-96-003?wid=2048&hei=2867&fit=crop","https://media.mango.com/is/image/punto/37011432-96-004?wid=2048&hei=2867&fit=crop","Default","Size","XS","SLIM-FIT-T-SHIRT-180GSM-2-XS",100,TRUE,FALSE,1290
"slim-fit-t-shirt-180gsm-2","Slim fit T-shirt 180gsm","Premium quality T-shirt from Mango.","published","https://media.mango.com/is/image/punto/37011432-96-002?wid=2048&hei=2867&fit=crop","https://media.mango.com/is/image/punto/37011432-96-001?wid=2048&hei=2867&fit=crop","https://media.mango.com/is/image/punto/37011432-96-003?wid=2048&hei=2867&fit=crop","https://media.mango.com/is/image/punto/37011432-96-004?wid=2048&hei=2867&fit=crop","Default","Size","S","SLIM-FIT-T-SHIRT-180GSM-2-S",100,TRUE,FALSE,1290
"slim-fit-t-shirt-180gsm-2","Slim fit T-shirt 180gsm","Premium quality T-shirt from Mango.","published","https://media.mango.com/is/image/punto/37011432-96-002?wid=2048&hei=2867&fit=crop","https://media.mango.com/is/image/punto/37011432-96-001?wid=2048&hei=2867&fit=crop","https://media.mango.com/is/image/punto/37011432-96-003?wid=2048&hei=2867&fit=crop","https://media.mango.com/is/image/punto/37011432-96-004?wid=2048&hei=2867&fit=crop","Default","Size","M","SLIM-FIT-T-SHIRT-180GSM-2-M",100,TRUE,FALSE,1290
"slim-fit-t-shirt-180gsm-2","Slim fit T-shirt 180gsm","Premium quality T-shirt from Mango.","published","https://media.mango.com/is/image/punto/37011432-96-002?wid=2048&hei=2867&fit=crop","https://media.mango.com/is/image/punto/37011432-96-001?wid=2048&hei=2867&fit=crop","https://media.mango.com/is/image/punto/37011432-96-003?wid=2048&hei=2867&fit=crop","https://media.mango.com/is/image/punto/37011432-96-004?wid=2048&hei=2867&fit=crop","Default","Size","L","SLIM-FIT-T-SHIRT-180GSM-2-L",100,TRUE,FALSE,1290
"slim-fit-t-shirt-180gsm-2","Slim fit T-shirt 180gsm","Premium quality T-shirt from Mango.","published","https://media.mango.com/is/image/punto/37011432-96-002?wid=2048&hei=2867&fit=crop","https://media.mango.com/is/image/punto/37011432-96-001?wid=2048&hei=2867&fit=crop","https://media.mango.com/is/image/punto/37011432-96-003?wid=2048&hei=2867&fit=crop","https://media.mango.com/is/image/punto/37011432-96-004?wid=2048&hei=2867&fit=crop","Default","Size","XL","SLIM-FIT-T-SHIRT-180GSM-2-XL",100,TRUE,FALSE,1290
"slim-fit-t-shirt-180gsm-2","Slim fit T-shirt 180gsm","Premium quality T-shirt from Mango.","published","https://media.mango.com/is/image/punto/37011432-96-002?wid=2048&hei=2867&fit=crop","https://media.mango.com/is/image/punto/37011432-96-001?wid=2048&hei=2867&fit=crop","https://media.mango.com/is/image/punto/37011432-96-003?wid=2048&hei=2867&fit=crop","https://media.mango.com/is/image/punto/37011432-96-004?wid=2048&hei=2867&fit=crop","Default","Size","XXL","SLIM-FIT-T-SHIRT-180GSM-2-XXL",100,TRUE,FALSE,1290
"slim-fit-t-shirt-180gsm-3","Slim fit T-shirt 180gsm","Premium quality T-shirt from Mango.","published","https://media.mango.com/is/image/punto/37011432-07-002?wid=2048&hei=2867&fit=crop","https://media.mango.com/is/image/punto/37011432-07-001?wid=2048&hei=2867&fit=crop","https://media.mango.com/is/image/punto/37011432-07-003?wid=2048&hei=2867&fit=crop","https://media.mango.com/is/image/punto/37011432-07-004?wid=2048&hei=2867&fit=crop","Default","Size","XS","SLIM-FIT-T-SHIRT-180GSM-3-XS",100,TRUE,FALSE,1290
"slim-fit-t-shirt-180gsm-3","Slim fit T-shirt 180gsm","Premium quality T-shirt from Mango.","published","https://media.mango.com/is/image/punto/37011432-07-002?wid=2048&hei=2867&fit=crop","https://media.mango.com/is/image/punto/37011432-07-001?wid=2048&hei=2867&fit=crop","https://media.mango.com/is/image/punto/37011432-07-003?wid=2048&hei=2867&fit=crop","https://media.mango.com/is/image/punto/37011432-07-004?wid=2048&hei=2867&fit=crop","Default","Size","S","SLIM-FIT-T-SHIRT-180GSM-3-S",100,TRUE,FALSE,1290
"slim-fit-t-shirt-180gsm-3","Slim fit T-shirt 180gsm","Premium quality T-shirt from Mango.","published","https://media.mango.com/is/image/punto/37011432-07-002?wid=2048&hei=2867&fit=crop","https://media.mango.com/is/image/punto/37011432-07-001?wid=2048&hei=2867&fit=crop","https://media.mango.com/is/image/punto/37011432-07-003?wid=2048&hei=2867&fit=crop","https://media.mango.com/is/image/punto/37011432-07-004?wid=2048&hei=2867&fit=crop","Default","Size","M","SLIM-FIT-T-SHIRT-180GSM-3-M",100,TRUE,FALSE,1290
"slim-fit-t-shirt-180gsm-3","Slim fit T-shirt 180gsm","Premium quality T-shirt from Mango.","published","https://media.mango.com/is/image/punto/37011432-07-002?wid=2048&hei=2867&fit=crop","https://media.mango.com/is/image/punto/37011432-07-001?wid=2048&hei=2867&fit=crop","https://media.mango.com/is/image/punto/37011432-07-003?wid=2048&hei=2867&fit=crop","https://media.mango.com/is/image/punto/37011432-07-004?wid=2048&hei=2867&fit=crop","Default","Size","L","SLIM-FIT-T-SHIRT-180GSM-3-L",100,TRUE,FALSE,1290
"slim-fit-t-shirt-180gsm-3","Slim fit T-shirt 180gsm","Premium quality T-shirt from Mango.","published","https://media.mango.com/is/image/punto/37011432-07-002?wid=2048&hei=2867&fit=crop","https://media.mango.com/is/image/punto/37011432-07-001?wid=2048&hei=2867&fit=crop","https://media.mango.com/is/image/punto/37011432-07-003?wid=2048&hei=2867&fit=crop","https://media.mango.com/is/image/punto/37011432-07-004?wid=2048&hei=2867&fit=crop","Default","Size","XL","SLIM-FIT-T-SHIRT-180GSM-3-XL",100,TRUE,FALSE,1290
"slim-fit-t-shirt-180gsm-3","Slim fit T-shirt 180gsm","Premium quality T-shirt from Mango.","published","https://media.mango.com/is/image/punto/37011432-07-002?wid=2048&hei=2867&fit=crop","https://media.mango.com/is/image/punto/37011432-07-001?wid=2048&hei=2867&fit=crop","https://media.mango.com/is/image/punto/37011432-07-003?wid=2048&hei=2867&fit=crop","https://media.mango.com/is/image/punto/37011432-07-004?wid=2048&hei=2867&fit=crop","Default","Size","XXL","SLIM-FIT-T-SHIRT-180GSM-3-XXL",100,TRUE,FALSE,1290
"fine-knit-cotton-blend-t-shirt-4","Fine knit cotton blend T-shirt","Premium quality T-shirt from Mango.","published","https://media.mango.com/is/image/punto/37061436-56-002?wid=2048&hei=2867&fit=crop","https://media.mango.com/is/image/punto/37061436-56-001?wid=2048&hei=2867&fit=crop","https://media.mango.com/is/image/punto/37061436-56-003?wid=2048&hei=2867&fit=crop","https://media.mango.com/is/image/punto/37061436-56-004?wid=2048&hei=2867&fit=crop","Default","Size","S","FINE-KNIT-COTTON-BLEND-T-SHIRT-4-S",100,TRUE,FALSE,2890
"fine-knit-cotton-blend-t-shirt-4","Fine knit cotton blend T-shirt","Premium quality T-shirt from Mango.","published","https://media.mango.com/is/image/punto/37061436-56-002?wid=2048&hei=2867&fit=crop","https://media.mango.com/is/image/punto/37061436-56-001?wid=2048&hei=2867&fit=crop","https://media.mango.com/is/image/punto/37061436-56-003?wid=2048&hei=2867&fit=crop","https://media.mango.com/is/image/punto/37061436-56-004?wid=2048&hei=2867&fit=crop","Default","Size","M","FINE-KNIT-COTTON-BLEND-T-SHIRT-4-M",100,TRUE,FALSE,2890
"fine-knit-cotton-blend-t-shirt-4","Fine knit cotton blend T-shirt","Premium quality T-shirt from Mango.","published","https://media.mango.com/is/image/punto/37061436-56-002?wid=2048&hei=2867&fit=crop","https://media.mango.com/is/image/punto/37061436-56-001?wid=2048&hei=2867&fit=crop","https://media.mango.com/is/image/punto/37061436-56-003?wid=2048&hei=2867&fit=crop","https://media.mango.com/is/image/punto/37061436-56-004?wid=2048&hei=2867&fit=crop","Default","Size","L","FINE-KNIT-COTTON-BLEND-T-SHIRT-4-L",100,TRUE,FALSE,2890
"fine-knit-cotton-blend-t-shirt-4","Fine knit cotton blend T-shirt","Premium quality T-shirt from Mango.","published","https://media.mango.com/is/image/punto/37061436-56-002?wid=2048&hei=2867&fit=crop","https://media.mango.com/is/image/punto/37061436-56-001?wid=2048&hei=2867&fit=crop","https://media.mango.com/is/image/punto/37061436-56-003?wid=2048&hei=2867&fit=crop","https://media.mango.com/is/image/punto/37061436-56-004?wid=2048&hei=2867&fit=crop","Default","Size","XL","FINE-KNIT-COTTON-BLEND-T-SHIRT-4-XL",100,TRUE,FALSE,2890
"fine-knit-cotton-blend-t-shirt-4","Fine knit cotton blend T-shirt","Premium quality T-shirt from Mango.","published","https://media.mango.com/is/image/punto/37061436-56-002?wid=2048&hei=2867&fit=crop","https://media.mango.com/is/image/punto/37061436-56-001?wid=2048&hei=2867&fit=crop","https://media.mango.com/is/image/punto/37061436-56-003?wid=2048&hei=2867&fit=crop","https://media.mango.com/is/image/punto/37061436-56-004?wid=2048&hei=2867&fit=crop","Default","Size","XXL","FINE-KNIT-COTTON-BLEND-T-SHIRT-4-XXL",100,TRUE,FALSE,2890
"100-cotton-printed-t-shirt-5","100% cotton printed t-shirt","Premium quality T-shirt from Mango.","published","https://media.mango.com/is/image/punto/37034471-01-900?wid=2048&hei=2867&fit=crop","https://media.mango.com/is/image/punto/37034471-01-023?wid=2048&hei=2867&fit=crop","https://media.mango.com/is/image/punto/37034471-01-030?wid=2048&hei=2867&fit=crop","","Default","Size","S","100-COTTON-PRINTED-T-SHIRT-5-S",100,TRUE,FALSE,3899
"100-cotton-printed-t-shirt-5","100% cotton printed t-shirt","Premium quality T-shirt from Mango.","published","https://media.mango.com/is/image/punto/37034471-01-900?wid=2048&hei=2867&fit=crop","https://media.mango.com/is/image/punto/37034471-01-023?wid=2048&hei=2867&fit=crop","https://media.mango.com/is/image/punto/37034471-01-030?wid=2048&hei=2867&fit=crop","","Default","Size","M","100-COTTON-PRINTED-T-SHIRT-5-M",100,TRUE,FALSE,3899
"100-cotton-printed-t-shirt-5","100% cotton printed t-shirt","Premium quality T-shirt from Mango.","published","https://media.mango.com/is/image/punto/37034471-01-900?wid=2048&hei=2867&fit=crop","https://media.mango.com/is/image/punto/37034471-01-023?wid=2048&hei=2867&fit=crop","https://media.mango.com/is/image/punto/37034471-01-030?wid=2048&hei=2867&fit=crop","","Default","Size","L","100-COTTON-PRINTED-T-SHIRT-5-L",100,TRUE,FALSE,3899
"100-cotton-printed-t-shirt-5","100% cotton printed t-shirt","Premium quality T-shirt from Mango.","published","https://media.mango.com/is/image/punto/37034471-01-900?wid=2048&hei=2867&fit=crop","https://media.mango.com/is/image/punto/37034471-01-023?wid=2048&hei=2867&fit=crop","https://media.mango.com/is/image/punto/37034471-01-030?wid=2048&hei=2867&fit=crop","","Default","Size","XL","100-COTTON-PRINTED-T-SHIRT-5-XL",100,TRUE,FALSE,3899
"100-cotton-printed-t-shirt-5","100% cotton printed t-shirt","Premium quality T-shirt from Mango.","published","https://media.mango.com/is/image/punto/37034471-01-900?wid=2048&hei=2867&fit=crop","https://media.mango.com/is/image/punto/37034471-01-023?wid=2048&hei=2867&fit=crop","https://media.mango.com/is/image/punto/37034471-01-030?wid=2048&hei=2867&fit=crop","","Default","Size","XXL","100-COTTON-PRINTED-T-SHIRT-5-XXL",100,TRUE,FALSE,3899
"cotton-blend-striped-knit-polo-6","Cotton blend striped knit polo","Premium quality T-shirt from Mango.","published","https://media.mango.com/is/image/punto/37044425-08-002?wid=2048&hei=2867&fit=crop","https://media.mango.com/is/image/punto/37044425-08-001?wid=2048&hei=2867&fit=crop","https://media.mango.com/is/image/punto/37044425-08-003?wid=2048&hei=2867&fit=crop","https://media.mango.com/is/image/punto/37044425-08-004?wid=2048&hei=2867&fit=crop","Default","Size","S","COTTON-BLEND-STRIPED-KNIT-POLO-6-S",100,TRUE,FALSE,4299
"cotton-blend-striped-knit-polo-6","Cotton blend striped knit polo","Premium quality T-shirt from Mango.","published","https://media.mango.com/is/image/punto/37044425-08-002?wid=2048&hei=2867&fit=crop","https://media.mango.com/is/image/punto/37044425-08-001?wid=2048&hei=2867&fit=crop","https://media.mango.com/is/image/punto/37044425-08-003?wid=2048&hei=2867&fit=crop","https://media.mango.com/is/image/punto/37044425-08-004?wid=2048&hei=2867&fit=crop","Default","Size","M","COTTON-BLEND-STRIPED-KNIT-POLO-6-M",100,TRUE,FALSE,4299
"cotton-blend-striped-knit-polo-6","Cotton blend striped knit polo","Premium quality T-shirt from Mango.","published","https://media.mango.com/is/image/punto/37044425-08-002?wid=2048&hei=2867&fit=crop","https://media.mango.com/is/image/punto/37044425-08-001?wid=2048&hei=2867&fit=crop","https://media.mango.com/is/image/punto/37044425-08-003?wid=2048&hei=2867&fit=crop","https://media.mango.com/is/image/punto/37044425-08-004?wid=2048&hei=2867&fit=crop","Default","Size","L","COTTON-BLEND-STRIPED-KNIT-POLO-6-L",100,TRUE,FALSE,4299
"cotton-blend-striped-knit-polo-6","Cotton blend striped knit polo","Premium quality T-shirt from Mango.","published","https://media.mango.com/is/image/punto/37044425-08-002?wid=2048&hei=2867&fit=crop","https://media.mango.com/is/image/punto/37044425-08-001?wid=2048&hei=2867&fit=crop","https://media.mango.com/is/image/punto/37044425-08-003?wid=2048&hei=2867&fit=crop","https://media.mango.com/is/image/punto/37044425-08-004?wid=2048&hei=2867&fit=crop","Default","Size","XL","COTTON-BLEND-STRIPED-KNIT-POLO-6-XL",100,TRUE,FALSE,4299
"cotton-blend-striped-knit-polo-6","Cotton blend striped knit polo","Premium quality T-shirt from Mango.","published","https://media.mango.com/is/image/punto/37044425-08-002?wid=2048&hei=2867&fit=crop","https://media.mango.com/is/image/punto/37044425-08-001?wid=2048&hei=2867&fit=crop","https://media.mango.com/is/image/punto/37044425-08-003?wid=2048&hei=2867&fit=crop","https://media.mango.com/is/image/punto/37044425-08-004?wid=2048&hei=2867&fit=crop","Default","Size","XXL","COTTON-BLEND-STRIPED-KNIT-POLO-6-XXL",100,TRUE,FALSE,4299
"100-cotton-printed-t-shirt-7","100% cotton printed t-shirt","Premium quality T-shirt from Mango.","published","https://media.mango.com/is/image/punto/37054468-01-002?wid=2048&hei=2867&fit=crop","https://media.mango.com/is/image/punto/37054468-01-001?wid=2048&hei=2867&fit=crop","https://media.mango.com/is/image/punto/37054468-01-003?wid=2048&hei=2867&fit=crop","https://media.mango.com/is/image/punto/37054468-01-004?wid=2048&hei=2867&fit=crop","Default","Size","S","100-COTTON-PRINTED-T-SHIRT-7-S",100,TRUE,FALSE,3299
"100-cotton-printed-t-shirt-7","100% cotton printed t-shirt","Premium quality T-shirt from Mango.","published","https://media.mango.com/is/image/punto/37054468-01-002?wid=2048&hei=2867&fit=crop","https://media.mango.com/is/image/punto/37054468-01-001?wid=2048&hei=2867&fit=crop","https://media.mango.com/is/image/punto/37054468-01-003?wid=2048&hei=2867&fit=crop","https://media.mango.com/is/image/punto/37054468-01-004?wid=2048&hei=2867&fit=crop","Default","Size","M","100-COTTON-PRINTED-T-SHIRT-7-M",100,TRUE,FALSE,3299
"100-cotton-printed-t-shirt-7","100% cotton printed t-shirt","Premium quality T-shirt from Mango.","published","https://media.mango.com/is/image/punto/37054468-01-002?wid=2048&hei=2867&fit=crop","https://media.mango.com/is/image/punto/37054468-01-001?wid=2048&hei=2867&fit=crop","https://media.mango.com/is/image/punto/37054468-01-003?wid=2048&hei=2867&fit=crop","https://media.mango.com/is/image/punto/37054468-01-004?wid=2048&hei=2867&fit=crop","Default","Size","L","100-COTTON-PRINTED-T-SHIRT-7-L",100,TRUE,FALSE,3299
"100-cotton-printed-t-shirt-7","100% cotton printed t-shirt","Premium quality T-shirt from Mango.","published","https://media.mango.com/is/image/punto/37054468-01-002?wid=2048&hei=2867&fit=crop","https://media.mango.com/is/image/punto/37054468-01-001?wid=2048&hei=2867&fit=crop","https://media.mango.com/is/image/punto/37054468-01-003?wid=2048&hei=2867&fit=crop","https://media.mango.com/is/image/punto/37054468-01-004?wid=2048&hei=2867&fit=crop","Default","Size","XL","100-COTTON-PRINTED-T-SHIRT-7-XL",100,TRUE,FALSE,3299
"100-cotton-printed-t-shirt-7","100% cotton printed t-shirt","Premium quality T-shirt from Mango.","published","https://media.mango.com/is/image/punto/37054468-01-002?wid=2048&hei=2867&fit=crop","https://media.mango.com/is/image/punto/37054468-01-001?wid=2048&hei=2867&fit=crop","https://media.mango.com/is/image/punto/37054468-01-003?wid=2048&hei=2867&fit=crop","https://media.mango.com/is/image/punto/37054468-01-004?wid=2048&hei=2867&fit=crop","Default","Size","XXL","100-COTTON-PRINTED-T-SHIRT-7-XXL",100,TRUE,FALSE,3299
"striped-cotton-blend-jersey-t-shirt-8","Striped cotton blend jersey T-shirt","Premium quality T-shirt from Mango.","published","https://media.mango.com/is/image/punto/37044423-03-002?wid=2048&hei=2867&fit=crop","https://media.mango.com/is/image/punto/37044423-03-001?wid=2048&hei=2867&fit=crop","https://media.mango.com/is/image/punto/37044423-03-003?wid=2048&hei=2867&fit=crop","https://media.mango.com/is/image/punto/37044423-03-004?wid=2048&hei=2867&fit=crop","Default","Size","S","STRIPED-COTTON-BLEND-JERSEY-T-SHIRT-8-S",100,TRUE,FALSE,3699
"striped-cotton-blend-jersey-t-shirt-8","Striped cotton blend jersey T-shirt","Premium quality T-shirt from Mango.","published","https://media.mango.com/is/image/punto/37044423-03-002?wid=2048&hei=2867&fit=crop","https://media.mango.com/is/image/punto/37044423-03-001?wid=2048&hei=2867&fit=crop","https://media.mango.com/is/image/punto/37044423-03-003?wid=2048&hei=2867&fit=crop","https://media.mango.com/is/image/punto/37044423-03-004?wid=2048&hei=2867&fit=crop","Default","Size","M","STRIPED-COTTON-BLEND-JERSEY-T-SHIRT-8-M",100,TRUE,FALSE,3699
"striped-cotton-blend-jersey-t-shirt-8","Striped cotton blend jersey T-shirt","Premium quality T-shirt from Mango.","published","https://media.mango.com/is/image/punto/37044423-03-002?wid=2048&hei=2867&fit=crop","https://media.mango.com/is/image/punto/37044423-03-001?wid=2048&hei=2867&fit=crop","https://media.mango.com/is/image/punto/37044423-03-003?wid=2048&hei=2867&fit=crop","https://media.mango.com/is/image/punto/37044423-03-004?wid=2048&hei=2867&fit=crop","Default","Size","L","STRIPED-COTTON-BLEND-JERSEY-T-SHIRT-8-L",100,TRUE,FALSE,3699
"striped-cotton-blend-jersey-t-shirt-8","Striped cotton blend jersey T-shirt","Premium quality T-shirt from Mango.","published","https://media.mango.com/is/image/punto/37044423-03-002?wid=2048&hei=2867&fit=crop","https://media.mango.com/is/image/punto/37044423-03-001?wid=2048&hei=2867&fit=crop","https://media.mango.com/is/image/punto/37044423-03-003?wid=2048&hei=2867&fit=crop","https://media.mango.com/is/image/punto/37044423-03-004?wid=2048&hei=2867&fit=crop","Default","Size","XL","STRIPED-COTTON-BLEND-JERSEY-T-SHIRT-8-XL",100,TRUE,FALSE,3699
"striped-cotton-blend-jersey-t-shirt-8","Striped cotton blend jersey T-shirt","Premium quality T-shirt from Mango.","published","https://media.mango.com/is/image/punto/37044423-03-002?wid=2048&hei=2867&fit=crop","https://media.mango.com/is/image/punto/37044423-03-001?wid=2048&hei=2867&fit=crop","https://media.mango.com/is/image/punto/37044423-03-003?wid=2048&hei=2867&fit=crop","https://media.mango.com/is/image/punto/37044423-03-004?wid=2048&hei=2867&fit=crop","Default","Size","XXL","STRIPED-COTTON-BLEND-JERSEY-T-SHIRT-8-XXL",100,TRUE,FALSE,3699
"ribbed-cotton-linen-blend-t-shirt-9","Ribbed cotton-linen blend T-shirt","Premium quality T-shirt from Mango.","published","https://media.mango.com/is/image/punto/37051437-56-002?wid=2048&hei=2867&fit=crop","https://media.mango.com/is/image/punto/37051437-56-001?wid=2048&hei=2867&fit=crop","https://media.mango.com/is/image/punto/37051437-56-003?wid=2048&hei=2867&fit=crop","https://media.mango.com/is/image/punto/37051437-56-004?wid=2048&hei=2867&fit=crop","Default","Size","S","RIBBED-COTTON-LINEN-BLEND-T-SHIRT-9-S",100,TRUE,FALSE,3899
"ribbed-cotton-linen-blend-t-shirt-9","Ribbed cotton-linen blend T-shirt","Premium quality T-shirt from Mango.","published","https://media.mango.com/is/image/punto/37051437-56-002?wid=2048&hei=2867&fit=crop","https://media.mango.com/is/image/punto/37051437-56-001?wid=2048&hei=2867&fit=crop","https://media.mango.com/is/image/punto/37051437-56-003?wid=2048&hei=2867&fit=crop","https://media.mango.com/is/image/punto/37051437-56-004?wid=2048&hei=2867&fit=crop","Default","Size","M","RIBBED-COTTON-LINEN-BLEND-T-SHIRT-9-M",100,TRUE,FALSE,3899
"ribbed-cotton-linen-blend-t-shirt-9","Ribbed cotton-linen blend T-shirt","Premium quality T-shirt from Mango.","published","https://media.mango.com/is/image/punto/37051437-56-002?wid=2048&hei=2867&fit=crop","https://media.mango.com/is/image/punto/37051437-56-001?wid=2048&hei=2867&fit=crop","https://media.mango.com/is/image/punto/37051437-56-003?wid=2048&hei=2867&fit=crop","https://media.mango.com/is/image/punto/37051437-56-004?wid=2048&hei=2867&fit=crop","Default","Size","L","RIBBED-COTTON-LINEN-BLEND-T-SHIRT-9-L",100,TRUE,FALSE,3899
"ribbed-cotton-linen-blend-t-shirt-9","Ribbed cotton-linen blend T-shirt","Premium quality T-shirt from Mango.","published","https://media.mango.com/is/image/punto/37051437-56-002?wid=2048&hei=2867&fit=crop","https://media.mango.com/is/image/punto/37051437-56-001?wid=2048&hei=2867&fit=crop","https://media.mango.com/is/image/punto/37051437-56-003?wid=2048&hei=2867&fit=crop","https://media.mango.com/is/image/punto/37051437-56-004?wid=2048&hei=2867&fit=crop","Default","Size","XL","RIBBED-COTTON-LINEN-BLEND-T-SHIRT-9-XL",100,TRUE,FALSE,3899
"ribbed-cotton-linen-blend-t-shirt-9","Ribbed cotton-linen blend T-shirt","Premium quality T-shirt from Mango.","published","https://media.mango.com/is/image/punto/37051437-56-002?wid=2048&hei=2867&fit=crop","https://media.mango.com/is/image/punto/37051437-56-001?wid=2048&hei=2867&fit=crop","https://media.mango.com/is/image/punto/37051437-56-003?wid=2048&hei=2867&fit=crop","https://media.mango.com/is/image/punto/37051437-56-004?wid=2048&hei=2867&fit=crop","Default","Size","XXL","RIBBED-COTTON-LINEN-BLEND-T-SHIRT-9-XXL",100,TRUE,FALSE,3899
"slim-fit-t-shirt-180gsm-10","Slim fit T-shirt 180gsm","Premium quality T-shirt from Mango.","published","https://media.mango.com/is/image/punto/37011432-96-002?wid=2048&hei=2867&fit=crop","https://media.mango.com/is/image/punto/37011432-96-001?wid=2048&hei=2867&fit=crop","https://media.mango.com/is/image/punto/37011432-96-003?wid=2048&hei=2867&fit=crop","https://media.mango.com/is/image/punto/37011432-96-004?wid=2048&hei=2867&fit=crop","Default","Size","XS","SLIM-FIT-T-SHIRT-180GSM-10-XS",100,TRUE,FALSE,1290
"slim-fit-t-shirt-180gsm-10","Slim fit T-shirt 180gsm","Premium quality T-shirt from Mango.","published","https://media.mango.com/is/image/punto/37011432-96-002?wid=2048&hei=2867&fit=crop","https://media.mango.com/is/image/punto/37011432-96-001?wid=2048&hei=2867&fit=crop","https://media.mango.com/is/image/punto/37011432-96-003?wid=2048&hei=2867&fit=crop","https://media.mango.com/is/image/punto/37011432-96-004?wid=2048&hei=2867&fit=crop","Default","Size","S","SLIM-FIT-T-SHIRT-180GSM-10-S",100,TRUE,FALSE,1290
"slim-fit-t-shirt-180gsm-10","Slim fit T-shirt 180gsm","Premium quality T-shirt from Mango.","published","https://media.mango.com/is/image/punto/37011432-96-002?wid=2048&hei=2867&fit=crop","https://media.mango.com/is/image/punto/37011432-96-001?wid=2048&hei=2867&fit=crop","https://media.mango.com/is/image/punto/37011432-96-003?wid=2048&hei=2867&fit=crop","https://media.mango.com/is/image/punto/37011432-96-004?wid=2048&hei=2867&fit=crop","Default","Size","M","SLIM-FIT-T-SHIRT-180GSM-10-M",100,TRUE,FALSE,1290
"slim-fit-t-shirt-180gsm-10","Slim fit T-shirt 180gsm","Premium quality T-shirt from Mango.","published","https://media.mango.com/is/image/punto/37011432-96-002?wid=2048&hei=2867&fit=crop","https://media.mango.com/is/image/punto/37011432-96-001?wid=2048&hei=2867&fit=crop","https://media.mango.com/is/image/punto/37011432-96-003?wid=2048&hei=2867&fit=crop","https://media.mango.com/is/image/punto/37011432-96-004?wid=2048&hei=2867&fit=crop","Default","Size","L","SLIM-FIT-T-SHIRT-180GSM-10-L",100,TRUE,FALSE,1290
"slim-fit-t-shirt-180gsm-10","Slim fit T-shirt 180gsm","Premium quality T-shirt from Mango.","published","https://media.mango.com/is/image/punto/37011432-96-002?wid=2048&hei=2867&fit=crop","https://media.mango.com/is/image/punto/37011432-96-001?wid=2048&hei=2867&fit=crop","https://media.mango.com/is/image/punto/37011432-96-003?wid=2048&hei=2867&fit=crop","https://media.mango.com/is/image/punto/37011432-96-004?wid=2048&hei=2867&fit=crop","Default","Size","XL","SLIM-FIT-T-SHIRT-180GSM-10-XL",100,TRUE,FALSE,1290
"slim-fit-t-shirt-180gsm-10","Slim fit T-shirt 180gsm","Premium quality T-shirt from Mango.","published","https://media.mango.com/is/image/punto/37011432-96-002?wid=2048&hei=2867&fit=crop","https://media.mango.com/is/image/punto/37011432-96-001?wid=2048&hei=2867&fit=crop","https://media.mango.com/is/image/punto/37011432-96-003?wid=2048&hei=2867&fit=crop","https://media.mango.com/is/image/punto/37011432-96-004?wid=2048&hei=2867&fit=crop","Default","Size","XXL","SLIM-FIT-T-SHIRT-180GSM-10-XXL",100,TRUE,FALSE,1290
"slim-fit-t-shirt-180gsm-11","Slim fit T-shirt 180gsm","Premium quality T-shirt from Mango.","published","https://media.mango.com/is/image/punto/37011432-07-002?wid=2048&hei=2867&fit=crop","https://media.mango.com/is/image/punto/37011432-07-001?wid=2048&hei=2867&fit=crop","https://media.mango.com/is/image/punto/37011432-07-003?wid=2048&hei=2867&fit=crop","https://media.mango.com/is/image/punto/37011432-07-004?wid=2048&hei=2867&fit=crop","Default","Size","XS","SLIM-FIT-T-SHIRT-180GSM-11-XS",100,TRUE,FALSE,1290
"slim-fit-t-shirt-180gsm-11","Slim fit T-shirt 180gsm","Premium quality T-shirt from Mango.","published","https://media.mango.com/is/image/punto/37011432-07-002?wid=2048&hei=2867&fit=crop","https://media.mango.com/is/image/punto/37011432-07-001?wid=2048&hei=2867&fit=crop","https://media.mango.com/is/image/punto/37011432-07-003?wid=2048&hei=2867&fit=crop","https://media.mango.com/is/image/punto/37011432-07-004?wid=2048&hei=2867&fit=crop","Default","Size","S","SLIM-FIT-T-SHIRT-180GSM-11-S",100,TRUE,FALSE,1290
"slim-fit-t-shirt-180gsm-11","Slim fit T-shirt 180gsm","Premium quality T-shirt from Mango.","published","https://media.mango.com/is/image/punto/37011432-07-002?wid=2048&hei=2867&fit=crop","https://media.mango.com/is/image/punto/37011432-07-001?wid=2048&hei=2867&fit=crop","https://media.mango.com/is/image/punto/37011432-07-003?wid=2048&hei=2867&fit=crop","https://media.mango.com/is/image/punto/37011432-07-004?wid=2048&hei=2867&fit=crop","Default","Size","M","SLIM-FIT-T-SHIRT-180GSM-11-M",100,TRUE,FALSE,1290
"slim-fit-t-shirt-180gsm-11","Slim fit T-shirt 180gsm","Premium quality T-shirt from Mango.","published","https://media.mango.com/is/image/punto/37011432-07-002?wid=2048&hei=2867&fit=crop","https://media.mango.com/is/image/punto/37011432-07-001?wid=2048&hei=2867&fit=crop","https://media.mango.com/is/image/punto/37011432-07-003?wid=2048&hei=2867&fit=crop","https://media.mango.com/is/image/punto/37011432-07-004?wid=2048&hei=2867&fit=crop","Default","Size","L","SLIM-FIT-T-SHIRT-180GSM-11-L",100,TRUE,FALSE,1290
"slim-fit-t-shirt-180gsm-11","Slim fit T-shirt 180gsm","Premium quality T-shirt from Mango.","published","https://media.mango.com/is/image/punto/37011432-07-002?wid=2048&hei=2867&fit=crop","https://media.mango.com/is/image/punto/37011432-07-001?wid=2048&hei=2867&fit=crop","https://media.mango.com/is/image/punto/37011432-07-003?wid=2048&hei=2867&fit=crop","https://media.mango.com/is/image/punto/37011432-07-004?wid=2048&hei=2867&fit=crop","Default","Size","XL","SLIM-FIT-T-SHIRT-180GSM-11-XL",100,TRUE,FALSE,1290
"slim-fit-t-shirt-180gsm-11","Slim fit T-shirt 180gsm","Premium quality T-shirt from Mango.","published","https://media.mango.com/is/image/punto/37011432-07-002?wid=2048&hei=2867&fit=crop","https://media.mango.com/is/image/punto/37011432-07-001?wid=2048&hei=2867&fit=crop","https://media.mango.com/is/image/punto/37011432-07-003?wid=2048&hei=2867&fit=crop","https://media.mango.com/is/image/punto/37011432-07-004?wid=2048&hei=2867&fit=crop","Default","Size","XXL","SLIM-FIT-T-SHIRT-180GSM-11-XXL",100,TRUE,FALSE,1290
"fine-knit-cotton-blend-t-shirt-12","Fine knit cotton blend T-shirt","Premium quality T-shirt from Mango.","published","https://media.mango.com/is/image/punto/37061436-56-002?wid=2048&hei=2867&fit=crop","https://media.mango.com/is/image/punto/37061436-56-001?wid=2048&hei=2867&fit=crop","https://media.mango.com/is/image/punto/37061436-56-003?wid=2048&hei=2867&fit=crop","https://media.mango.com/is/image/punto/37061436-56-004?wid=2048&hei=2867&fit=crop","Default","Size","S","FINE-KNIT-COTTON-BLEND-T-SHIRT-12-S",100,TRUE,FALSE,2890
"fine-knit-cotton-blend-t-shirt-12","Fine knit cotton blend T-shirt","Premium quality T-shirt from Mango.","published","https://media.mango.com/is/image/punto/37061436-56-002?wid=2048&hei=2867&fit=crop","https://media.mango.com/is/image/punto/37061436-56-001?wid=2048&hei=2867&fit=crop","https://media.mango.com/is/image/punto/37061436-56-003?wid=2048&hei=2867&fit=crop","https://media.mango.com/is/image/punto/37061436-56-004?wid=2048&hei=2867&fit=crop","Default","Size","M","FINE-KNIT-COTTON-BLEND-T-SHIRT-12-M",100,TRUE,FALSE,2890
"fine-knit-cotton-blend-t-shirt-12","Fine knit cotton blend T-shirt","Premium quality T-shirt from Mango.","published","https://media.mango.com/is/image/punto/37061436-56-002?wid=2048&hei=2867&fit=crop","https://media.mango.com/is/image/punto/37061436-56-001?wid=2048&hei=2867&fit=crop","https://media.mango.com/is/image/punto/37061436-56-003?wid=2048&hei=2867&fit=crop","https://media.mango.com/is/image/punto/37061436-56-004?wid=2048&hei=2867&fit=crop","Default","Size","L","FINE-KNIT-COTTON-BLEND-T-SHIRT-12-L",100,TRUE,FALSE,2890
"fine-knit-cotton-blend-t-shirt-12","Fine knit cotton blend T-shirt","Premium quality T-shirt from Mango.","published","https://media.mango.com/is/image/punto/37061436-56-002?wid=2048&hei=2867&fit=crop","https://media.mango.com/is/image/punto/37061436-56-001?wid=2048&hei=2867&fit=crop","https://media.mango.com/is/image/punto/37061436-56-003?wid=2048&hei=2867&fit=crop","https://media.mango.com/is/image/punto/37061436-56-004?wid=2048&hei=2867&fit=crop","Default","Size","XL","FINE-KNIT-COTTON-BLEND-T-SHIRT-12-XL",100,TRUE,FALSE,2890
"fine-knit-cotton-blend-t-shirt-12","Fine knit cotton blend T-shirt","Premium quality T-shirt from Mango.","published","https://media.mango.com/is/image/punto/37061436-56-002?wid=2048&hei=2867&fit=crop","https://media.mango.com/is/image/punto/37061436-56-001?wid=2048&hei=2867&fit=crop","https://media.mango.com/is/image/punto/37061436-56-003?wid=2048&hei=2867&fit=crop","https://media.mango.com/is/image/punto/37061436-56-004?wid=2048&hei=2867&fit=crop","Default","Size","XXL","FINE-KNIT-COTTON-BLEND-T-SHIRT-12-XXL",100,TRUE,FALSE,2890
"100-cotton-printed-t-shirt-13","100% cotton printed t-shirt","Premium quality T-shirt from Mango.","published","https://media.mango.com/is/image/punto/37034471-01-900?wid=2048&hei=2867&fit=crop","https://media.mango.com/is/image/punto/37034471-01-023?wid=2048&hei=2867&fit=crop","https://media.mango.com/is/image/punto/37034471-01-030?wid=2048&hei=2867&fit=crop","","Default","Size","S","100-COTTON-PRINTED-T-SHIRT-13-S",100,TRUE,FALSE,3899
"100-cotton-printed-t-shirt-13","100% cotton printed t-shirt","Premium quality T-shirt from Mango.","published","https://media.mango.com/is/image/punto/37034471-01-900?wid=2048&hei=2867&fit=crop","https://media.mango.com/is/image/punto/37034471-01-023?wid=2048&hei=2867&fit=crop","https://media.mango.com/is/image/punto/37034471-01-030?wid=2048&hei=2867&fit=crop","","Default","Size","M","100-COTTON-PRINTED-T-SHIRT-13-M",100,TRUE,FALSE,3899
"100-cotton-printed-t-shirt-13","100% cotton printed t-shirt","Premium quality T-shirt from Mango.","published","https://media.mango.com/is/image/punto/37034471-01-900?wid=2048&hei=2867&fit=crop","https://media.mango.com/is/image/punto/37034471-01-023?wid=2048&hei=2867&fit=crop","https://media.mango.com/is/image/punto/37034471-01-030?wid=2048&hei=2867&fit=crop","","Default","Size","L","100-COTTON-PRINTED-T-SHIRT-13-L",100,TRUE,FALSE,3899
"100-cotton-printed-t-shirt-13","100% cotton printed t-shirt","Premium quality T-shirt from Mango.","published","https://media.mango.com/is/image/punto/37034471-01-900?wid=2048&hei=2867&fit=crop","https://media.mango.com/is/image/punto/37034471-01-023?wid=2048&hei=2867&fit=crop","https://media.mango.com/is/image/punto/37034471-01-030?wid=2048&hei=2867&fit=crop","","Default","Size","XL","100-COTTON-PRINTED-T-SHIRT-13-XL",100,TRUE,FALSE,3899
"100-cotton-printed-t-shirt-13","100% cotton printed t-shirt","Premium quality T-shirt from Mango.","published","https://media.mango.com/is/image/punto/37034471-01-900?wid=2048&hei=2867&fit=crop","https://media.mango.com/is/image/punto/37034471-01-023?wid=2048&hei=2867&fit=crop","https://media.mango.com/is/image/punto/37034471-01-030?wid=2048&hei=2867&fit=crop","","Default","Size","XXL","100-COTTON-PRINTED-T-SHIRT-13-XXL",100,TRUE,FALSE,3899
"cotton-blend-striped-knit-polo-14","Cotton blend striped knit polo","Premium quality T-shirt from Mango.","published","https://media.mango.com/is/image/punto/37044425-08-002?wid=2048&hei=2867&fit=crop","https://media.mango.com/is/image/punto/37044425-08-001?wid=2048&hei=2867&fit=crop","https://media.mango.com/is/image/punto/37044425-08-003?wid=2048&hei=2867&fit=crop","https://media.mango.com/is/image/punto/37044425-08-004?wid=2048&hei=2867&fit=crop","Default","Size","S","COTTON-BLEND-STRIPED-KNIT-POLO-14-S",100,TRUE,FALSE,4299
"cotton-blend-striped-knit-polo-14","Cotton blend striped knit polo","Premium quality T-shirt from Mango.","published","https://media.mango.com/is/image/punto/37044425-08-002?wid=2048&hei=2867&fit=crop","https://media.mango.com/is/image/punto/37044425-08-001?wid=2048&hei=2867&fit=crop","https://media.mango.com/is/image/punto/37044425-08-003?wid=2048&hei=2867&fit=crop","https://media.mango.com/is/image/punto/37044425-08-004?wid=2048&hei=2867&fit=crop","Default","Size","M","COTTON-BLEND-STRIPED-KNIT-POLO-14-M",100,TRUE,FALSE,4299
"cotton-blend-striped-knit-polo-14","Cotton blend striped knit polo","Premium quality T-shirt from Mango.","published","https://media.mango.com/is/image/punto/37044425-08-002?wid=2048&hei=2867&fit=crop","https://media.mango.com/is/image/punto/37044425-08-001?wid=2048&hei=2867&fit=crop","https://media.mango.com/is/image/punto/37044425-08-003?wid=2048&hei=2867&fit=crop","https://media.mango.com/is/image/punto/37044425-08-004?wid=2048&hei=2867&fit=crop","Default","Size","L","COTTON-BLEND-STRIPED-KNIT-POLO-14-L",100,TRUE,FALSE,4299
"cotton-blend-striped-knit-polo-14","Cotton blend striped knit polo","Premium quality T-shirt from Mango.","published","https://media.mango.com/is/image/punto/37044425-08-002?wid=2048&hei=2867&fit=crop","https://media.mango.com/is/image/punto/37044425-08-001?wid=2048&hei=2867&fit=crop","https://media.mango.com/is/image/punto/37044425-08-003?wid=2048&hei=2867&fit=crop","https://media.mango.com/is/image/punto/37044425-08-004?wid=2048&hei=2867&fit=crop","Default","Size","XL","COTTON-BLEND-STRIPED-KNIT-POLO-14-XL",100,TRUE,FALSE,4299
"cotton-blend-striped-knit-polo-14","Cotton blend striped knit polo","Premium quality T-shirt from Mango.","published","https://media.mango.com/is/image/punto/37044425-08-002?wid=2048&hei=2867&fit=crop","https://media.mango.com/is/image/punto/37044425-08-001?wid=2048&hei=2867&fit=crop","https://media.mango.com/is/image/punto/37044425-08-003?wid=2048&hei=2867&fit=crop","https://media.mango.com/is/image/punto/37044425-08-004?wid=2048&hei=2867&fit=crop","Default","Size","XXL","COTTON-BLEND-STRIPED-KNIT-POLO-14-XXL",100,TRUE,FALSE,4299
"100-cotton-printed-t-shirt-15","100% cotton printed t-shirt","Premium quality T-shirt from Mango.","published","https://media.mango.com/is/image/punto/37054468-01-002?wid=2048&hei=2867&fit=crop","https://media.mango.com/is/image/punto/37054468-01-001?wid=2048&hei=2867&fit=crop","https://media.mango.com/is/image/punto/37054468-01-003?wid=2048&hei=2867&fit=crop","https://media.mango.com/is/image/punto/37054468-01-004?wid=2048&hei=2867&fit=crop","Default","Size","S","100-COTTON-PRINTED-T-SHIRT-15-S",100,TRUE,FALSE,3299
"100-cotton-printed-t-shirt-15","100% cotton printed t-shirt","Premium quality T-shirt from Mango.","published","https://media.mango.com/is/image/punto/37054468-01-002?wid=2048&hei=2867&fit=crop","https://media.mango.com/is/image/punto/37054468-01-001?wid=2048&hei=2867&fit=crop","https://media.mango.com/is/image/punto/37054468-01-003?wid=2048&hei=2867&fit=crop","https://media.mango.com/is/image/punto/37054468-01-004?wid=2048&hei=2867&fit=crop","Default","Size","M","100-COTTON-PRINTED-T-SHIRT-15-M",100,TRUE,FALSE,3299
"100-cotton-printed-t-shirt-15","100% cotton printed t-shirt","Premium quality T-shirt from Mango.","published","https://media.mango.com/is/image/punto/37054468-01-002?wid=2048&hei=2867&fit=crop","https://media.mango.com/is/image/punto/37054468-01-001?wid=2048&hei=2867&fit=crop","https://media.mango.com/is/image/punto/37054468-01-003?wid=2048&hei=2867&fit=crop","https://media.mango.com/is/image/punto/37054468-01-004?wid=2048&hei=2867&fit=crop","Default","Size","L","100-COTTON-PRINTED-T-SHIRT-15-L",100,TRUE,FALSE,3299
"100-cotton-printed-t-shirt-15","100% cotton printed t-shirt","Premium quality T-shirt from Mango.","published","https://media.mango.com/is/image/punto/37054468-01-002?wid=2048&hei=2867&fit=crop","https://media.mango.com/is/image/punto/37054468-01-001?wid=2048&hei=2867&fit=crop","https://media.mango.com/is/image/punto/37054468-01-003?wid=2048&hei=2867&fit=crop","https://media.mango.com/is/image/punto/37054468-01-004?wid=2048&hei=2867&fit=crop","Default","Size","XL","100-COTTON-PRINTED-T-SHIRT-15-XL",100,TRUE,FALSE,3299
"100-cotton-printed-t-shirt-15","100% cotton printed t-shirt","Premium quality T-shirt from Mango.","published","https://media.mango.com/is/image/punto/37054468-01-002?wid=2048&hei=2867&fit=crop","https://media.mango.com/is/image/punto/37054468-01-001?wid=2048&hei=2867&fit=crop","https://media.mango.com/is/image/punto/37054468-01-003?wid=2048&hei=2867&fit=crop","https://media.mango.com/is/image/punto/37054468-01-004?wid=2048&hei=2867&fit=crop","Default","Size","XXL","100-COTTON-PRINTED-T-SHIRT-15-XXL",100,TRUE,FALSE,3299
"striped-cotton-blend-jersey-t-shirt-16","Striped cotton blend jersey T-shirt","Premium quality T-shirt from Mango.","published","https://media.mango.com/is/image/punto/37044423-03-002?wid=2048&hei=2867&fit=crop","https://media.mango.com/is/image/punto/37044423-03-001?wid=2048&hei=2867&fit=crop","https://media.mango.com/is/image/punto/37044423-03-003?wid=2048&hei=2867&fit=crop","https://media.mango.com/is/image/punto/37044423-03-004?wid=2048&hei=2867&fit=crop","Default","Size","S","STRIPED-COTTON-BLEND-JERSEY-T-SHIRT-16-S",100,TRUE,FALSE,3699
"striped-cotton-blend-jersey-t-shirt-16","Striped cotton blend jersey T-shirt","Premium quality T-shirt from Mango.","published","https://media.mango.com/is/image/punto/37044423-03-002?wid=2048&hei=2867&fit=crop","https://media.mango.com/is/image/punto/37044423-03-001?wid=2048&hei=2867&fit=crop","https://media.mango.com/is/image/punto/37044423-03-003?wid=2048&hei=2867&fit=crop","https://media.mango.com/is/image/punto/37044423-03-004?wid=2048&hei=2867&fit=crop","Default","Size","M","STRIPED-COTTON-BLEND-JERSEY-T-SHIRT-16-M",100,TRUE,FALSE,3699
"striped-cotton-blend-jersey-t-shirt-16","Striped cotton blend jersey T-shirt","Premium quality T-shirt from Mango.","published","https://media.mango.com/is/image/punto/37044423-03-002?wid=2048&hei=2867&fit=crop","https://media.mango.com/is/image/punto/37044423-03-001?wid=2048&hei=2867&fit=crop","https://media.mango.com/is/image/punto/37044423-03-003?wid=2048&hei=2867&fit=crop","https://media.mango.com/is/image/punto/37044423-03-004?wid=2048&hei=2867&fit=crop","Default","Size","L","STRIPED-COTTON-BLEND-JERSEY-T-SHIRT-16-L",100,TRUE,FALSE,3699
"striped-cotton-blend-jersey-t-shirt-16","Striped cotton blend jersey T-shirt","Premium quality T-shirt from Mango.","published","https://media.mango.com/is/image/punto/37044423-03-002?wid=2048&hei=2867&fit=crop","https://media.mango.com/is/image/punto/37044423-03-001?wid=2048&hei=2867&fit=crop","https://media.mango.com/is/image/punto/37044423-03-003?wid=2048&hei=2867&fit=crop","https://media.mango.com/is/image/punto/37044423-03-004?wid=2048&hei=2867&fit=crop","Default","Size","XL","STRIPED-COTTON-BLEND-JERSEY-T-SHIRT-16-XL",100,TRUE,FALSE,3699
"striped-cotton-blend-jersey-t-shirt-16","Striped cotton blend jersey T-shirt","Premium quality T-shirt from Mango.","published","https://media.mango.com/is/image/punto/37044423-03-002?wid=2048&hei=2867&fit=crop","https://media.mango.com/is/image/punto/37044423-03-001?wid=2048&hei=2867&fit=crop","https://media.mango.com/is/image/punto/37044423-03-003?wid=2048&hei=2867&fit=crop","https://media.mango.com/is/image/punto/37044423-03-004?wid=2048&hei=2867&fit=crop","Default","Size","XXL","STRIPED-COTTON-BLEND-JERSEY-T-SHIRT-16-XXL",100,TRUE,FALSE,3699
"100-cotton-striped-t-shirt-17","100% cotton striped t-shirt","Premium quality T-shirt from Mango.","published","https://media.mango.com/is/image/punto/37094461-01-002?wid=2048&hei=2867&fit=crop","https://media.mango.com/is/image/punto/37094461-01-001?wid=2048&hei=2867&fit=crop","https://media.mango.com/is/image/punto/37094461-01-003?wid=2048&hei=2867&fit=crop","https://media.mango.com/is/image/punto/37094461-01-004?wid=2048&hei=2867&fit=crop","Default","Size","S","100-COTTON-STRIPED-T-SHIRT-17-S",100,TRUE,FALSE,3899
"100-cotton-striped-t-shirt-17","100% cotton striped t-shirt","Premium quality T-shirt from Mango.","published","https://media.mango.com/is/image/punto/37094461-01-002?wid=2048&hei=2867&fit=crop","https://media.mango.com/is/image/punto/37094461-01-001?wid=2048&hei=2867&fit=crop","https://media.mango.com/is/image/punto/37094461-01-003?wid=2048&hei=2867&fit=crop","https://media.mango.com/is/image/punto/37094461-01-004?wid=2048&hei=2867&fit=crop","Default","Size","M","100-COTTON-STRIPED-T-SHIRT-17-M",100,TRUE,FALSE,3899
"100-cotton-striped-t-shirt-17","100% cotton striped t-shirt","Premium quality T-shirt from Mango.","published","https://media.mango.com/is/image/punto/37094461-01-002?wid=2048&hei=2867&fit=crop","https://media.mango.com/is/image/punto/37094461-01-001?wid=2048&hei=2867&fit=crop","https://media.mango.com/is/image/punto/37094461-01-003?wid=2048&hei=2867&fit=crop","https://media.mango.com/is/image/punto/37094461-01-004?wid=2048&hei=2867&fit=crop","Default","Size","L","100-COTTON-STRIPED-T-SHIRT-17-L",100,TRUE,FALSE,3899
"100-cotton-striped-t-shirt-17","100% cotton striped t-shirt","Premium quality T-shirt from Mango.","published","https://media.mango.com/is/image/punto/37094461-01-002?wid=2048&hei=2867&fit=crop","https://media.mango.com/is/image/punto/37094461-01-001?wid=2048&hei=2867&fit=crop","https://media.mango.com/is/image/punto/37094461-01-003?wid=2048&hei=2867&fit=crop","https://media.mango.com/is/image/punto/37094461-01-004?wid=2048&hei=2867&fit=crop","Default","Size","XL","100-COTTON-STRIPED-T-SHIRT-17-XL",100,TRUE,FALSE,3899
"100-cotton-striped-t-shirt-17","100% cotton striped t-shirt","Premium quality T-shirt from Mango.","published","https://media.mango.com/is/image/punto/37094461-01-002?wid=2048&hei=2867&fit=crop","https://media.mango.com/is/image/punto/37094461-01-001?wid=2048&hei=2867&fit=crop","https://media.mango.com/is/image/punto/37094461-01-003?wid=2048&hei=2867&fit=crop","https://media.mango.com/is/image/punto/37094461-01-004?wid=2048&hei=2867&fit=crop","Default","Size","XXL","100-COTTON-STRIPED-T-SHIRT-17-XXL",100,TRUE,FALSE,3899
"100-cotton-printed-t-shirt-18","100% cotton printed t-shirt","Premium quality T-shirt from Mango.","published","https://media.mango.com/is/image/punto/37014473-01-900?wid=2048&hei=2867&fit=crop","https://media.mango.com/is/image/punto/37014473-01-023?wid=2048&hei=2867&fit=crop","https://media.mango.com/is/image/punto/37014473-01-030?wid=2048&hei=2867&fit=crop","","Default","Size","S","100-COTTON-PRINTED-T-SHIRT-18-S",100,TRUE,FALSE,3299
"100-cotton-printed-t-shirt-18","100% cotton printed t-shirt","Premium quality T-shirt from Mango.","published","https://media.mango.com/is/image/punto/37014473-01-900?wid=2048&hei=2867&fit=crop","https://media.mango.com/is/image/punto/37014473-01-023?wid=2048&hei=2867&fit=crop","https://media.mango.com/is/image/punto/37014473-01-030?wid=2048&hei=2867&fit=crop","","Default","Size","M","100-COTTON-PRINTED-T-SHIRT-18-M",100,TRUE,FALSE,3299
"100-cotton-printed-t-shirt-18","100% cotton printed t-shirt","Premium quality T-shirt from Mango.","published","https://media.mango.com/is/image/punto/37014473-01-900?wid=2048&hei=2867&fit=crop","https://media.mango.com/is/image/punto/37014473-01-023?wid=2048&hei=2867&fit=crop","https://media.mango.com/is/image/punto/37014473-01-030?wid=2048&hei=2867&fit=crop","","Default","Size","L","100-COTTON-PRINTED-T-SHIRT-18-L",100,TRUE,FALSE,3299
"100-cotton-printed-t-shirt-18","100% cotton printed t-shirt","Premium quality T-shirt from Mango.","published","https://media.mango.com/is/image/punto/37014473-01-900?wid=2048&hei=2867&fit=crop","https://media.mango.com/is/image/punto/37014473-01-023?wid=2048&hei=2867&fit=crop","https://media.mango.com/is/image/punto/37014473-01-030?wid=2048&hei=2867&fit=crop","","Default","Size","XL","100-COTTON-PRINTED-T-SHIRT-18-XL",100,TRUE,FALSE,3299
"100-cotton-printed-t-shirt-18","100% cotton printed t-shirt","Premium quality T-shirt from Mango.","published","https://media.mango.com/is/image/punto/37014473-01-900?wid=2048&hei=2867&fit=crop","https://media.mango.com/is/image/punto/37014473-01-023?wid=2048&hei=2867&fit=crop","https://media.mango.com/is/image/punto/37014473-01-030?wid=2048&hei=2867&fit=crop","","Default","Size","XXL","100-COTTON-PRINTED-T-SHIRT-18-XXL",100,TRUE,FALSE,3299
"100-cotton-fine-jersey-t-shirt-19","100% cotton fine jersey T-shirt","Premium quality T-shirt from Mango.","published","https://media.mango.com/is/image/punto/37081435-07-002?wid=2048&hei=2867&fit=crop","https://media.mango.com/is/image/punto/37081435-07-001?wid=2048&hei=2867&fit=crop","https://media.mango.com/is/image/punto/37081435-07-003?wid=2048&hei=2867&fit=crop","https://media.mango.com/is/image/punto/37081435-07-004?wid=2048&hei=2867&fit=crop","Default","Size","S","100-COTTON-FINE-JERSEY-T-SHIRT-19-S",100,TRUE,FALSE,3299
"100-cotton-fine-jersey-t-shirt-19","100% cotton fine jersey T-shirt","Premium quality T-shirt from Mango.","published","https://media.mango.com/is/image/punto/37081435-07-002?wid=2048&hei=2867&fit=crop","https://media.mango.com/is/image/punto/37081435-07-001?wid=2048&hei=2867&fit=crop","https://media.mango.com/is/image/punto/37081435-07-003?wid=2048&hei=2867&fit=crop","https://media.mango.com/is/image/punto/37081435-07-004?wid=2048&hei=2867&fit=crop","Default","Size","M","100-COTTON-FINE-JERSEY-T-SHIRT-19-M",100,TRUE,FALSE,3299
"100-cotton-fine-jersey-t-shirt-19","100% cotton fine jersey T-shirt","Premium quality T-shirt from Mango.","published","https://media.mango.com/is/image/punto/37081435-07-002?wid=2048&hei=2867&fit=crop","https://media.mango.com/is/image/punto/37081435-07-001?wid=2048&hei=2867&fit=crop","https://media.mango.com/is/image/punto/37081435-07-003?wid=2048&hei=2867&fit=crop","https://media.mango.com/is/image/punto/37081435-07-004?wid=2048&hei=2867&fit=crop","Default","Size","L","100-COTTON-FINE-JERSEY-T-SHIRT-19-L",100,TRUE,FALSE,3299
"100-cotton-fine-jersey-t-shirt-19","100% cotton fine jersey T-shirt","Premium quality T-shirt from Mango.","published","https://media.mango.com/is/image/punto/37081435-07-002?wid=2048&hei=2867&fit=crop","https://media.mango.com/is/image/punto/37081435-07-001?wid=2048&hei=2867&fit=crop","https://media.mango.com/is/image/punto/37081435-07-003?wid=2048&hei=2867&fit=crop","https://media.mango.com/is/image/punto/37081435-07-004?wid=2048&hei=2867&fit=crop","Default","Size","XL","100-COTTON-FINE-JERSEY-T-SHIRT-19-XL",100,TRUE,FALSE,3299
"100-cotton-fine-jersey-t-shirt-19","100% cotton fine jersey T-shirt","Premium quality T-shirt from Mango.","published","https://media.mango.com/is/image/punto/37081435-07-002?wid=2048&hei=2867&fit=crop","https://media.mango.com/is/image/punto/37081435-07-001?wid=2048&hei=2867&fit=crop","https://media.mango.com/is/image/punto/37081435-07-003?wid=2048&hei=2867&fit=crop","https://media.mango.com/is/image/punto/37081435-07-004?wid=2048&hei=2867&fit=crop","Default","Size","XXL","100-COTTON-FINE-JERSEY-T-SHIRT-19-XXL",100,TRUE,FALSE,3299
"100-cotton-textured-knit-t-shirt-20","100% cotton textured knit T-shirt","Premium quality T-shirt from Mango.","published","https://media.mango.com/is/image/punto/37062899-30-002?wid=2048&hei=2867&fit=crop","https://media.mango.com/is/image/punto/37062899-30-001?wid=2048&hei=2867&fit=crop","https://media.mango.com/is/image/punto/37062899-30-003?wid=2048&hei=2867&fit=crop","https://media.mango.com/is/image/punto/37062899-30-004?wid=2048&hei=2867&fit=crop","Default","Size","S","100-COTTON-TEXTURED-KNIT-T-SHIRT-20-S",100,TRUE,FALSE,3899
"100-cotton-textured-knit-t-shirt-20","100% cotton textured knit T-shirt","Premium quality T-shirt from Mango.","published","https://media.mango.com/is/image/punto/37062899-30-002?wid=2048&hei=2867&fit=crop","https://media.mango.com/is/image/punto/37062899-30-001?wid=2048&hei=2867&fit=crop","https://media.mango.com/is/image/punto/37062899-30-003?wid=2048&hei=2867&fit=crop","https://media.mango.com/is/image/punto/37062899-30-004?wid=2048&hei=2867&fit=crop","Default","Size","M","100-COTTON-TEXTURED-KNIT-T-SHIRT-20-M",100,TRUE,FALSE,3899
"100-cotton-textured-knit-t-shirt-20","100% cotton textured knit T-shirt","Premium quality T-shirt from Mango.","published","https://media.mango.com/is/image/punto/37062899-30-002?wid=2048&hei=2867&fit=crop","https://media.mango.com/is/image/punto/37062899-30-001?wid=2048&hei=2867&fit=crop","https://media.mango.com/is/image/punto/37062899-30-003?wid=2048&hei=2867&fit=crop","https://media.mango.com/is/image/punto/37062899-30-004?wid=2048&hei=2867&fit=crop","Default","Size","L","100-COTTON-TEXTURED-KNIT-T-SHIRT-20-L",100,TRUE,FALSE,3899
"100-cotton-textured-knit-t-shirt-20","100% cotton textured knit T-shirt","Premium quality T-shirt from Mango.","published","https://media.mango.com/is/image/punto/37062899-30-002?wid=2048&hei=2867&fit=crop","https://media.mango.com/is/image/punto/37062899-30-001?wid=2048&hei=2867&fit=crop","https://media.mango.com/is/image/punto/37062899-30-003?wid=2048&hei=2867&fit=crop","https://media.mango.com/is/image/punto/37062899-30-004?wid=2048&hei=2867&fit=crop","Default","Size","XL","100-COTTON-TEXTURED-KNIT-T-SHIRT-20-XL",100,TRUE,FALSE,3899
"100-cotton-textured-knit-t-shirt-20","100% cotton textured knit T-shirt","Premium quality T-shirt from Mango.","published","https://media.mango.com/is/image/punto/37062899-30-002?wid=2048&hei=2867&fit=crop","https://media.mango.com/is/image/punto/37062899-30-001?wid=2048&hei=2867&fit=crop","https://media.mango.com/is/image/punto/37062899-30-003?wid=2048&hei=2867&fit=crop","https://media.mango.com/is/image/punto/37062899-30-004?wid=2048&hei=2867&fit=crop","Default","Size","XXL","100-COTTON-TEXTURED-KNIT-T-SHIRT-20-XXL",100,TRUE,FALSE,3899
"slim-fit-t-shirt-180gsm-21","Slim fit T-shirt 180gsm","Premium quality T-shirt from Mango.","published","https://media.mango.com/is/image/punto/37011432-99-002?wid=2048&hei=2867&fit=crop","https://media.mango.com/is/image/punto/37011432-99-001?wid=2048&hei=2867&fit=crop","https://media.mango.com/is/image/punto/37011432-99-003?wid=2048&hei=2867&fit=crop","https://media.mango.com/is/image/punto/37011432-99-004?wid=2048&hei=2867&fit=crop","Default","Size","XS","SLIM-FIT-T-SHIRT-180GSM-21-XS",100,TRUE,FALSE,1290
"slim-fit-t-shirt-180gsm-21","Slim fit T-shirt 180gsm","Premium quality T-shirt from Mango.","published","https://media.mango.com/is/image/punto/37011432-99-002?wid=2048&hei=2867&fit=crop","https://media.mango.com/is/image/punto/37011432-99-001?wid=2048&hei=2867&fit=crop","https://media.mango.com/is/image/punto/37011432-99-003?wid=2048&hei=2867&fit=crop","https://media.mango.com/is/image/punto/37011432-99-004?wid=2048&hei=2867&fit=crop","Default","Size","S","SLIM-FIT-T-SHIRT-180GSM-21-S",100,TRUE,FALSE,1290
"slim-fit-t-shirt-180gsm-21","Slim fit T-shirt 180gsm","Premium quality T-shirt from Mango.","published","https://media.mango.com/is/image/punto/37011432-99-002?wid=2048&hei=2867&fit=crop","https://media.mango.com/is/image/punto/37011432-99-001?wid=2048&hei=2867&fit=crop","https://media.mango.com/is/image/punto/37011432-99-003?wid=2048&hei=2867&fit=crop","https://media.mango.com/is/image/punto/37011432-99-004?wid=2048&hei=2867&fit=crop","Default","Size","M","SLIM-FIT-T-SHIRT-180GSM-21-M",100,TRUE,FALSE,1290
"slim-fit-t-shirt-180gsm-21","Slim fit T-shirt 180gsm","Premium quality T-shirt from Mango.","published","https://media.mango.com/is/image/punto/37011432-99-002?wid=2048&hei=2867&fit=crop","https://media.mango.com/is/image/punto/37011432-99-001?wid=2048&hei=2867&fit=crop","https://media.mango.com/is/image/punto/37011432-99-003?wid=2048&hei=2867&fit=crop","https://media.mango.com/is/image/punto/37011432-99-004?wid=2048&hei=2867&fit=crop","Default","Size","L","SLIM-FIT-T-SHIRT-180GSM-21-L",100,TRUE,FALSE,1290
"slim-fit-t-shirt-180gsm-21","Slim fit T-shirt 180gsm","Premium quality T-shirt from Mango.","published","https://media.mango.com/is/image/punto/37011432-99-002?wid=2048&hei=2867&fit=crop","https://media.mango.com/is/image/punto/37011432-99-001?wid=2048&hei=2867&fit=crop","https://media.mango.com/is/image/punto/37011432-99-003?wid=2048&hei=2867&fit=crop","https://media.mango.com/is/image/punto/37011432-99-004?wid=2048&hei=2867&fit=crop","Default","Size","XL","SLIM-FIT-T-SHIRT-180GSM-21-XL",100,TRUE,FALSE,1290
"slim-fit-t-shirt-180gsm-21","Slim fit T-shirt 180gsm","Premium quality T-shirt from Mango.","published","https://media.mango.com/is/image/punto/37011432-99-002?wid=2048&hei=2867&fit=crop","https://media.mango.com/is/image/punto/37011432-99-001?wid=2048&hei=2867&fit=crop","https://media.mango.com/is/image/punto/37011432-99-003?wid=2048&hei=2867&fit=crop","https://media.mango.com/is/image/punto/37011432-99-004?wid=2048&hei=2867&fit=crop","Default","Size","XXL","SLIM-FIT-T-SHIRT-180GSM-21-XXL",100,TRUE,FALSE,1290
"linen-blend-slim-fit-t-shirt-22","Linen blend slim fit T-shirt","Premium quality T-shirt from Mango.","published","https://media.mango.com/is/image/punto/37011435-50-002?wid=2048&hei=2867&fit=crop","https://media.mango.com/is/image/punto/37011435-50-001?wid=2048&hei=2867&fit=crop","https://media.mango.com/is/image/punto/37011435-50-003?wid=2048&hei=2867&fit=crop","https://media.mango.com/is/image/punto/37011435-50-004?wid=2048&hei=2867&fit=crop","Default","Size","XS","LINEN-BLEND-SLIM-FIT-T-SHIRT-22-XS",100,TRUE,FALSE,3899
"linen-blend-slim-fit-t-shirt-22","Linen blend slim fit T-shirt","Premium quality T-shirt from Mango.","published","https://media.mango.com/is/image/punto/37011435-50-002?wid=2048&hei=2867&fit=crop","https://media.mango.com/is/image/punto/37011435-50-001?wid=2048&hei=2867&fit=crop","https://media.mango.com/is/image/punto/37011435-50-003?wid=2048&hei=2867&fit=crop","https://media.mango.com/is/image/punto/37011435-50-004?wid=2048&hei=2867&fit=crop","Default","Size","S","LINEN-BLEND-SLIM-FIT-T-SHIRT-22-S",100,TRUE,FALSE,3899
"linen-blend-slim-fit-t-shirt-22","Linen blend slim fit T-shirt","Premium quality T-shirt from Mango.","published","https://media.mango.com/is/image/punto/37011435-50-002?wid=2048&hei=2867&fit=crop","https://media.mango.com/is/image/punto/37011435-50-001?wid=2048&hei=2867&fit=crop","https://media.mango.com/is/image/punto/37011435-50-003?wid=2048&hei=2867&fit=crop","https://media.mango.com/is/image/punto/37011435-50-004?wid=2048&hei=2867&fit=crop","Default","Size","M","LINEN-BLEND-SLIM-FIT-T-SHIRT-22-M",100,TRUE,FALSE,3899
"linen-blend-slim-fit-t-shirt-22","Linen blend slim fit T-shirt","Premium quality T-shirt from Mango.","published","https://media.mango.com/is/image/punto/37011435-50-002?wid=2048&hei=2867&fit=crop","https://media.mango.com/is/image/punto/37011435-50-001?wid=2048&hei=2867&fit=crop","https://media.mango.com/is/image/punto/37011435-50-003?wid=2048&hei=2867&fit=crop","https://media.mango.com/is/image/punto/37011435-50-004?wid=2048&hei=2867&fit=crop","Default","Size","L","LINEN-BLEND-SLIM-FIT-T-SHIRT-22-L",100,TRUE,FALSE,3899
"linen-blend-slim-fit-t-shirt-22","Linen blend slim fit T-shirt","Premium quality T-shirt from Mango.","published","https://media.mango.com/is/image/punto/37011435-50-002?wid=2048&hei=2867&fit=crop","https://media.mango.com/is/image/punto/37011435-50-001?wid=2048&hei=2867&fit=crop","https://media.mango.com/is/image/punto/37011435-50-003?wid=2048&hei=2867&fit=crop","https://media.mango.com/is/image/punto/37011435-50-004?wid=2048&hei=2867&fit=crop","Default","Size","XL","LINEN-BLEND-SLIM-FIT-T-SHIRT-22-XL",100,TRUE,FALSE,3899
"linen-blend-slim-fit-t-shirt-22","Linen blend slim fit T-shirt","Premium quality T-shirt from Mango.","published","https://media.mango.com/is/image/punto/37011435-50-002?wid=2048&hei=2867&fit=crop","https://media.mango.com/is/image/punto/37011435-50-001?wid=2048&hei=2867&fit=crop","https://media.mango.com/is/image/punto/37011435-50-003?wid=2048&hei=2867&fit=crop","https://media.mango.com/is/image/punto/37011435-50-004?wid=2048&hei=2867&fit=crop","Default","Size","XXL","LINEN-BLEND-SLIM-FIT-T-SHIRT-22-XXL",100,TRUE,FALSE,3899
"fine-knit-cotton-blend-t-shirt-23","Fine knit cotton blend T-shirt","Premium quality T-shirt from Mango.","published","https://media.mango.com/is/image/punto/37061436-04-002?wid=2048&hei=2867&fit=crop","https://media.mango.com/is/image/punto/37061436-04-001?wid=2048&hei=2867&fit=crop","https://media.mango.com/is/image/punto/37061436-04-003?wid=2048&hei=2867&fit=crop","https://media.mango.com/is/image/punto/37061436-04-004?wid=2048&hei=2867&fit=crop","Default","Size","S","FINE-KNIT-COTTON-BLEND-T-SHIRT-23-S",100,TRUE,FALSE,2890
"fine-knit-cotton-blend-t-shirt-23","Fine knit cotton blend T-shirt","Premium quality T-shirt from Mango.","published","https://media.mango.com/is/image/punto/37061436-04-002?wid=2048&hei=2867&fit=crop","https://media.mango.com/is/image/punto/37061436-04-001?wid=2048&hei=2867&fit=crop","https://media.mango.com/is/image/punto/37061436-04-003?wid=2048&hei=2867&fit=crop","https://media.mango.com/is/image/punto/37061436-04-004?wid=2048&hei=2867&fit=crop","Default","Size","M","FINE-KNIT-COTTON-BLEND-T-SHIRT-23-M",100,TRUE,FALSE,2890
"fine-knit-cotton-blend-t-shirt-23","Fine knit cotton blend T-shirt","Premium quality T-shirt from Mango.","published","https://media.mango.com/is/image/punto/37061436-04-002?wid=2048&hei=2867&fit=crop","https://media.mango.com/is/image/punto/37061436-04-001?wid=2048&hei=2867&fit=crop","https://media.mango.com/is/image/punto/37061436-04-003?wid=2048&hei=2867&fit=crop","https://media.mango.com/is/image/punto/37061436-04-004?wid=2048&hei=2867&fit=crop","Default","Size","L","FINE-KNIT-COTTON-BLEND-T-SHIRT-23-L",100,TRUE,FALSE,2890
"fine-knit-cotton-blend-t-shirt-23","Fine knit cotton blend T-shirt","Premium quality T-shirt from Mango.","published","https://media.mango.com/is/image/punto/37061436-04-002?wid=2048&hei=2867&fit=crop","https://media.mango.com/is/image/punto/37061436-04-001?wid=2048&hei=2867&fit=crop","https://media.mango.com/is/image/punto/37061436-04-003?wid=2048&hei=2867&fit=crop","https://media.mango.com/is/image/punto/37061436-04-004?wid=2048&hei=2867&fit=crop","Default","Size","XL","FINE-KNIT-COTTON-BLEND-T-SHIRT-23-XL",100,TRUE,FALSE,2890
"fine-knit-cotton-blend-t-shirt-23","Fine knit cotton blend T-shirt","Premium quality T-shirt from Mango.","published","https://media.mango.com/is/image/punto/37061436-04-002?wid=2048&hei=2867&fit=crop","https://media.mango.com/is/image/punto/37061436-04-001?wid=2048&hei=2867&fit=crop","https://media.mango.com/is/image/punto/37061436-04-003?wid=2048&hei=2867&fit=crop","https://media.mango.com/is/image/punto/37061436-04-004?wid=2048&hei=2867&fit=crop","Default","Size","XXL","FINE-KNIT-COTTON-BLEND-T-SHIRT-23-XXL",100,TRUE,FALSE,2890
"relaxed-fit-t-shirt-260gsm-24","Relaxed fit T-shirt 260gsm","Premium quality T-shirt from Mango.","published","https://media.mango.com/is/image/punto/37011431-99-002?wid=2048&hei=2867&fit=crop","https://media.mango.com/is/image/punto/37011431-99-001?wid=2048&hei=2867&fit=crop","https://media.mango.com/is/image/punto/37011431-99-003?wid=2048&hei=2867&fit=crop","https://media.mango.com/is/image/punto/37011431-99-004?wid=2048&hei=2867&fit=crop","Default","Size","XS","RELAXED-FIT-T-SHIRT-260GSM-24-XS",100,TRUE,FALSE,1990
"relaxed-fit-t-shirt-260gsm-24","Relaxed fit T-shirt 260gsm","Premium quality T-shirt from Mango.","published","https://media.mango.com/is/image/punto/37011431-99-002?wid=2048&hei=2867&fit=crop","https://media.mango.com/is/image/punto/37011431-99-001?wid=2048&hei=2867&fit=crop","https://media.mango.com/is/image/punto/37011431-99-003?wid=2048&hei=2867&fit=crop","https://media.mango.com/is/image/punto/37011431-99-004?wid=2048&hei=2867&fit=crop","Default","Size","S","RELAXED-FIT-T-SHIRT-260GSM-24-S",100,TRUE,FALSE,1990
"relaxed-fit-t-shirt-260gsm-24","Relaxed fit T-shirt 260gsm","Premium quality T-shirt from Mango.","published","https://media.mango.com/is/image/punto/37011431-99-002?wid=2048&hei=2867&fit=crop","https://media.mango.com/is/image/punto/37011431-99-001?wid=2048&hei=2867&fit=crop","https://media.mango.com/is/image/punto/37011431-99-003?wid=2048&hei=2867&fit=crop","https://media.mango.com/is/image/punto/37011431-99-004?wid=2048&hei=2867&fit=crop","Default","Size","M","RELAXED-FIT-T-SHIRT-260GSM-24-M",100,TRUE,FALSE,1990
"relaxed-fit-t-shirt-260gsm-24","Relaxed fit T-shirt 260gsm","Premium quality T-shirt from Mango.","published","https://media.mango.com/is/image/punto/37011431-99-002?wid=2048&hei=2867&fit=crop","https://media.mango.com/is/image/punto/37011431-99-001?wid=2048&hei=2867&fit=crop","https://media.mango.com/is/image/punto/37011431-99-003?wid=2048&hei=2867&fit=crop","https://media.mango.com/is/image/punto/37011431-99-004?wid=2048&hei=2867&fit=crop","Default","Size","L","RELAXED-FIT-T-SHIRT-260GSM-24-L",100,TRUE,FALSE,1990
"relaxed-fit-t-shirt-260gsm-24","Relaxed fit T-shirt 260gsm","Premium quality T-shirt from Mango.","published","https://media.mango.com/is/image/punto/37011431-99-002?wid=2048&hei=2867&fit=crop","https://media.mango.com/is/image/punto/37011431-99-001?wid=2048&hei=2867&fit=crop","https://media.mango.com/is/image/punto/37011431-99-003?wid=2048&hei=2867&fit=crop","https://media.mango.com/is/image/punto/37011431-99-004?wid=2048&hei=2867&fit=crop","Default","Size","XL","RELAXED-FIT-T-SHIRT-260GSM-24-XL",100,TRUE,FALSE,1990
"relaxed-fit-t-shirt-260gsm-24","Relaxed fit T-shirt 260gsm","Premium quality T-shirt from Mango.","published","https://media.mango.com/is/image/punto/37011431-99-002?wid=2048&hei=2867&fit=crop","https://media.mango.com/is/image/punto/37011431-99-001?wid=2048&hei=2867&fit=crop","https://media.mango.com/is/image/punto/37011431-99-003?wid=2048&hei=2867&fit=crop","https://media.mango.com/is/image/punto/37011431-99-004?wid=2048&hei=2867&fit=crop","Default","Size","XXL","RELAXED-FIT-T-SHIRT-260GSM-24-XXL",100,TRUE,FALSE,1990
"fine-knit-cotton-blend-t-shirt-25","Fine knit cotton blend T-shirt","Premium quality T-shirt from Mango.","published","https://media.mango.com/is/image/punto/37061436-08-002?wid=2048&hei=2867&fit=crop","https://media.mango.com/is/image/punto/37061436-08-001?wid=2048&hei=2867&fit=crop","https://media.mango.com/is/image/punto/37061436-08-003?wid=2048&hei=2867&fit=crop","https://media.mango.com/is/image/punto/37061436-08-004?wid=2048&hei=2867&fit=crop","Default","Size","S","FINE-KNIT-COTTON-BLEND-T-SHIRT-25-S",100,TRUE,FALSE,2890
"fine-knit-cotton-blend-t-shirt-25","Fine knit cotton blend T-shirt","Premium quality T-shirt from Mango.","published","https://media.mango.com/is/image/punto/37061436-08-002?wid=2048&hei=2867&fit=crop","https://media.mango.com/is/image/punto/37061436-08-001?wid=2048&hei=2867&fit=crop","https://media.mango.com/is/image/punto/37061436-08-003?wid=2048&hei=2867&fit=crop","https://media.mango.com/is/image/punto/37061436-08-004?wid=2048&hei=2867&fit=crop","Default","Size","M","FINE-KNIT-COTTON-BLEND-T-SHIRT-25-M",100,TRUE,FALSE,2890
"fine-knit-cotton-blend-t-shirt-25","Fine knit cotton blend T-shirt","Premium quality T-shirt from Mango.","published","https://media.mango.com/is/image/punto/37061436-08-002?wid=2048&hei=2867&fit=crop","https://media.mango.com/is/image/punto/37061436-08-001?wid=2048&hei=2867&fit=crop","https://media.mango.com/is/image/punto/37061436-08-003?wid=2048&hei=2867&fit=crop","https://media.mango.com/is/image/punto/37061436-08-004?wid=2048&hei=2867&fit=crop","Default","Size","L","FINE-KNIT-COTTON-BLEND-T-SHIRT-25-L",100,TRUE,FALSE,2890
"fine-knit-cotton-blend-t-shirt-25","Fine knit cotton blend T-shirt","Premium quality T-shirt from Mango.","published","https://media.mango.com/is/image/punto/37061436-08-002?wid=2048&hei=2867&fit=crop","https://media.mango.com/is/image/punto/37061436-08-001?wid=2048&hei=2867&fit=crop","https://media.mango.com/is/image/punto/37061436-08-003?wid=2048&hei=2867&fit=crop","https://media.mango.com/is/image/punto/37061436-08-004?wid=2048&hei=2867&fit=crop","Default","Size","XL","FINE-KNIT-COTTON-BLEND-T-SHIRT-25-XL",100,TRUE,FALSE,2890
"fine-knit-cotton-blend-t-shirt-25","Fine knit cotton blend T-shirt","Premium quality T-shirt from Mango.","published","https://media.mango.com/is/image/punto/37061436-08-002?wid=2048&hei=2867&fit=crop","https://media.mango.com/is/image/punto/37061436-08-001?wid=2048&hei=2867&fit=crop","https://media.mango.com/is/image/punto/37061436-08-003?wid=2048&hei=2867&fit=crop","https://media.mango.com/is/image/punto/37061436-08-004?wid=2048&hei=2867&fit=crop","Default","Size","XXL","FINE-KNIT-COTTON-BLEND-T-SHIRT-25-XXL",100,TRUE,FALSE,2890
"100-cotton-textured-knit-t-shirt-26","100% cotton textured knit T-shirt","Premium quality T-shirt from Mango.","published","https://media.mango.com/is/image/punto/37062899-02-002?wid=2048&hei=2867&fit=crop","https://media.mango.com/is/image/punto/37062899-02-001?wid=2048&hei=2867&fit=crop","https://media.mango.com/is/image/punto/37062899-02-003?wid=2048&hei=2867&fit=crop","https://media.mango.com/is/image/punto/37062899-02-004?wid=2048&hei=2867&fit=crop","Default","Size","S","100-COTTON-TEXTURED-KNIT-T-SHIRT-26-S",100,TRUE,FALSE,3899
"100-cotton-textured-knit-t-shirt-26","100% cotton textured knit T-shirt","Premium quality T-shirt from Mango.","published","https://media.mango.com/is/image/punto/37062899-02-002?wid=2048&hei=2867&fit=crop","https://media.mango.com/is/image/punto/37062899-02-001?wid=2048&hei=2867&fit=crop","https://media.mango.com/is/image/punto/37062899-02-003?wid=2048&hei=2867&fit=crop","https://media.mango.com/is/image/punto/37062899-02-004?wid=2048&hei=2867&fit=crop","Default","Size","M","100-COTTON-TEXTURED-KNIT-T-SHIRT-26-M",100,TRUE,FALSE,3899
"100-cotton-textured-knit-t-shirt-26","100% cotton textured knit T-shirt","Premium quality T-shirt from Mango.","published","https://media.mango.com/is/image/punto/37062899-02-002?wid=2048&hei=2867&fit=crop","https://media.mango.com/is/image/punto/37062899-02-001?wid=2048&hei=2867&fit=crop","https://media.mango.com/is/image/punto/37062899-02-003?wid=2048&hei=2867&fit=crop","https://media.mango.com/is/image/punto/37062899-02-004?wid=2048&hei=2867&fit=crop","Default","Size","L","100-COTTON-TEXTURED-KNIT-T-SHIRT-26-L",100,TRUE,FALSE,3899
"100-cotton-textured-knit-t-shirt-26","100% cotton textured knit T-shirt","Premium quality T-shirt from Mango.","published","https://media.mango.com/is/image/punto/37062899-02-002?wid=2048&hei=2867&fit=crop","https://media.mango.com/is/image/punto/37062899-02-001?wid=2048&hei=2867&fit=crop","https://media.mango.com/is/image/punto/37062899-02-003?wid=2048&hei=2867&fit=crop","https://media.mango.com/is/image/punto/37062899-02-004?wid=2048&hei=2867&fit=crop","Default","Size","XL","100-COTTON-TEXTURED-KNIT-T-SHIRT-26-XL",100,TRUE,FALSE,3899
"100-cotton-textured-knit-t-shirt-26","100% cotton textured knit T-shirt","Premium quality T-shirt from Mango.","published","https://media.mango.com/is/image/punto/37062899-02-002?wid=2048&hei=2867&fit=crop","https://media.mango.com/is/image/punto/37062899-02-001?wid=2048&hei=2867&fit=crop","https://media.mango.com/is/image/punto/37062899-02-003?wid=2048&hei=2867&fit=crop","https://media.mango.com/is/image/punto/37062899-02-004?wid=2048&hei=2867&fit=crop","Default","Size","XXL","100-COTTON-TEXTURED-KNIT-T-SHIRT-26-XXL",100,TRUE,FALSE,3899
"slim-fit-t-shirt-180gsm-27","Slim fit T-shirt 180gsm","Premium quality T-shirt from Mango.","published","https://media.mango.com/is/image/punto/37011432-01-002?wid=2048&hei=2867&fit=crop","https://media.mango.com/is/image/punto/37011432-01-001?wid=2048&hei=2867&fit=crop","https://media.mango.com/is/image/punto/37011432-01-003?wid=2048&hei=2867&fit=crop","https://media.mango.com/is/image/punto/37011432-01-004?wid=2048&hei=2867&fit=crop","Default","Size","XS","SLIM-FIT-T-SHIRT-180GSM-27-XS",100,TRUE,FALSE,1290
"slim-fit-t-shirt-180gsm-27","Slim fit T-shirt 180gsm","Premium quality T-shirt from Mango.","published","https://media.mango.com/is/image/punto/37011432-01-002?wid=2048&hei=2867&fit=crop","https://media.mango.com/is/image/punto/37011432-01-001?wid=2048&hei=2867&fit=crop","https://media.mango.com/is/image/punto/37011432-01-003?wid=2048&hei=2867&fit=crop","https://media.mango.com/is/image/punto/37011432-01-004?wid=2048&hei=2867&fit=crop","Default","Size","S","SLIM-FIT-T-SHIRT-180GSM-27-S",100,TRUE,FALSE,1290
"slim-fit-t-shirt-180gsm-27","Slim fit T-shirt 180gsm","Premium quality T-shirt from Mango.","published","https://media.mango.com/is/image/punto/37011432-01-002?wid=2048&hei=2867&fit=crop","https://media.mango.com/is/image/punto/37011432-01-001?wid=2048&hei=2867&fit=crop","https://media.mango.com/is/image/punto/37011432-01-003?wid=2048&hei=2867&fit=crop","https://media.mango.com/is/image/punto/37011432-01-004?wid=2048&hei=2867&fit=crop","Default","Size","M","SLIM-FIT-T-SHIRT-180GSM-27-M",100,TRUE,FALSE,1290
"slim-fit-t-shirt-180gsm-27","Slim fit T-shirt 180gsm","Premium quality T-shirt from Mango.","published","https://media.mango.com/is/image/punto/37011432-01-002?wid=2048&hei=2867&fit=crop","https://media.mango.com/is/image/punto/37011432-01-001?wid=2048&hei=2867&fit=crop","https://media.mango.com/is/image/punto/37011432-01-003?wid=2048&hei=2867&fit=crop","https://media.mango.com/is/image/punto/37011432-01-004?wid=2048&hei=2867&fit=crop","Default","Size","L","SLIM-FIT-T-SHIRT-180GSM-27-L",100,TRUE,FALSE,1290
"slim-fit-t-shirt-180gsm-27","Slim fit T-shirt 180gsm","Premium quality T-shirt from Mango.","published","https://media.mango.com/is/image/punto/37011432-01-002?wid=2048&hei=2867&fit=crop","https://media.mango.com/is/image/punto/37011432-01-001?wid=2048&hei=2867&fit=crop","https://media.mango.com/is/image/punto/37011432-01-003?wid=2048&hei=2867&fit=crop","https://media.mango.com/is/image/punto/37011432-01-004?wid=2048&hei=2867&fit=crop","Default","Size","XL","SLIM-FIT-T-SHIRT-180GSM-27-XL",100,TRUE,FALSE,1290
"slim-fit-t-shirt-180gsm-27","Slim fit T-shirt 180gsm","Premium quality T-shirt from Mango.","published","https://media.mango.com/is/image/punto/37011432-01-002?wid=2048&hei=2867&fit=crop","https://media.mango.com/is/image/punto/37011432-01-001?wid=2048&hei=2867&fit=crop","https://media.mango.com/is/image/punto/37011432-01-003?wid=2048&hei=2867&fit=crop","https://media.mango.com/is/image/punto/37011432-01-004?wid=2048&hei=2867&fit=crop","Default","Size","XXL","SLIM-FIT-T-SHIRT-180GSM-27-XXL",100,TRUE,FALSE,1290
"slim-fit-t-shirt-180gsm-28","Slim fit T-shirt 180gsm","Premium quality T-shirt from Mango.","published","https://media.mango.com/is/image/punto/37011432-39-002?wid=2048&hei=2867&fit=crop","https://media.mango.com/is/image/punto/37011432-39-001?wid=2048&hei=2867&fit=crop","https://media.mango.com/is/image/punto/37011432-39-003?wid=2048&hei=2867&fit=crop","https://media.mango.com/is/image/punto/37011432-39-004?wid=2048&hei=2867&fit=crop","Default","Size","XS","SLIM-FIT-T-SHIRT-180GSM-28-XS",100,TRUE,FALSE,1290
"slim-fit-t-shirt-180gsm-28","Slim fit T-shirt 180gsm","Premium quality T-shirt from Mango.","published","https://media.mango.com/is/image/punto/37011432-39-002?wid=2048&hei=2867&fit=crop","https://media.mango.com/is/image/punto/37011432-39-001?wid=2048&hei=2867&fit=crop","https://media.mango.com/is/image/punto/37011432-39-003?wid=2048&hei=2867&fit=crop","https://media.mango.com/is/image/punto/37011432-39-004?wid=2048&hei=2867&fit=crop","Default","Size","S","SLIM-FIT-T-SHIRT-180GSM-28-S",100,TRUE,FALSE,1290
"slim-fit-t-shirt-180gsm-28","Slim fit T-shirt 180gsm","Premium quality T-shirt from Mango.","published","https://media.mango.com/is/image/punto/37011432-39-002?wid=2048&hei=2867&fit=crop","https://media.mango.com/is/image/punto/37011432-39-001?wid=2048&hei=2867&fit=crop","https://media.mango.com/is/image/punto/37011432-39-003?wid=2048&hei=2867&fit=crop","https://media.mango.com/is/image/punto/37011432-39-004?wid=2048&hei=2867&fit=crop","Default","Size","M","SLIM-FIT-T-SHIRT-180GSM-28-M",100,TRUE,FALSE,1290
"slim-fit-t-shirt-180gsm-28","Slim fit T-shirt 180gsm","Premium quality T-shirt from Mango.","published","https://media.mango.com/is/image/punto/37011432-39-002?wid=2048&hei=2867&fit=crop","https://media.mango.com/is/image/punto/37011432-39-001?wid=2048&hei=2867&fit=crop","https://media.mango.com/is/image/punto/37011432-39-003?wid=2048&hei=2867&fit=crop","https://media.mango.com/is/image/punto/37011432-39-004?wid=2048&hei=2867&fit=crop","Default","Size","L","SLIM-FIT-T-SHIRT-180GSM-28-L",100,TRUE,FALSE,1290
"slim-fit-t-shirt-180gsm-28","Slim fit T-shirt 180gsm","Premium quality T-shirt from Mango.","published","https://media.mango.com/is/image/punto/37011432-39-002?wid=2048&hei=2867&fit=crop","https://media.mango.com/is/image/punto/37011432-39-001?wid=2048&hei=2867&fit=crop","https://media.mango.com/is/image/punto/37011432-39-003?wid=2048&hei=2867&fit=crop","https://media.mango.com/is/image/punto/37011432-39-004?wid=2048&hei=2867&fit=crop","Default","Size","XL","SLIM-FIT-T-SHIRT-180GSM-28-XL",100,TRUE,FALSE,1290
"slim-fit-t-shirt-180gsm-28","Slim fit T-shirt 180gsm","Premium quality T-shirt from Mango.","published","https://media.mango.com/is/image/punto/37011432-39-002?wid=2048&hei=2867&fit=crop","https://media.mango.com/is/image/punto/37011432-39-001?wid=2048&hei=2867&fit=crop","https://media.mango.com/is/image/punto/37011432-39-003?wid=2048&hei=2867&fit=crop","https://media.mango.com/is/image/punto/37011432-39-004?wid=2048&hei=2867&fit=crop","Default","Size","XXL","SLIM-FIT-T-SHIRT-180GSM-28-XXL",100,TRUE,FALSE,1290
"relaxed-fit-t-shirt-260gsm-29","Relaxed fit T-shirt 260gsm","Premium quality T-shirt from Mango.","published","https://media.mango.com/is/image/punto/37011431-37-002?wid=2048&hei=2867&fit=crop","https://media.mango.com/is/image/punto/37011431-37-001?wid=2048&hei=2867&fit=crop","https://media.mango.com/is/image/punto/37011431-37-003?wid=2048&hei=2867&fit=crop","https://media.mango.com/is/image/punto/37011431-37-004?wid=2048&hei=2867&fit=crop","Default","Size","XS","RELAXED-FIT-T-SHIRT-260GSM-29-XS",100,TRUE,FALSE,1990
"relaxed-fit-t-shirt-260gsm-29","Relaxed fit T-shirt 260gsm","Premium quality T-shirt from Mango.","published","https://media.mango.com/is/image/punto/37011431-37-002?wid=2048&hei=2867&fit=crop","https://media.mango.com/is/image/punto/37011431-37-001?wid=2048&hei=2867&fit=crop","https://media.mango.com/is/image/punto/37011431-37-003?wid=2048&hei=2867&fit=crop","https://media.mango.com/is/image/punto/37011431-37-004?wid=2048&hei=2867&fit=crop","Default","Size","S","RELAXED-FIT-T-SHIRT-260GSM-29-S",100,TRUE,FALSE,1990
"relaxed-fit-t-shirt-260gsm-29","Relaxed fit T-shirt 260gsm","Premium quality T-shirt from Mango.","published","https://media.mango.com/is/image/punto/37011431-37-002?wid=2048&hei=2867&fit=crop","https://media.mango.com/is/image/punto/37011431-37-001?wid=2048&hei=2867&fit=crop","https://media.mango.com/is/image/punto/37011431-37-003?wid=2048&hei=2867&fit=crop","https://media.mango.com/is/image/punto/37011431-37-004?wid=2048&hei=2867&fit=crop","Default","Size","M","RELAXED-FIT-T-SHIRT-260GSM-29-M",100,TRUE,FALSE,1990
"relaxed-fit-t-shirt-260gsm-29","Relaxed fit T-shirt 260gsm","Premium quality T-shirt from Mango.","published","https://media.mango.com/is/image/punto/37011431-37-002?wid=2048&hei=2867&fit=crop","https://media.mango.com/is/image/punto/37011431-37-001?wid=2048&hei=2867&fit=crop","https://media.mango.com/is/image/punto/37011431-37-003?wid=2048&hei=2867&fit=crop","https://media.mango.com/is/image/punto/37011431-37-004?wid=2048&hei=2867&fit=crop","Default","Size","L","RELAXED-FIT-T-SHIRT-260GSM-29-L",100,TRUE,FALSE,1990
"relaxed-fit-t-shirt-260gsm-29","Relaxed fit T-shirt 260gsm","Premium quality T-shirt from Mango.","published","https://media.mango.com/is/image/punto/37011431-37-002?wid=2048&hei=2867&fit=crop","https://media.mango.com/is/image/punto/37011431-37-001?wid=2048&hei=2867&fit=crop","https://media.mango.com/is/image/punto/37011431-37-003?wid=2048&hei=2867&fit=crop","https://media.mango.com/is/image/punto/37011431-37-004?wid=2048&hei=2867&fit=crop","Default","Size","XL","RELAXED-FIT-T-SHIRT-260GSM-29-XL",100,TRUE,FALSE,1990
"relaxed-fit-t-shirt-260gsm-29","Relaxed fit T-shirt 260gsm","Premium quality T-shirt from Mango.","published","https://media.mango.com/is/image/punto/37011431-37-002?wid=2048&hei=2867&fit=crop","https://media.mango.com/is/image/punto/37011431-37-001?wid=2048&hei=2867&fit=crop","https://media.mango.com/is/image/punto/37011431-37-003?wid=2048&hei=2867&fit=crop","https://media.mango.com/is/image/punto/37011431-37-004?wid=2048&hei=2867&fit=crop","Default","Size","XXL","RELAXED-FIT-T-SHIRT-260GSM-29-XXL",100,TRUE,FALSE,1990
"relaxed-fit-t-shirt-260gsm-30","Relaxed fit T-shirt 260gsm","Premium quality T-shirt from Mango.","published","https://media.mango.com/is/image/punto/37011431-05-002?wid=2048&hei=2867&fit=crop","https://media.mango.com/is/image/punto/37011431-05-001?wid=2048&hei=2867&fit=crop","https://media.mango.com/is/image/punto/37011431-05-003?wid=2048&hei=2867&fit=crop","https://media.mango.com/is/image/punto/37011431-05-004?wid=2048&hei=2867&fit=crop","Default","Size","XS","RELAXED-FIT-T-SHIRT-260GSM-30-XS",100,TRUE,FALSE,1990
"relaxed-fit-t-shirt-260gsm-30","Relaxed fit T-shirt 260gsm","Premium quality T-shirt from Mango.","published","https://media.mango.com/is/image/punto/37011431-05-002?wid=2048&hei=2867&fit=crop","https://media.mango.com/is/image/punto/37011431-05-001?wid=2048&hei=2867&fit=crop","https://media.mango.com/is/image/punto/37011431-05-003?wid=2048&hei=2867&fit=crop","https://media.mango.com/is/image/punto/37011431-05-004?wid=2048&hei=2867&fit=crop","Default","Size","S","RELAXED-FIT-T-SHIRT-260GSM-30-S",100,TRUE,FALSE,1990
"relaxed-fit-t-shirt-260gsm-30","Relaxed fit T-shirt 260gsm","Premium quality T-shirt from Mango.","published","https://media.mango.com/is/image/punto/37011431-05-002?wid=2048&hei=2867&fit=crop","https://media.mango.com/is/image/punto/37011431-05-001?wid=2048&hei=2867&fit=crop","https://media.mango.com/is/image/punto/37011431-05-003?wid=2048&hei=2867&fit=crop","https://media.mango.com/is/image/punto/37011431-05-004?wid=2048&hei=2867&fit=crop","Default","Size","M","RELAXED-FIT-T-SHIRT-260GSM-30-M",100,TRUE,FALSE,1990
"relaxed-fit-t-shirt-260gsm-30","Relaxed fit T-shirt 260gsm","Premium quality T-shirt from Mango.","published","https://media.mango.com/is/image/punto/37011431-05-002?wid=2048&hei=2867&fit=crop","https://media.mango.com/is/image/punto/37011431-05-001?wid=2048&hei=2867&fit=crop","https://media.mango.com/is/image/punto/37011431-05-003?wid=2048&hei=2867&fit=crop","https://media.mango.com/is/image/punto/37011431-05-004?wid=2048&hei=2867&fit=crop","Default","Size","L","RELAXED-FIT-T-SHIRT-260GSM-30-L",100,TRUE,FALSE,1990
"relaxed-fit-t-shirt-260gsm-30","Relaxed fit T-shirt 260gsm","Premium quality T-shirt from Mango.","published","https://media.mango.com/is/image/punto/37011431-05-002?wid=2048&hei=2867&fit=crop","https://media.mango.com/is/image/punto/37011431-05-001?wid=2048&hei=2867&fit=crop","https://media.mango.com/is/image/punto/37011431-05-003?wid=2048&hei=2867&fit=crop","https://media.mango.com/is/image/punto/37011431-05-004?wid=2048&hei=2867&fit=crop","Default","Size","XL","RELAXED-FIT-T-SHIRT-260GSM-30-XL",100,TRUE,FALSE,1990
"relaxed-fit-t-shirt-260gsm-30","Relaxed fit T-shirt 260gsm","Premium quality T-shirt from Mango.","published","https://media.mango.com/is/image/punto/37011431-05-002?wid=2048&hei=2867&fit=crop","https://media.mango.com/is/image/punto/37011431-05-001?wid=2048&hei=2867&fit=crop","https://media.mango.com/is/image/punto/37011431-05-003?wid=2048&hei=2867&fit=crop","https://media.mango.com/is/image/punto/37011431-05-004?wid=2048&hei=2867&fit=crop","Default","Size","XXL","RELAXED-FIT-T-SHIRT-260GSM-30-XXL",100,TRUE,FALSE,1990
"slim-fit-t-shirt-180gsm-31","Slim fit T-shirt 180gsm","Premium quality T-shirt from Mango.","published","https://media.mango.com/is/image/punto/37011432-45-002?wid=2048&hei=2867&fit=crop","https://media.mango.com/is/image/punto/37011432-45-001?wid=2048&hei=2867&fit=crop","https://media.mango.com/is/image/punto/37011432-45-003?wid=2048&hei=2867&fit=crop","https://media.mango.com/is/image/punto/37011432-45-004?wid=2048&hei=2867&fit=crop","Default","Size","XS","SLIM-FIT-T-SHIRT-180GSM-31-XS",100,TRUE,FALSE,1290
"slim-fit-t-shirt-180gsm-31","Slim fit T-shirt 180gsm","Premium quality T-shirt from Mango.","published","https://media.mango.com/is/image/punto/37011432-45-002?wid=2048&hei=2867&fit=crop","https://media.mango.com/is/image/punto/37011432-45-001?wid=2048&hei=2867&fit=crop","https://media.mango.com/is/image/punto/37011432-45-003?wid=2048&hei=2867&fit=crop","https://media.mango.com/is/image/punto/37011432-45-004?wid=2048&hei=2867&fit=crop","Default","Size","S","SLIM-FIT-T-SHIRT-180GSM-31-S",100,TRUE,FALSE,1290
"slim-fit-t-shirt-180gsm-31","Slim fit T-shirt 180gsm","Premium quality T-shirt from Mango.","published","https://media.mango.com/is/image/punto/37011432-45-002?wid=2048&hei=2867&fit=crop","https://media.mango.com/is/image/punto/37011432-45-001?wid=2048&hei=2867&fit=crop","https://media.mango.com/is/image/punto/37011432-45-003?wid=2048&hei=2867&fit=crop","https://media.mango.com/is/image/punto/37011432-45-004?wid=2048&hei=2867&fit=crop","Default","Size","M","SLIM-FIT-T-SHIRT-180GSM-31-M",100,TRUE,FALSE,1290
"slim-fit-t-shirt-180gsm-31","Slim fit T-shirt 180gsm","Premium quality T-shirt from Mango.","published","https://media.mango.com/is/image/punto/37011432-45-002?wid=2048&hei=2867&fit=crop","https://media.mango.com/is/image/punto/37011432-45-001?wid=2048&hei=2867&fit=crop","https://media.mango.com/is/image/punto/37011432-45-003?wid=2048&hei=2867&fit=crop","https://media.mango.com/is/image/punto/37011432-45-004?wid=2048&hei=2867&fit=crop","Default","Size","L","SLIM-FIT-T-SHIRT-180GSM-31-L",100,TRUE,FALSE,1290
"slim-fit-t-shirt-180gsm-31","Slim fit T-shirt 180gsm","Premium quality T-shirt from Mango.","published","https://media.mango.com/is/image/punto/37011432-45-002?wid=2048&hei=2867&fit=crop","https://media.mango.com/is/image/punto/37011432-45-001?wid=2048&hei=2867&fit=crop","https://media.mango.com/is/image/punto/37011432-45-003?wid=2048&hei=2867&fit=crop","https://media.mango.com/is/image/punto/37011432-45-004?wid=2048&hei=2867&fit=crop","Default","Size","XL","SLIM-FIT-T-SHIRT-180GSM-31-XL",100,TRUE,FALSE,1290
"slim-fit-t-shirt-180gsm-31","Slim fit T-shirt 180gsm","Premium quality T-shirt from Mango.","published","https://media.mango.com/is/image/punto/37011432-45-002?wid=2048&hei=2867&fit=crop","https://media.mango.com/is/image/punto/37011432-45-001?wid=2048&hei=2867&fit=crop","https://media.mango.com/is/image/punto/37011432-45-003?wid=2048&hei=2867&fit=crop","https://media.mango.com/is/image/punto/37011432-45-004?wid=2048&hei=2867&fit=crop","Default","Size","XXL","SLIM-FIT-T-SHIRT-180GSM-31-XXL",100,TRUE,FALSE,1290
"linen-blend-striped-t-shirt-32","Linen blend striped T-shirt","Premium quality T-shirt from Mango.","published","https://media.mango.com/is/image/punto/37031419-56-002?wid=2048&hei=2867&fit=crop","https://media.mango.com/is/image/punto/37031419-56-001?wid=2048&hei=2867&fit=crop","https://media.mango.com/is/image/punto/37031419-56-003?wid=2048&hei=2867&fit=crop","https://media.mango.com/is/image/punto/37031419-56-004?wid=2048&hei=2867&fit=crop","Default","Size","S","LINEN-BLEND-STRIPED-T-SHIRT-32-S",100,TRUE,FALSE,3699
"linen-blend-striped-t-shirt-32","Linen blend striped T-shirt","Premium quality T-shirt from Mango.","published","https://media.mango.com/is/image/punto/37031419-56-002?wid=2048&hei=2867&fit=crop","https://media.mango.com/is/image/punto/37031419-56-001?wid=2048&hei=2867&fit=crop","https://media.mango.com/is/image/punto/37031419-56-003?wid=2048&hei=2867&fit=crop","https://media.mango.com/is/image/punto/37031419-56-004?wid=2048&hei=2867&fit=crop","Default","Size","M","LINEN-BLEND-STRIPED-T-SHIRT-32-M",100,TRUE,FALSE,3699
"linen-blend-striped-t-shirt-32","Linen blend striped T-shirt","Premium quality T-shirt from Mango.","published","https://media.mango.com/is/image/punto/37031419-56-002?wid=2048&hei=2867&fit=crop","https://media.mango.com/is/image/punto/37031419-56-001?wid=2048&hei=2867&fit=crop","https://media.mango.com/is/image/punto/37031419-56-003?wid=2048&hei=2867&fit=crop","https://media.mango.com/is/image/punto/37031419-56-004?wid=2048&hei=2867&fit=crop","Default","Size","L","LINEN-BLEND-STRIPED-T-SHIRT-32-L",100,TRUE,FALSE,3699
"linen-blend-striped-t-shirt-32","Linen blend striped T-shirt","Premium quality T-shirt from Mango.","published","https://media.mango.com/is/image/punto/37031419-56-002?wid=2048&hei=2867&fit=crop","https://media.mango.com/is/image/punto/37031419-56-001?wid=2048&hei=2867&fit=crop","https://media.mango.com/is/image/punto/37031419-56-003?wid=2048&hei=2867&fit=crop","https://media.mango.com/is/image/punto/37031419-56-004?wid=2048&hei=2867&fit=crop","Default","Size","XL","LINEN-BLEND-STRIPED-T-SHIRT-32-XL",100,TRUE,FALSE,3699
"linen-blend-striped-t-shirt-32","Linen blend striped T-shirt","Premium quality T-shirt from Mango.","published","https://media.mango.com/is/image/punto/37031419-56-002?wid=2048&hei=2867&fit=crop","https://media.mango.com/is/image/punto/37031419-56-001?wid=2048&hei=2867&fit=crop","https://media.mango.com/is/image/punto/37031419-56-003?wid=2048&hei=2867&fit=crop","https://media.mango.com/is/image/punto/37031419-56-004?wid=2048&hei=2867&fit=crop","Default","Size","XXL","LINEN-BLEND-STRIPED-T-SHIRT-32-XXL",100,TRUE,FALSE,3699
"100-cotton-textured-knit-t-shirt-33","100% cotton textured knit T-shirt","Premium quality T-shirt from Mango.","published","https://media.mango.com/is/image/punto/37062899-89-002?wid=2048&hei=2867&fit=crop","https://media.mango.com/is/image/punto/37062899-89-001?wid=2048&hei=2867&fit=crop","https://media.mango.com/is/image/punto/37062899-89-003?wid=2048&hei=2867&fit=crop","https://media.mango.com/is/image/punto/37062899-89-004?wid=2048&hei=2867&fit=crop","Default","Size","S","100-COTTON-TEXTURED-KNIT-T-SHIRT-33-S",100,TRUE,FALSE,3899
"100-cotton-textured-knit-t-shirt-33","100% cotton textured knit T-shirt","Premium quality T-shirt from Mango.","published","https://media.mango.com/is/image/punto/37062899-89-002?wid=2048&hei=2867&fit=crop","https://media.mango.com/is/image/punto/37062899-89-001?wid=2048&hei=2867&fit=crop","https://media.mango.com/is/image/punto/37062899-89-003?wid=2048&hei=2867&fit=crop","https://media.mango.com/is/image/punto/37062899-89-004?wid=2048&hei=2867&fit=crop","Default","Size","M","100-COTTON-TEXTURED-KNIT-T-SHIRT-33-M",100,TRUE,FALSE,3899
"100-cotton-textured-knit-t-shirt-33","100% cotton textured knit T-shirt","Premium quality T-shirt from Mango.","published","https://media.mango.com/is/image/punto/37062899-89-002?wid=2048&hei=2867&fit=crop","https://media.mango.com/is/image/punto/37062899-89-001?wid=2048&hei=2867&fit=crop","https://media.mango.com/is/image/punto/37062899-89-003?wid=2048&hei=2867&fit=crop","https://media.mango.com/is/image/punto/37062899-89-004?wid=2048&hei=2867&fit=crop","Default","Size","L","100-COTTON-TEXTURED-KNIT-T-SHIRT-33-L",100,TRUE,FALSE,3899
"100-cotton-textured-knit-t-shirt-33","100% cotton textured knit T-shirt","Premium quality T-shirt from Mango.","published","https://media.mango.com/is/image/punto/37062899-89-002?wid=2048&hei=2867&fit=crop","https://media.mango.com/is/image/punto/37062899-89-001?wid=2048&hei=2867&fit=crop","https://media.mango.com/is/image/punto/37062899-89-003?wid=2048&hei=2867&fit=crop","https://media.mango.com/is/image/punto/37062899-89-004?wid=2048&hei=2867&fit=crop","Default","Size","XL","100-COTTON-TEXTURED-KNIT-T-SHIRT-33-XL",100,TRUE,FALSE,3899
"100-cotton-textured-knit-t-shirt-33","100% cotton textured knit T-shirt","Premium quality T-shirt from Mango.","published","https://media.mango.com/is/image/punto/37062899-89-002?wid=2048&hei=2867&fit=crop","https://media.mango.com/is/image/punto/37062899-89-001?wid=2048&hei=2867&fit=crop","https://media.mango.com/is/image/punto/37062899-89-003?wid=2048&hei=2867&fit=crop","https://media.mango.com/is/image/punto/37062899-89-004?wid=2048&hei=2867&fit=crop","Default","Size","XXL","100-COTTON-TEXTURED-KNIT-T-SHIRT-33-XXL",100,TRUE,FALSE,3899
"slim-fit-t-shirt-180gsm-34","Slim fit T-shirt 180gsm","Premium quality T-shirt from Mango.","published","https://media.mango.com/is/image/punto/37011432-56-002?wid=2048&hei=2867&fit=crop","https://media.mango.com/is/image/punto/37011432-56-001?wid=2048&hei=2867&fit=crop","https://media.mango.com/is/image/punto/37011432-56-003?wid=2048&hei=2867&fit=crop","https://media.mango.com/is/image/punto/37011432-56-004?wid=2048&hei=2867&fit=crop","Default","Size","XS","SLIM-FIT-T-SHIRT-180GSM-34-XS",100,TRUE,FALSE,1290
"slim-fit-t-shirt-180gsm-34","Slim fit T-shirt 180gsm","Premium quality T-shirt from Mango.","published","https://media.mango.com/is/image/punto/37011432-56-002?wid=2048&hei=2867&fit=crop","https://media.mango.com/is/image/punto/37011432-56-001?wid=2048&hei=2867&fit=crop","https://media.mango.com/is/image/punto/37011432-56-003?wid=2048&hei=2867&fit=crop","https://media.mango.com/is/image/punto/37011432-56-004?wid=2048&hei=2867&fit=crop","Default","Size","S","SLIM-FIT-T-SHIRT-180GSM-34-S",100,TRUE,FALSE,1290
"slim-fit-t-shirt-180gsm-34","Slim fit T-shirt 180gsm","Premium quality T-shirt from Mango.","published","https://media.mango.com/is/image/punto/37011432-56-002?wid=2048&hei=2867&fit=crop","https://media.mango.com/is/image/punto/37011432-56-001?wid=2048&hei=2867&fit=crop","https://media.mango.com/is/image/punto/37011432-56-003?wid=2048&hei=2867&fit=crop","https://media.mango.com/is/image/punto/37011432-56-004?wid=2048&hei=2867&fit=crop","Default","Size","M","SLIM-FIT-T-SHIRT-180GSM-34-M",100,TRUE,FALSE,1290
"slim-fit-t-shirt-180gsm-34","Slim fit T-shirt 180gsm","Premium quality T-shirt from Mango.","published","https://media.mango.com/is/image/punto/37011432-56-002?wid=2048&hei=2867&fit=crop","https://media.mango.com/is/image/punto/37011432-56-001?wid=2048&hei=2867&fit=crop","https://media.mango.com/is/image/punto/37011432-56-003?wid=2048&hei=2867&fit=crop","https://media.mango.com/is/image/punto/37011432-56-004?wid=2048&hei=2867&fit=crop","Default","Size","L","SLIM-FIT-T-SHIRT-180GSM-34-L",100,TRUE,FALSE,1290
"slim-fit-t-shirt-180gsm-34","Slim fit T-shirt 180gsm","Premium quality T-shirt from Mango.","published","https://media.mango.com/is/image/punto/37011432-56-002?wid=2048&hei=2867&fit=crop","https://media.mango.com/is/image/punto/37011432-56-001?wid=2048&hei=2867&fit=crop","https://media.mango.com/is/image/punto/37011432-56-003?wid=2048&hei=2867&fit=crop","https://media.mango.com/is/image/punto/37011432-56-004?wid=2048&hei=2867&fit=crop","Default","Size","XL","SLIM-FIT-T-SHIRT-180GSM-34-XL",100,TRUE,FALSE,1290
"slim-fit-t-shirt-180gsm-34","Slim fit T-shirt 180gsm","Premium quality T-shirt from Mango.","published","https://media.mango.com/is/image/punto/37011432-56-002?wid=2048&hei=2867&fit=crop","https://media.mango.com/is/image/punto/37011432-56-001?wid=2048&hei=2867&fit=crop","https://media.mango.com/is/image/punto/37011432-56-003?wid=2048&hei=2867&fit=crop","https://media.mango.com/is/image/punto/37011432-56-004?wid=2048&hei=2867&fit=crop","Default","Size","XXL","SLIM-FIT-T-SHIRT-180GSM-34-XXL",100,TRUE,FALSE,1290
"fine-knit-cotton-blend-t-shirt-35","Fine knit cotton blend T-shirt","Premium quality T-shirt from Mango.","published","https://media.mango.com/is/image/punto/37061436-30-002?wid=2048&hei=2867&fit=crop","https://media.mango.com/is/image/punto/37061436-30-001?wid=2048&hei=2867&fit=crop","https://media.mango.com/is/image/punto/37061436-30-003?wid=2048&hei=2867&fit=crop","https://media.mango.com/is/image/punto/37061436-30-004?wid=2048&hei=2867&fit=crop","Default","Size","S","FINE-KNIT-COTTON-BLEND-T-SHIRT-35-S",100,TRUE,FALSE,2890
"fine-knit-cotton-blend-t-shirt-35","Fine knit cotton blend T-shirt","Premium quality T-shirt from Mango.","published","https://media.mango.com/is/image/punto/37061436-30-002?wid=2048&hei=2867&fit=crop","https://media.mango.com/is/image/punto/37061436-30-001?wid=2048&hei=2867&fit=crop","https://media.mango.com/is/image/punto/37061436-30-003?wid=2048&hei=2867&fit=crop","https://media.mango.com/is/image/punto/37061436-30-004?wid=2048&hei=2867&fit=crop","Default","Size","M","FINE-KNIT-COTTON-BLEND-T-SHIRT-35-M",100,TRUE,FALSE,2890
"fine-knit-cotton-blend-t-shirt-35","Fine knit cotton blend T-shirt","Premium quality T-shirt from Mango.","published","https://media.mango.com/is/image/punto/37061436-30-002?wid=2048&hei=2867&fit=crop","https://media.mango.com/is/image/punto/37061436-30-001?wid=2048&hei=2867&fit=crop","https://media.mango.com/is/image/punto/37061436-30-003?wid=2048&hei=2867&fit=crop","https://media.mango.com/is/image/punto/37061436-30-004?wid=2048&hei=2867&fit=crop","Default","Size","L","FINE-KNIT-COTTON-BLEND-T-SHIRT-35-L",100,TRUE,FALSE,2890
"fine-knit-cotton-blend-t-shirt-35","Fine knit cotton blend T-shirt","Premium quality T-shirt from Mango.","published","https://media.mango.com/is/image/punto/37061436-30-002?wid=2048&hei=2867&fit=crop","https://media.mango.com/is/image/punto/37061436-30-001?wid=2048&hei=2867&fit=crop","https://media.mango.com/is/image/punto/37061436-30-003?wid=2048&hei=2867&fit=crop","https://media.mango.com/is/image/punto/37061436-30-004?wid=2048&hei=2867&fit=crop","Default","Size","XL","FINE-KNIT-COTTON-BLEND-T-SHIRT-35-XL",100,TRUE,FALSE,2890
"fine-knit-cotton-blend-t-shirt-35","Fine knit cotton blend T-shirt","Premium quality T-shirt from Mango.","published","https://media.mango.com/is/image/punto/37061436-30-002?wid=2048&hei=2867&fit=crop","https://media.mango.com/is/image/punto/37061436-30-001?wid=2048&hei=2867&fit=crop","https://media.mango.com/is/image/punto/37061436-30-003?wid=2048&hei=2867&fit=crop","https://media.mango.com/is/image/punto/37061436-30-004?wid=2048&hei=2867&fit=crop","Default","Size","XXL","FINE-KNIT-COTTON-BLEND-T-SHIRT-35-XXL",100,TRUE,FALSE,2890
"ribbed-cotton-linen-blend-t-shirt-36","Ribbed cotton-linen blend T-shirt","Premium quality T-shirt from Mango.","published","https://media.mango.com/is/image/punto/37051437-07-002?wid=2048&hei=2867&fit=crop","https://media.mango.com/is/image/punto/37051437-07-001?wid=2048&hei=2867&fit=crop","https://media.mango.com/is/image/punto/37051437-07-003?wid=2048&hei=2867&fit=crop","https://media.mango.com/is/image/punto/37051437-07-004?wid=2048&hei=2867&fit=crop","Default","Size","S","RIBBED-COTTON-LINEN-BLEND-T-SHIRT-36-S",100,TRUE,FALSE,3899
"ribbed-cotton-linen-blend-t-shirt-36","Ribbed cotton-linen blend T-shirt","Premium quality T-shirt from Mango.","published","https://media.mango.com/is/image/punto/37051437-07-002?wid=2048&hei=2867&fit=crop","https://media.mango.com/is/image/punto/37051437-07-001?wid=2048&hei=2867&fit=crop","https://media.mango.com/is/image/punto/37051437-07-003?wid=2048&hei=2867&fit=crop","https://media.mango.com/is/image/punto/37051437-07-004?wid=2048&hei=2867&fit=crop","Default","Size","M","RIBBED-COTTON-LINEN-BLEND-T-SHIRT-36-M",100,TRUE,FALSE,3899
"ribbed-cotton-linen-blend-t-shirt-36","Ribbed cotton-linen blend T-shirt","Premium quality T-shirt from Mango.","published","https://media.mango.com/is/image/punto/37051437-07-002?wid=2048&hei=2867&fit=crop","https://media.mango.com/is/image/punto/37051437-07-001?wid=2048&hei=2867&fit=crop","https://media.mango.com/is/image/punto/37051437-07-003?wid=2048&hei=2867&fit=crop","https://media.mango.com/is/image/punto/37051437-07-004?wid=2048&hei=2867&fit=crop","Default","Size","L","RIBBED-COTTON-LINEN-BLEND-T-SHIRT-36-L",100,TRUE,FALSE,3899
"ribbed-cotton-linen-blend-t-shirt-36","Ribbed cotton-linen blend T-shirt","Premium quality T-shirt from Mango.","published","https://media.mango.com/is/image/punto/37051437-07-002?wid=2048&hei=2867&fit=crop","https://media.mango.com/is/image/punto/37051437-07-001?wid=2048&hei=2867&fit=crop","https://media.mango.com/is/image/punto/37051437-07-003?wid=2048&hei=2867&fit=crop","https://media.mango.com/is/image/punto/37051437-07-004?wid=2048&hei=2867&fit=crop","Default","Size","XL","RIBBED-COTTON-LINEN-BLEND-T-SHIRT-36-XL",100,TRUE,FALSE,3899
"ribbed-cotton-linen-blend-t-shirt-36","Ribbed cotton-linen blend T-shirt","Premium quality T-shirt from Mango.","published","https://media.mango.com/is/image/punto/37051437-07-002?wid=2048&hei=2867&fit=crop","https://media.mango.com/is/image/punto/37051437-07-001?wid=2048&hei=2867&fit=crop","https://media.mango.com/is/image/punto/37051437-07-003?wid=2048&hei=2867&fit=crop","https://media.mango.com/is/image/punto/37051437-07-004?wid=2048&hei=2867&fit=crop","Default","Size","XXL","RIBBED-COTTON-LINEN-BLEND-T-SHIRT-36-XXL",100,TRUE,FALSE,3899
"relaxed-fit-cotton-linen-blend-t-shirt-37","Relaxed fit cotton-linen blend T-shirt","Premium quality T-shirt from Mango.","published","https://media.mango.com/is/image/punto/37062898-89-002?wid=2048&hei=2867&fit=crop","https://media.mango.com/is/image/punto/37062898-89-001?wid=2048&hei=2867&fit=crop","https://media.mango.com/is/image/punto/37062898-89-003?wid=2048&hei=2867&fit=crop","https://media.mango.com/is/image/punto/37062898-89-004?wid=2048&hei=2867&fit=crop","Default","Size","XS","RELAXED-FIT-COTTON-LINEN-BLEND-T-SHIRT-37-XS",100,TRUE,FALSE,2499
"relaxed-fit-cotton-linen-blend-t-shirt-37","Relaxed fit cotton-linen blend T-shirt","Premium quality T-shirt from Mango.","published","https://media.mango.com/is/image/punto/37062898-89-002?wid=2048&hei=2867&fit=crop","https://media.mango.com/is/image/punto/37062898-89-001?wid=2048&hei=2867&fit=crop","https://media.mango.com/is/image/punto/37062898-89-003?wid=2048&hei=2867&fit=crop","https://media.mango.com/is/image/punto/37062898-89-004?wid=2048&hei=2867&fit=crop","Default","Size","S","RELAXED-FIT-COTTON-LINEN-BLEND-T-SHIRT-37-S",100,TRUE,FALSE,2499
"relaxed-fit-cotton-linen-blend-t-shirt-37","Relaxed fit cotton-linen blend T-shirt","Premium quality T-shirt from Mango.","published","https://media.mango.com/is/image/punto/37062898-89-002?wid=2048&hei=2867&fit=crop","https://media.mango.com/is/image/punto/37062898-89-001?wid=2048&hei=2867&fit=crop","https://media.mango.com/is/image/punto/37062898-89-003?wid=2048&hei=2867&fit=crop","https://media.mango.com/is/image/punto/37062898-89-004?wid=2048&hei=2867&fit=crop","Default","Size","M","RELAXED-FIT-COTTON-LINEN-BLEND-T-SHIRT-37-M",100,TRUE,FALSE,2499
"relaxed-fit-cotton-linen-blend-t-shirt-37","Relaxed fit cotton-linen blend T-shirt","Premium quality T-shirt from Mango.","published","https://media.mango.com/is/image/punto/37062898-89-002?wid=2048&hei=2867&fit=crop","https://media.mango.com/is/image/punto/37062898-89-001?wid=2048&hei=2867&fit=crop","https://media.mango.com/is/image/punto/37062898-89-003?wid=2048&hei=2867&fit=crop","https://media.mango.com/is/image/punto/37062898-89-004?wid=2048&hei=2867&fit=crop","Default","Size","L","RELAXED-FIT-COTTON-LINEN-BLEND-T-SHIRT-37-L",100,TRUE,FALSE,2499
"relaxed-fit-cotton-linen-blend-t-shirt-37","Relaxed fit cotton-linen blend T-shirt","Premium quality T-shirt from Mango.","published","https://media.mango.com/is/image/punto/37062898-89-002?wid=2048&hei=2867&fit=crop","https://media.mango.com/is/image/punto/37062898-89-001?wid=2048&hei=2867&fit=crop","https://media.mango.com/is/image/punto/37062898-89-003?wid=2048&hei=2867&fit=crop","https://media.mango.com/is/image/punto/37062898-89-004?wid=2048&hei=2867&fit=crop","Default","Size","XL","RELAXED-FIT-COTTON-LINEN-BLEND-T-SHIRT-37-XL",100,TRUE,FALSE,2499
"relaxed-fit-cotton-linen-blend-t-shirt-37","Relaxed fit cotton-linen blend T-shirt","Premium quality T-shirt from Mango.","published","https://media.mango.com/is/image/punto/37062898-89-002?wid=2048&hei=2867&fit=crop","https://media.mango.com/is/image/punto/37062898-89-001?wid=2048&hei=2867&fit=crop","https://media.mango.com/is/image/punto/37062898-89-003?wid=2048&hei=2867&fit=crop","https://media.mango.com/is/image/punto/37062898-89-004?wid=2048&hei=2867&fit=crop","Default","Size","XXL","RELAXED-FIT-COTTON-LINEN-BLEND-T-SHIRT-37-XXL",100,TRUE,FALSE,2499
"relaxed-fit-cotton-linen-blend-t-shirt-38","Relaxed fit cotton-linen blend T-shirt","Premium quality T-shirt from Mango.","published","https://media.mango.com/is/image/punto/37062898-02-002?wid=2048&hei=2867&fit=crop","https://media.mango.com/is/image/punto/37062898-02-001?wid=2048&hei=2867&fit=crop","https://media.mango.com/is/image/punto/37062898-02-003?wid=2048&hei=2867&fit=crop","https://media.mango.com/is/image/punto/37062898-02-004?wid=2048&hei=2867&fit=crop","Default","Size","XS","RELAXED-FIT-COTTON-LINEN-BLEND-T-SHIRT-38-XS",100,TRUE,FALSE,2499
"relaxed-fit-cotton-linen-blend-t-shirt-38","Relaxed fit cotton-linen blend T-shirt","Premium quality T-shirt from Mango.","published","https://media.mango.com/is/image/punto/37062898-02-002?wid=2048&hei=2867&fit=crop","https://media.mango.com/is/image/punto/37062898-02-001?wid=2048&hei=2867&fit=crop","https://media.mango.com/is/image/punto/37062898-02-003?wid=2048&hei=2867&fit=crop","https://media.mango.com/is/image/punto/37062898-02-004?wid=2048&hei=2867&fit=crop","Default","Size","S","RELAXED-FIT-COTTON-LINEN-BLEND-T-SHIRT-38-S",100,TRUE,FALSE,2499
"relaxed-fit-cotton-linen-blend-t-shirt-38","Relaxed fit cotton-linen blend T-shirt","Premium quality T-shirt from Mango.","published","https://media.mango.com/is/image/punto/37062898-02-002?wid=2048&hei=2867&fit=crop","https://media.mango.com/is/image/punto/37062898-02-001?wid=2048&hei=2867&fit=crop","https://media.mango.com/is/image/punto/37062898-02-003?wid=2048&hei=2867&fit=crop","https://media.mango.com/is/image/punto/37062898-02-004?wid=2048&hei=2867&fit=crop","Default","Size","M","RELAXED-FIT-COTTON-LINEN-BLEND-T-SHIRT-38-M",100,TRUE,FALSE,2499
"relaxed-fit-cotton-linen-blend-t-shirt-38","Relaxed fit cotton-linen blend T-shirt","Premium quality T-shirt from Mango.","published","https://media.mango.com/is/image/punto/37062898-02-002?wid=2048&hei=2867&fit=crop","https://media.mango.com/is/image/punto/37062898-02-001?wid=2048&hei=2867&fit=crop","https://media.mango.com/is/image/punto/37062898-02-003?wid=2048&hei=2867&fit=crop","https://media.mango.com/is/image/punto/37062898-02-004?wid=2048&hei=2867&fit=crop","Default","Size","L","RELAXED-FIT-COTTON-LINEN-BLEND-T-SHIRT-38-L",100,TRUE,FALSE,2499
"relaxed-fit-cotton-linen-blend-t-shirt-38","Relaxed fit cotton-linen blend T-shirt","Premium quality T-shirt from Mango.","published","https://media.mango.com/is/image/punto/37062898-02-002?wid=2048&hei=2867&fit=crop","https://media.mango.com/is/image/punto/37062898-02-001?wid=2048&hei=2867&fit=crop","https://media.mango.com/is/image/punto/37062898-02-003?wid=2048&hei=2867&fit=crop","https://media.mango.com/is/image/punto/37062898-02-004?wid=2048&hei=2867&fit=crop","Default","Size","XL","RELAXED-FIT-COTTON-LINEN-BLEND-T-SHIRT-38-XL",100,TRUE,FALSE,2499
"relaxed-fit-cotton-linen-blend-t-shirt-38","Relaxed fit cotton-linen blend T-shirt","Premium quality T-shirt from Mango.","published","https://media.mango.com/is/image/punto/37062898-02-002?wid=2048&hei=2867&fit=crop","https://media.mango.com/is/image/punto/37062898-02-001?wid=2048&hei=2867&fit=crop","https://media.mango.com/is/image/punto/37062898-02-003?wid=2048&hei=2867&fit=crop","https://media.mango.com/is/image/punto/37062898-02-004?wid=2048&hei=2867&fit=crop","Default","Size","XXL","RELAXED-FIT-COTTON-LINEN-BLEND-T-SHIRT-38-XXL",100,TRUE,FALSE,2499
"fine-knit-cotton-blend-t-shirt-39","Fine knit cotton blend T-shirt","Premium quality T-shirt from Mango.","published","https://media.mango.com/is/image/punto/37061436-48-002?wid=2048&hei=2867&fit=crop","https://media.mango.com/is/image/punto/37061436-48-001?wid=2048&hei=2867&fit=crop","https://media.mango.com/is/image/punto/37061436-48-003?wid=2048&hei=2867&fit=crop","https://media.mango.com/is/image/punto/37061436-48-004?wid=2048&hei=2867&fit=crop","Default","Size","S","FINE-KNIT-COTTON-BLEND-T-SHIRT-39-S",100,TRUE,FALSE,2890
"fine-knit-cotton-blend-t-shirt-39","Fine knit cotton blend T-shirt","Premium quality T-shirt from Mango.","published","https://media.mango.com/is/image/punto/37061436-48-002?wid=2048&hei=2867&fit=crop","https://media.mango.com/is/image/punto/37061436-48-001?wid=2048&hei=2867&fit=crop","https://media.mango.com/is/image/punto/37061436-48-003?wid=2048&hei=2867&fit=crop","https://media.mango.com/is/image/punto/37061436-48-004?wid=2048&hei=2867&fit=crop","Default","Size","M","FINE-KNIT-COTTON-BLEND-T-SHIRT-39-M",100,TRUE,FALSE,2890
"fine-knit-cotton-blend-t-shirt-39","Fine knit cotton blend T-shirt","Premium quality T-shirt from Mango.","published","https://media.mango.com/is/image/punto/37061436-48-002?wid=2048&hei=2867&fit=crop","https://media.mango.com/is/image/punto/37061436-48-001?wid=2048&hei=2867&fit=crop","https://media.mango.com/is/image/punto/37061436-48-003?wid=2048&hei=2867&fit=crop","https://media.mango.com/is/image/punto/37061436-48-004?wid=2048&hei=2867&fit=crop","Default","Size","L","FINE-KNIT-COTTON-BLEND-T-SHIRT-39-L",100,TRUE,FALSE,2890
"fine-knit-cotton-blend-t-shirt-39","Fine knit cotton blend T-shirt","Premium quality T-shirt from Mango.","published","https://media.mango.com/is/image/punto/37061436-48-002?wid=2048&hei=2867&fit=crop","https://media.mango.com/is/image/punto/37061436-48-001?wid=2048&hei=2867&fit=crop","https://media.mango.com/is/image/punto/37061436-48-003?wid=2048&hei=2867&fit=crop","https://media.mango.com/is/image/punto/37061436-48-004?wid=2048&hei=2867&fit=crop","Default","Size","XL","FINE-KNIT-COTTON-BLEND-T-SHIRT-39-XL",100,TRUE,FALSE,2890
"fine-knit-cotton-blend-t-shirt-39","Fine knit cotton blend T-shirt","Premium quality T-shirt from Mango.","published","https://media.mango.com/is/image/punto/37061436-48-002?wid=2048&hei=2867&fit=crop","https://media.mango.com/is/image/punto/37061436-48-001?wid=2048&hei=2867&fit=crop","https://media.mango.com/is/image/punto/37061436-48-003?wid=2048&hei=2867&fit=crop","https://media.mango.com/is/image/punto/37061436-48-004?wid=2048&hei=2867&fit=crop","Default","Size","XXL","FINE-KNIT-COTTON-BLEND-T-SHIRT-39-XXL",100,TRUE,FALSE,2890
"linen-blend-striped-t-shirt-40","Linen blend striped T-shirt","Premium quality T-shirt from Mango.","published","https://media.mango.com/is/image/punto/37031419-08-002?wid=2048&hei=2867&fit=crop","https://media.mango.com/is/image/punto/37031419-08-001?wid=2048&hei=2867&fit=crop","https://media.mango.com/is/image/punto/37031419-08-003?wid=2048&hei=2867&fit=crop","https://media.mango.com/is/image/punto/37031419-08-004?wid=2048&hei=2867&fit=crop","Default","Size","S","LINEN-BLEND-STRIPED-T-SHIRT-40-S",100,TRUE,FALSE,3699
"linen-blend-striped-t-shirt-40","Linen blend striped T-shirt","Premium quality T-shirt from Mango.","published","https://media.mango.com/is/image/punto/37031419-08-002?wid=2048&hei=2867&fit=crop","https://media.mango.com/is/image/punto/37031419-08-001?wid=2048&hei=2867&fit=crop","https://media.mango.com/is/image/punto/37031419-08-003?wid=2048&hei=2867&fit=crop","https://media.mango.com/is/image/punto/37031419-08-004?wid=2048&hei=2867&fit=crop","Default","Size","M","LINEN-BLEND-STRIPED-T-SHIRT-40-M",100,TRUE,FALSE,3699
"linen-blend-striped-t-shirt-40","Linen blend striped T-shirt","Premium quality T-shirt from Mango.","published","https://media.mango.com/is/image/punto/37031419-08-002?wid=2048&hei=2867&fit=crop","https://media.mango.com/is/image/punto/37031419-08-001?wid=2048&hei=2867&fit=crop","https://media.mango.com/is/image/punto/37031419-08-003?wid=2048&hei=2867&fit=crop","https://media.mango.com/is/image/punto/37031419-08-004?wid=2048&hei=2867&fit=crop","Default","Size","L","LINEN-BLEND-STRIPED-T-SHIRT-40-L",100,TRUE,FALSE,3699
"linen-blend-striped-t-shirt-40","Linen blend striped T-shirt","Premium quality T-shirt from Mango.","published","https://media.mango.com/is/image/punto/37031419-08-002?wid=2048&hei=2867&fit=crop","https://media.mango.com/is/image/punto/37031419-08-001?wid=2048&hei=2867&fit=crop","https://media.mango.com/is/image/punto/37031419-08-003?wid=2048&hei=2867&fit=crop","https://media.mango.com/is/image/punto/37031419-08-004?wid=2048&hei=2867&fit=crop","Default","Size","XL","LINEN-BLEND-STRIPED-T-SHIRT-40-XL",100,TRUE,FALSE,3699
"linen-blend-striped-t-shirt-40","Linen blend striped T-shirt","Premium quality T-shirt from Mango.","published","https://media.mango.com/is/image/punto/37031419-08-002?wid=2048&hei=2867&fit=crop","https://media.mango.com/is/image/punto/37031419-08-001?wid=2048&hei=2867&fit=crop","https://media.mango.com/is/image/punto/37031419-08-003?wid=2048&hei=2867&fit=crop","https://media.mango.com/is/image/punto/37031419-08-004?wid=2048&hei=2867&fit=crop","Default","Size","XXL","LINEN-BLEND-STRIPED-T-SHIRT-40-XXL",100,TRUE,FALSE,3699
"relaxed-fit-t-shirt-260gsm-41","Relaxed fit T-shirt 260gsm","Premium quality T-shirt from Mango.","published","https://media.mango.com/is/image/punto/37011431-30-002?wid=2048&hei=2867&fit=crop","https://media.mango.com/is/image/punto/37011431-30-001?wid=2048&hei=2867&fit=crop","https://media.mango.com/is/image/punto/37011431-30-003?wid=2048&hei=2867&fit=crop","https://media.mango.com/is/image/punto/37011431-30-004?wid=2048&hei=2867&fit=crop","Default","Size","XS","RELAXED-FIT-T-SHIRT-260GSM-41-XS",100,TRUE,FALSE,1990
"relaxed-fit-t-shirt-260gsm-41","Relaxed fit T-shirt 260gsm","Premium quality T-shirt from Mango.","published","https://media.mango.com/is/image/punto/37011431-30-002?wid=2048&hei=2867&fit=crop","https://media.mango.com/is/image/punto/37011431-30-001?wid=2048&hei=2867&fit=crop","https://media.mango.com/is/image/punto/37011431-30-003?wid=2048&hei=2867&fit=crop","https://media.mango.com/is/image/punto/37011431-30-004?wid=2048&hei=2867&fit=crop","Default","Size","S","RELAXED-FIT-T-SHIRT-260GSM-41-S",100,TRUE,FALSE,1990
"relaxed-fit-t-shirt-260gsm-41","Relaxed fit T-shirt 260gsm","Premium quality T-shirt from Mango.","published","https://media.mango.com/is/image/punto/37011431-30-002?wid=2048&hei=2867&fit=crop","https://media.mango.com/is/image/punto/37011431-30-001?wid=2048&hei=2867&fit=crop","https://media.mango.com/is/image/punto/37011431-30-003?wid=2048&hei=2867&fit=crop","https://media.mango.com/is/image/punto/37011431-30-004?wid=2048&hei=2867&fit=crop","Default","Size","M","RELAXED-FIT-T-SHIRT-260GSM-41-M",100,TRUE,FALSE,1990
"relaxed-fit-t-shirt-260gsm-41","Relaxed fit T-shirt 260gsm","Premium quality T-shirt from Mango.","published","https://media.mango.com/is/image/punto/37011431-30-002?wid=2048&hei=2867&fit=crop","https://media.mango.com/is/image/punto/37011431-30-001?wid=2048&hei=2867&fit=crop","https://media.mango.com/is/image/punto/37011431-30-003?wid=2048&hei=2867&fit=crop","https://media.mango.com/is/image/punto/37011431-30-004?wid=2048&hei=2867&fit=crop","Default","Size","L","RELAXED-FIT-T-SHIRT-260GSM-41-L",100,TRUE,FALSE,1990
"relaxed-fit-t-shirt-260gsm-41","Relaxed fit T-shirt 260gsm","Premium quality T-shirt from Mango.","published","https://media.mango.com/is/image/punto/37011431-30-002?wid=2048&hei=2867&fit=crop","https://media.mango.com/is/image/punto/37011431-30-001?wid=2048&hei=2867&fit=crop","https://media.mango.com/is/image/punto/37011431-30-003?wid=2048&hei=2867&fit=crop","https://media.mango.com/is/image/punto/37011431-30-004?wid=2048&hei=2867&fit=crop","Default","Size","XL","RELAXED-FIT-T-SHIRT-260GSM-41-XL",100,TRUE,FALSE,1990
"relaxed-fit-t-shirt-260gsm-41","Relaxed fit T-shirt 260gsm","Premium quality T-shirt from Mango.","published","https://media.mango.com/is/image/punto/37011431-30-002?wid=2048&hei=2867&fit=crop","https://media.mango.com/is/image/punto/37011431-30-001?wid=2048&hei=2867&fit=crop","https://media.mango.com/is/image/punto/37011431-30-003?wid=2048&hei=2867&fit=crop","https://media.mango.com/is/image/punto/37011431-30-004?wid=2048&hei=2867&fit=crop","Default","Size","XXL","RELAXED-FIT-T-SHIRT-260GSM-41-XXL",100,TRUE,FALSE,1990
"relaxed-fit-cotton-linen-blend-t-shirt-42","Relaxed fit cotton-linen blend T-shirt","Premium quality T-shirt from Mango.","published","https://media.mango.com/is/image/punto/37062898-11-002?wid=2048&hei=2867&fit=crop","https://media.mango.com/is/image/punto/37062898-11-001?wid=2048&hei=2867&fit=crop","https://media.mango.com/is/image/punto/37062898-11-003?wid=2048&hei=2867&fit=crop","https://media.mango.com/is/image/punto/37062898-11-004?wid=2048&hei=2867&fit=crop","Default","Size","XS","RELAXED-FIT-COTTON-LINEN-BLEND-T-SHIRT-42-XS",100,TRUE,FALSE,2499
"relaxed-fit-cotton-linen-blend-t-shirt-42","Relaxed fit cotton-linen blend T-shirt","Premium quality T-shirt from Mango.","published","https://media.mango.com/is/image/punto/37062898-11-002?wid=2048&hei=2867&fit=crop","https://media.mango.com/is/image/punto/37062898-11-001?wid=2048&hei=2867&fit=crop","https://media.mango.com/is/image/punto/37062898-11-003?wid=2048&hei=2867&fit=crop","https://media.mango.com/is/image/punto/37062898-11-004?wid=2048&hei=2867&fit=crop","Default","Size","S","RELAXED-FIT-COTTON-LINEN-BLEND-T-SHIRT-42-S",100,TRUE,FALSE,2499
"relaxed-fit-cotton-linen-blend-t-shirt-42","Relaxed fit cotton-linen blend T-shirt","Premium quality T-shirt from Mango.","published","https://media.mango.com/is/image/punto/37062898-11-002?wid=2048&hei=2867&fit=crop","https://media.mango.com/is/image/punto/37062898-11-001?wid=2048&hei=2867&fit=crop","https://media.mango.com/is/image/punto/37062898-11-003?wid=2048&hei=2867&fit=crop","https://media.mango.com/is/image/punto/37062898-11-004?wid=2048&hei=2867&fit=crop","Default","Size","M","RELAXED-FIT-COTTON-LINEN-BLEND-T-SHIRT-42-M",100,TRUE,FALSE,2499
"relaxed-fit-cotton-linen-blend-t-shirt-42","Relaxed fit cotton-linen blend T-shirt","Premium quality T-shirt from Mango.","published","https://media.mango.com/is/image/punto/37062898-11-002?wid=2048&hei=2867&fit=crop","https://media.mango.com/is/image/punto/37062898-11-001?wid=2048&hei=2867&fit=crop","https://media.mango.com/is/image/punto/37062898-11-003?wid=2048&hei=2867&fit=crop","https://media.mango.com/is/image/punto/37062898-11-004?wid=2048&hei=2867&fit=crop","Default","Size","L","RELAXED-FIT-COTTON-LINEN-BLEND-T-SHIRT-42-L",100,TRUE,FALSE,2499
"relaxed-fit-cotton-linen-blend-t-shirt-42","Relaxed fit cotton-linen blend T-shirt","Premium quality T-shirt from Mango.","published","https://media.mango.com/is/image/punto/37062898-11-002?wid=2048&hei=2867&fit=crop","https://media.mango.com/is/image/punto/37062898-11-001?wid=2048&hei=2867&fit=crop","https://media.mango.com/is/image/punto/37062898-11-003?wid=2048&hei=2867&fit=crop","https://media.mango.com/is/image/punto/37062898-11-004?wid=2048&hei=2867&fit=crop","Default","Size","XL","RELAXED-FIT-COTTON-LINEN-BLEND-T-SHIRT-42-XL",100,TRUE,FALSE,2499
"relaxed-fit-cotton-linen-blend-t-shirt-42","Relaxed fit cotton-linen blend T-shirt","Premium quality T-shirt from Mango.","published","https://media.mango.com/is/image/punto/37062898-11-002?wid=2048&hei=2867&fit=crop","https://media.mango.com/is/image/punto/37062898-11-001?wid=2048&hei=2867&fit=crop","https://media.mango.com/is/image/punto/37062898-11-003?wid=2048&hei=2867&fit=crop","https://media.mango.com/is/image/punto/37062898-11-004?wid=2048&hei=2867&fit=crop","Default","Size","XXL","RELAXED-FIT-COTTON-LINEN-BLEND-T-SHIRT-42-XXL",100,TRUE,FALSE,2499
"slim-fit-cotton-tank-top-43","Slim-fit cotton tank top","Premium quality T-shirt from Mango.","published","https://media.mango.com/is/image/punto/37011438-99-002?wid=2048&hei=2867&fit=crop","https://media.mango.com/is/image/punto/37011438-99-001?wid=2048&hei=2867&fit=crop","https://media.mango.com/is/image/punto/37011438-99-003?wid=2048&hei=2867&fit=crop","https://media.mango.com/is/image/punto/37011438-99-004?wid=2048&hei=2867&fit=crop","Default","Size","S","SLIM-FIT-COTTON-TANK-TOP-43-S",100,TRUE,FALSE,1899
"slim-fit-cotton-tank-top-43","Slim-fit cotton tank top","Premium quality T-shirt from Mango.","published","https://media.mango.com/is/image/punto/37011438-99-002?wid=2048&hei=2867&fit=crop","https://media.mango.com/is/image/punto/37011438-99-001?wid=2048&hei=2867&fit=crop","https://media.mango.com/is/image/punto/37011438-99-003?wid=2048&hei=2867&fit=crop","https://media.mango.com/is/image/punto/37011438-99-004?wid=2048&hei=2867&fit=crop","Default","Size","M","SLIM-FIT-COTTON-TANK-TOP-43-M",100,TRUE,FALSE,1899
"slim-fit-cotton-tank-top-43","Slim-fit cotton tank top","Premium quality T-shirt from Mango.","published","https://media.mango.com/is/image/punto/37011438-99-002?wid=2048&hei=2867&fit=crop","https://media.mango.com/is/image/punto/37011438-99-001?wid=2048&hei=2867&fit=crop","https://media.mango.com/is/image/punto/37011438-99-003?wid=2048&hei=2867&fit=crop","https://media.mango.com/is/image/punto/37011438-99-004?wid=2048&hei=2867&fit=crop","Default","Size","L","SLIM-FIT-COTTON-TANK-TOP-43-L",100,TRUE,FALSE,1899
"slim-fit-cotton-tank-top-43","Slim-fit cotton tank top","Premium quality T-shirt from Mango.","published","https://media.mango.com/is/image/punto/37011438-99-002?wid=2048&hei=2867&fit=crop","https://media.mango.com/is/image/punto/37011438-99-001?wid=2048&hei=2867&fit=crop","https://media.mango.com/is/image/punto/37011438-99-003?wid=2048&hei=2867&fit=crop","https://media.mango.com/is/image/punto/37011438-99-004?wid=2048&hei=2867&fit=crop","Default","Size","XL","SLIM-FIT-COTTON-TANK-TOP-43-XL",100,TRUE,FALSE,1899
"100-cotton-printed-t-shirt-44","100% cotton printed t-shirt","Premium quality T-shirt from Mango.","published","https://media.mango.com/is/image/punto/37034469-47-002?wid=2048&hei=2867&fit=crop","https://media.mango.com/is/image/punto/37034469-47-001?wid=2048&hei=2867&fit=crop","https://media.mango.com/is/image/punto/37034469-47-003?wid=2048&hei=2867&fit=crop","https://media.mango.com/is/image/punto/37034469-47-004?wid=2048&hei=2867&fit=crop","Default","Size","S","100-COTTON-PRINTED-T-SHIRT-44-S",100,TRUE,FALSE,3299
"100-cotton-printed-t-shirt-44","100% cotton printed t-shirt","Premium quality T-shirt from Mango.","published","https://media.mango.com/is/image/punto/37034469-47-002?wid=2048&hei=2867&fit=crop","https://media.mango.com/is/image/punto/37034469-47-001?wid=2048&hei=2867&fit=crop","https://media.mango.com/is/image/punto/37034469-47-003?wid=2048&hei=2867&fit=crop","https://media.mango.com/is/image/punto/37034469-47-004?wid=2048&hei=2867&fit=crop","Default","Size","M","100-COTTON-PRINTED-T-SHIRT-44-M",100,TRUE,FALSE,3299
"100-cotton-printed-t-shirt-44","100% cotton printed t-shirt","Premium quality T-shirt from Mango.","published","https://media.mango.com/is/image/punto/37034469-47-002?wid=2048&hei=2867&fit=crop","https://media.mango.com/is/image/punto/37034469-47-001?wid=2048&hei=2867&fit=crop","https://media.mango.com/is/image/punto/37034469-47-003?wid=2048&hei=2867&fit=crop","https://media.mango.com/is/image/punto/37034469-47-004?wid=2048&hei=2867&fit=crop","Default","Size","L","100-COTTON-PRINTED-T-SHIRT-44-L",100,TRUE,FALSE,3299
"100-cotton-printed-t-shirt-44","100% cotton printed t-shirt","Premium quality T-shirt from Mango.","published","https://media.mango.com/is/image/punto/37034469-47-002?wid=2048&hei=2867&fit=crop","https://media.mango.com/is/image/punto/37034469-47-001?wid=2048&hei=2867&fit=crop","https://media.mango.com/is/image/punto/37034469-47-003?wid=2048&hei=2867&fit=crop","https://media.mango.com/is/image/punto/37034469-47-004?wid=2048&hei=2867&fit=crop","Default","Size","XL","100-COTTON-PRINTED-T-SHIRT-44-XL",100,TRUE,FALSE,3299
"100-cotton-printed-t-shirt-44","100% cotton printed t-shirt","Premium quality T-shirt from Mango.","published","https://media.mango.com/is/image/punto/37034469-47-002?wid=2048&hei=2867&fit=crop","https://media.mango.com/is/image/punto/37034469-47-001?wid=2048&hei=2867&fit=crop","https://media.mango.com/is/image/punto/37034469-47-003?wid=2048&hei=2867&fit=crop","https://media.mango.com/is/image/punto/37034469-47-004?wid=2048&hei=2867&fit=crop","Default","Size","XXL","100-COTTON-PRINTED-T-SHIRT-44-XXL",100,TRUE,FALSE,3299
"slim-fit-t-shirt-180gsm-45","Slim fit T-shirt 180gsm","Premium quality T-shirt from Mango.","published","https://media.mango.com/is/image/punto/37011432-37-002?wid=2048&hei=2867&fit=crop","https://media.mango.com/is/image/punto/37011432-37-001?wid=2048&hei=2867&fit=crop","https://media.mango.com/is/image/punto/37011432-37-003?wid=2048&hei=2867&fit=crop","https://media.mango.com/is/image/punto/37011432-37-004?wid=2048&hei=2867&fit=crop","Default","Size","XS","SLIM-FIT-T-SHIRT-180GSM-45-XS",100,TRUE,FALSE,1290
"slim-fit-t-shirt-180gsm-45","Slim fit T-shirt 180gsm","Premium quality T-shirt from Mango.","published","https://media.mango.com/is/image/punto/37011432-37-002?wid=2048&hei=2867&fit=crop","https://media.mango.com/is/image/punto/37011432-37-001?wid=2048&hei=2867&fit=crop","https://media.mango.com/is/image/punto/37011432-37-003?wid=2048&hei=2867&fit=crop","https://media.mango.com/is/image/punto/37011432-37-004?wid=2048&hei=2867&fit=crop","Default","Size","S","SLIM-FIT-T-SHIRT-180GSM-45-S",100,TRUE,FALSE,1290
"slim-fit-t-shirt-180gsm-45","Slim fit T-shirt 180gsm","Premium quality T-shirt from Mango.","published","https://media.mango.com/is/image/punto/37011432-37-002?wid=2048&hei=2867&fit=crop","https://media.mango.com/is/image/punto/37011432-37-001?wid=2048&hei=2867&fit=crop","https://media.mango.com/is/image/punto/37011432-37-003?wid=2048&hei=2867&fit=crop","https://media.mango.com/is/image/punto/37011432-37-004?wid=2048&hei=2867&fit=crop","Default","Size","M","SLIM-FIT-T-SHIRT-180GSM-45-M",100,TRUE,FALSE,1290
"slim-fit-t-shirt-180gsm-45","Slim fit T-shirt 180gsm","Premium quality T-shirt from Mango.","published","https://media.mango.com/is/image/punto/37011432-37-002?wid=2048&hei=2867&fit=crop","https://media.mango.com/is/image/punto/37011432-37-001?wid=2048&hei=2867&fit=crop","https://media.mango.com/is/image/punto/37011432-37-003?wid=2048&hei=2867&fit=crop","https://media.mango.com/is/image/punto/37011432-37-004?wid=2048&hei=2867&fit=crop","Default","Size","L","SLIM-FIT-T-SHIRT-180GSM-45-L",100,TRUE,FALSE,1290
"slim-fit-t-shirt-180gsm-45","Slim fit T-shirt 180gsm","Premium quality T-shirt from Mango.","published","https://media.mango.com/is/image/punto/37011432-37-002?wid=2048&hei=2867&fit=crop","https://media.mango.com/is/image/punto/37011432-37-001?wid=2048&hei=2867&fit=crop","https://media.mango.com/is/image/punto/37011432-37-003?wid=2048&hei=2867&fit=crop","https://media.mango.com/is/image/punto/37011432-37-004?wid=2048&hei=2867&fit=crop","Default","Size","XL","SLIM-FIT-T-SHIRT-180GSM-45-XL",100,TRUE,FALSE,1290
"slim-fit-t-shirt-180gsm-45","Slim fit T-shirt 180gsm","Premium quality T-shirt from Mango.","published","https://media.mango.com/is/image/punto/37011432-37-002?wid=2048&hei=2867&fit=crop","https://media.mango.com/is/image/punto/37011432-37-001?wid=2048&hei=2867&fit=crop","https://media.mango.com/is/image/punto/37011432-37-003?wid=2048&hei=2867&fit=crop","https://media.mango.com/is/image/punto/37011432-37-004?wid=2048&hei=2867&fit=crop","Default","Size","XXL","SLIM-FIT-T-SHIRT-180GSM-45-XXL",100,TRUE,FALSE,1290
"100-cotton-printed-t-shirt-46","100% cotton printed t-shirt","Premium quality T-shirt from Mango.","published","https://media.mango.com/is/image/punto/37052912-01-004?wid=2048&hei=2867&fit=crop","https://media.mango.com/is/image/punto/37052912-01-001?wid=2048&hei=2867&fit=crop","https://media.mango.com/is/image/punto/37052912-01-002?wid=2048&hei=2867&fit=crop","https://media.mango.com/is/image/punto/37052912-01-003?wid=2048&hei=2867&fit=crop","Default","Size","S","100-COTTON-PRINTED-T-SHIRT-46-S",100,TRUE,FALSE,2999
"100-cotton-printed-t-shirt-46","100% cotton printed t-shirt","Premium quality T-shirt from Mango.","published","https://media.mango.com/is/image/punto/37052912-01-004?wid=2048&hei=2867&fit=crop","https://media.mango.com/is/image/punto/37052912-01-001?wid=2048&hei=2867&fit=crop","https://media.mango.com/is/image/punto/37052912-01-002?wid=2048&hei=2867&fit=crop","https://media.mango.com/is/image/punto/37052912-01-003?wid=2048&hei=2867&fit=crop","Default","Size","M","100-COTTON-PRINTED-T-SHIRT-46-M",100,TRUE,FALSE,2999
"100-cotton-printed-t-shirt-46","100% cotton printed t-shirt","Premium quality T-shirt from Mango.","published","https://media.mango.com/is/image/punto/37052912-01-004?wid=2048&hei=2867&fit=crop","https://media.mango.com/is/image/punto/37052912-01-001?wid=2048&hei=2867&fit=crop","https://media.mango.com/is/image/punto/37052912-01-002?wid=2048&hei=2867&fit=crop","https://media.mango.com/is/image/punto/37052912-01-003?wid=2048&hei=2867&fit=crop","Default","Size","L","100-COTTON-PRINTED-T-SHIRT-46-L",100,TRUE,FALSE,2999
"100-cotton-printed-t-shirt-46","100% cotton printed t-shirt","Premium quality T-shirt from Mango.","published","https://media.mango.com/is/image/punto/37052912-01-004?wid=2048&hei=2867&fit=crop","https://media.mango.com/is/image/punto/37052912-01-001?wid=2048&hei=2867&fit=crop","https://media.mango.com/is/image/punto/37052912-01-002?wid=2048&hei=2867&fit=crop","https://media.mango.com/is/image/punto/37052912-01-003?wid=2048&hei=2867&fit=crop","Default","Size","XL","100-COTTON-PRINTED-T-SHIRT-46-XL",100,TRUE,FALSE,2999
"100-cotton-printed-t-shirt-46","100% cotton printed t-shirt","Premium quality T-shirt from Mango.","published","https://media.mango.com/is/image/punto/37052912-01-004?wid=2048&hei=2867&fit=crop","https://media.mango.com/is/image/punto/37052912-01-001?wid=2048&hei=2867&fit=crop","https://media.mango.com/is/image/punto/37052912-01-002?wid=2048&hei=2867&fit=crop","https://media.mango.com/is/image/punto/37052912-01-003?wid=2048&hei=2867&fit=crop","Default","Size","XXL","100-COTTON-PRINTED-T-SHIRT-46-XXL",100,TRUE,FALSE,2999
"relaxed-fit-t-shirt-260gsm-47","Relaxed fit T-shirt 260gsm","Premium quality T-shirt from Mango.","published","https://media.mango.com/is/image/punto/37011431-56-002?wid=2048&hei=2867&fit=crop","https://media.mango.com/is/image/punto/37011431-56-001?wid=2048&hei=2867&fit=crop","https://media.mango.com/is/image/punto/37011431-56-003?wid=2048&hei=2867&fit=crop","https://media.mango.com/is/image/punto/37011431-56-004?wid=2048&hei=2867&fit=crop","Default","Size","XS","RELAXED-FIT-T-SHIRT-260GSM-47-XS",100,TRUE,FALSE,1990
"relaxed-fit-t-shirt-260gsm-47","Relaxed fit T-shirt 260gsm","Premium quality T-shirt from Mango.","published","https://media.mango.com/is/image/punto/37011431-56-002?wid=2048&hei=2867&fit=crop","https://media.mango.com/is/image/punto/37011431-56-001?wid=2048&hei=2867&fit=crop","https://media.mango.com/is/image/punto/37011431-56-003?wid=2048&hei=2867&fit=crop","https://media.mango.com/is/image/punto/37011431-56-004?wid=2048&hei=2867&fit=crop","Default","Size","S","RELAXED-FIT-T-SHIRT-260GSM-47-S",100,TRUE,FALSE,1990
"relaxed-fit-t-shirt-260gsm-47","Relaxed fit T-shirt 260gsm","Premium quality T-shirt from Mango.","published","https://media.mango.com/is/image/punto/37011431-56-002?wid=2048&hei=2867&fit=crop","https://media.mango.com/is/image/punto/37011431-56-001?wid=2048&hei=2867&fit=crop","https://media.mango.com/is/image/punto/37011431-56-003?wid=2048&hei=2867&fit=crop","https://media.mango.com/is/image/punto/37011431-56-004?wid=2048&hei=2867&fit=crop","Default","Size","M","RELAXED-FIT-T-SHIRT-260GSM-47-M",100,TRUE,FALSE,1990
"relaxed-fit-t-shirt-260gsm-47","Relaxed fit T-shirt 260gsm","Premium quality T-shirt from Mango.","published","https://media.mango.com/is/image/punto/37011431-56-002?wid=2048&hei=2867&fit=crop","https://media.mango.com/is/image/punto/37011431-56-001?wid=2048&hei=2867&fit=crop","https://media.mango.com/is/image/punto/37011431-56-003?wid=2048&hei=2867&fit=crop","https://media.mango.com/is/image/punto/37011431-56-004?wid=2048&hei=2867&fit=crop","Default","Size","L","RELAXED-FIT-T-SHIRT-260GSM-47-L",100,TRUE,FALSE,1990
"relaxed-fit-t-shirt-260gsm-47","Relaxed fit T-shirt 260gsm","Premium quality T-shirt from Mango.","published","https://media.mango.com/is/image/punto/37011431-56-002?wid=2048&hei=2867&fit=crop","https://media.mango.com/is/image/punto/37011431-56-001?wid=2048&hei=2867&fit=crop","https://media.mango.com/is/image/punto/37011431-56-003?wid=2048&hei=2867&fit=crop","https://media.mango.com/is/image/punto/37011431-56-004?wid=2048&hei=2867&fit=crop","Default","Size","XL","RELAXED-FIT-T-SHIRT-260GSM-47-XL",100,TRUE,FALSE,1990
"relaxed-fit-t-shirt-260gsm-47","Relaxed fit T-shirt 260gsm","Premium quality T-shirt from Mango.","published","https://media.mango.com/is/image/punto/37011431-56-002?wid=2048&hei=2867&fit=crop","https://media.mango.com/is/image/punto/37011431-56-001?wid=2048&hei=2867&fit=crop","https://media.mango.com/is/image/punto/37011431-56-003?wid=2048&hei=2867&fit=crop","https://media.mango.com/is/image/punto/37011431-56-004?wid=2048&hei=2867&fit=crop","Default","Size","XXL","RELAXED-FIT-T-SHIRT-260GSM-47-XXL",100,TRUE,FALSE,1990
"regular-fit-t-shirt-200gsm-48","Regular fit T-shirt 200gsm","Premium quality T-shirt from Mango.","published","https://media.mango.com/is/image/punto/37011433-99-002?wid=2048&hei=2867&fit=crop","https://media.mango.com/is/image/punto/37011433-99-001?wid=2048&hei=2867&fit=crop","https://media.mango.com/is/image/punto/37011433-99-003?wid=2048&hei=2867&fit=crop","https://media.mango.com/is/image/punto/37011433-99-004?wid=2048&hei=2867&fit=crop","Default","Size","XS","REGULAR-FIT-T-SHIRT-200GSM-48-XS",100,TRUE,FALSE,2499
"regular-fit-t-shirt-200gsm-48","Regular fit T-shirt 200gsm","Premium quality T-shirt from Mango.","published","https://media.mango.com/is/image/punto/37011433-99-002?wid=2048&hei=2867&fit=crop","https://media.mango.com/is/image/punto/37011433-99-001?wid=2048&hei=2867&fit=crop","https://media.mango.com/is/image/punto/37011433-99-003?wid=2048&hei=2867&fit=crop","https://media.mango.com/is/image/punto/37011433-99-004?wid=2048&hei=2867&fit=crop","Default","Size","S","REGULAR-FIT-T-SHIRT-200GSM-48-S",100,TRUE,FALSE,2499
"regular-fit-t-shirt-200gsm-48","Regular fit T-shirt 200gsm","Premium quality T-shirt from Mango.","published","https://media.mango.com/is/image/punto/37011433-99-002?wid=2048&hei=2867&fit=crop","https://media.mango.com/is/image/punto/37011433-99-001?wid=2048&hei=2867&fit=crop","https://media.mango.com/is/image/punto/37011433-99-003?wid=2048&hei=2867&fit=crop","https://media.mango.com/is/image/punto/37011433-99-004?wid=2048&hei=2867&fit=crop","Default","Size","M","REGULAR-FIT-T-SHIRT-200GSM-48-M",100,TRUE,FALSE,2499
"regular-fit-t-shirt-200gsm-48","Regular fit T-shirt 200gsm","Premium quality T-shirt from Mango.","published","https://media.mango.com/is/image/punto/37011433-99-002?wid=2048&hei=2867&fit=crop","https://media.mango.com/is/image/punto/37011433-99-001?wid=2048&hei=2867&fit=crop","https://media.mango.com/is/image/punto/37011433-99-003?wid=2048&hei=2867&fit=crop","https://media.mango.com/is/image/punto/37011433-99-004?wid=2048&hei=2867&fit=crop","Default","Size","L","REGULAR-FIT-T-SHIRT-200GSM-48-L",100,TRUE,FALSE,2499
"regular-fit-t-shirt-200gsm-48","Regular fit T-shirt 200gsm","Premium quality T-shirt from Mango.","published","https://media.mango.com/is/image/punto/37011433-99-002?wid=2048&hei=2867&fit=crop","https://media.mango.com/is/image/punto/37011433-99-001?wid=2048&hei=2867&fit=crop","https://media.mango.com/is/image/punto/37011433-99-003?wid=2048&hei=2867&fit=crop","https://media.mango.com/is/image/punto/37011433-99-004?wid=2048&hei=2867&fit=crop","Default","Size","XL","REGULAR-FIT-T-SHIRT-200GSM-48-XL",100,TRUE,FALSE,2499
"regular-fit-t-shirt-200gsm-48","Regular fit T-shirt 200gsm","Premium quality T-shirt from Mango.","published","https://media.mango.com/is/image/punto/37011433-99-002?wid=2048&hei=2867&fit=crop","https://media.mango.com/is/image/punto/37011433-99-001?wid=2048&hei=2867&fit=crop","https://media.mango.com/is/image/punto/37011433-99-003?wid=2048&hei=2867&fit=crop","https://media.mango.com/is/image/punto/37011433-99-004?wid=2048&hei=2867&fit=crop","Default","Size","XXL","REGULAR-FIT-T-SHIRT-200GSM-48-XXL",100,TRUE,FALSE,2499
"pack-of-2-stretch-cotton-t-shirts-49","Pack of 2 stretch cotton t-shirts","Premium quality T-shirt from Mango.","published","https://media.mango.com/is/image/punto/27041301-01-002?wid=2048&hei=2867&fit=crop","https://media.mango.com/is/image/punto/27041301-01-001?wid=2048&hei=2867&fit=crop","https://media.mango.com/is/image/punto/27041301-01-003?wid=2048&hei=2867&fit=crop","https://media.mango.com/is/image/punto/27041301-01-004?wid=2048&hei=2867&fit=crop","Default","Size","S","PACK-OF-2-STRETCH-COTTON-T-SHIRTS-49-S",100,TRUE,FALSE,2890
"pack-of-2-stretch-cotton-t-shirts-49","Pack of 2 stretch cotton t-shirts","Premium quality T-shirt from Mango.","published","https://media.mango.com/is/image/punto/27041301-01-002?wid=2048&hei=2867&fit=crop","https://media.mango.com/is/image/punto/27041301-01-001?wid=2048&hei=2867&fit=crop","https://media.mango.com/is/image/punto/27041301-01-003?wid=2048&hei=2867&fit=crop","https://media.mango.com/is/image/punto/27041301-01-004?wid=2048&hei=2867&fit=crop","Default","Size","M","PACK-OF-2-STRETCH-COTTON-T-SHIRTS-49-M",100,TRUE,FALSE,2890
"pack-of-2-stretch-cotton-t-shirts-49","Pack of 2 stretch cotton t-shirts","Premium quality T-shirt from Mango.","published","https://media.mango.com/is/image/punto/27041301-01-002?wid=2048&hei=2867&fit=crop","https://media.mango.com/is/image/punto/27041301-01-001?wid=2048&hei=2867&fit=crop","https://media.mango.com/is/image/punto/27041301-01-003?wid=2048&hei=2867&fit=crop","https://media.mango.com/is/image/punto/27041301-01-004?wid=2048&hei=2867&fit=crop","Default","Size","L","PACK-OF-2-STRETCH-COTTON-T-SHIRTS-49-L",100,TRUE,FALSE,2890
"pack-of-2-stretch-cotton-t-shirts-49","Pack of 2 stretch cotton t-shirts","Premium quality T-shirt from Mango.","published","https://media.mango.com/is/image/punto/27041301-01-002?wid=2048&hei=2867&fit=crop","https://media.mango.com/is/image/punto/27041301-01-001?wid=2048&hei=2867&fit=crop","https://media.mango.com/is/image/punto/27041301-01-003?wid=2048&hei=2867&fit=crop","https://media.mango.com/is/image/punto/27041301-01-004?wid=2048&hei=2867&fit=crop","Default","Size","XL","PACK-OF-2-STRETCH-COTTON-T-SHIRTS-49-XL",100,TRUE,FALSE,2890
"printed-cotton-blend-t-shirt-50","Printed cotton-blend T-shirt","Premium quality T-shirt from Mango.","published","https://media.mango.com/is/image/punto/37052911-30-004?wid=2048&hei=2867&fit=crop","https://media.mango.com/is/image/punto/37052911-30-001?wid=2048&hei=2867&fit=crop","https://media.mango.com/is/image/punto/37052911-30-002?wid=2048&hei=2867&fit=crop","https://media.mango.com/is/image/punto/37052911-30-003?wid=2048&hei=2867&fit=crop","Default","Size","S","PRINTED-COTTON-BLEND-T-SHIRT-50-S",100,TRUE,FALSE,2999
"printed-cotton-blend-t-shirt-50","Printed cotton-blend T-shirt","Premium quality T-shirt from Mango.","published","https://media.mango.com/is/image/punto/37052911-30-004?wid=2048&hei=2867&fit=crop","https://media.mango.com/is/image/punto/37052911-30-001?wid=2048&hei=2867&fit=crop","https://media.mango.com/is/image/punto/37052911-30-002?wid=2048&hei=2867&fit=crop","https://media.mango.com/is/image/punto/37052911-30-003?wid=2048&hei=2867&fit=crop","Default","Size","M","PRINTED-COTTON-BLEND-T-SHIRT-50-M",100,TRUE,FALSE,2999
"printed-cotton-blend-t-shirt-50","Printed cotton-blend T-shirt","Premium quality T-shirt from Mango.","published","https://media.mango.com/is/image/punto/37052911-30-004?wid=2048&hei=2867&fit=crop","https://media.mango.com/is/image/punto/37052911-30-001?wid=2048&hei=2867&fit=crop","https://media.mango.com/is/image/punto/37052911-30-002?wid=2048&hei=2867&fit=crop","https://media.mango.com/is/image/punto/37052911-30-003?wid=2048&hei=2867&fit=crop","Default","Size","L","PRINTED-COTTON-BLEND-T-SHIRT-50-L",100,TRUE,FALSE,2999
"printed-cotton-blend-t-shirt-50","Printed cotton-blend T-shirt","Premium quality T-shirt from Mango.","published","https://media.mango.com/is/image/punto/37052911-30-004?wid=2048&hei=2867&fit=crop","https://media.mango.com/is/image/punto/37052911-30-001?wid=2048&hei=2867&fit=crop","https://media.mango.com/is/image/punto/37052911-30-002?wid=2048&hei=2867&fit=crop","https://media.mango.com/is/image/punto/37052911-30-003?wid=2048&hei=2867&fit=crop","Default","Size","XL","PRINTED-COTTON-BLEND-T-SHIRT-50-XL",100,TRUE,FALSE,2999
"printed-cotton-blend-t-shirt-50","Printed cotton-blend T-shirt","Premium quality T-shirt from Mango.","published","https://media.mango.com/is/image/punto/37052911-30-004?wid=2048&hei=2867&fit=crop","https://media.mango.com/is/image/punto/37052911-30-001?wid=2048&hei=2867&fit=crop","https://media.mango.com/is/image/punto/37052911-30-002?wid=2048&hei=2867&fit=crop","https://media.mango.com/is/image/punto/37052911-30-003?wid=2048&hei=2867&fit=crop","Default","Size","XXL","PRINTED-COTTON-BLEND-T-SHIRT-50-XXL",100,TRUE,FALSE,2999
"slim-fit-striped-jersey-t-shirt-51","Slim fit striped jersey t-shirt","Premium quality T-shirt from Mango.","published","https://media.mango.com/is/image/punto/37031438-02-002?wid=2048&hei=2867&fit=crop","https://media.mango.com/is/image/punto/37031438-02-001?wid=2048&hei=2867&fit=crop","https://media.mango.com/is/image/punto/37031438-02-003?wid=2048&hei=2867&fit=crop","https://media.mango.com/is/image/punto/37031438-02-004?wid=2048&hei=2867&fit=crop","Default","Size","S","SLIM-FIT-STRIPED-JERSEY-T-SHIRT-51-S",100,TRUE,FALSE,4299
"slim-fit-striped-jersey-t-shirt-51","Slim fit striped jersey t-shirt","Premium quality T-shirt from Mango.","published","https://media.mango.com/is/image/punto/37031438-02-002?wid=2048&hei=2867&fit=crop","https://media.mango.com/is/image/punto/37031438-02-001?wid=2048&hei=2867&fit=crop","https://media.mango.com/is/image/punto/37031438-02-003?wid=2048&hei=2867&fit=crop","https://media.mango.com/is/image/punto/37031438-02-004?wid=2048&hei=2867&fit=crop","Default","Size","M","SLIM-FIT-STRIPED-JERSEY-T-SHIRT-51-M",100,TRUE,FALSE,4299
"slim-fit-striped-jersey-t-shirt-51","Slim fit striped jersey t-shirt","Premium quality T-shirt from Mango.","published","https://media.mango.com/is/image/punto/37031438-02-002?wid=2048&hei=2867&fit=crop","https://media.mango.com/is/image/punto/37031438-02-001?wid=2048&hei=2867&fit=crop","https://media.mango.com/is/image/punto/37031438-02-003?wid=2048&hei=2867&fit=crop","https://media.mango.com/is/image/punto/37031438-02-004?wid=2048&hei=2867&fit=crop","Default","Size","L","SLIM-FIT-STRIPED-JERSEY-T-SHIRT-51-L",100,TRUE,FALSE,4299
"slim-fit-striped-jersey-t-shirt-51","Slim fit striped jersey t-shirt","Premium quality T-shirt from Mango.","published","https://media.mango.com/is/image/punto/37031438-02-002?wid=2048&hei=2867&fit=crop","https://media.mango.com/is/image/punto/37031438-02-001?wid=2048&hei=2867&fit=crop","https://media.mango.com/is/image/punto/37031438-02-003?wid=2048&hei=2867&fit=crop","https://media.mango.com/is/image/punto/37031438-02-004?wid=2048&hei=2867&fit=crop","Default","Size","XL","SLIM-FIT-STRIPED-JERSEY-T-SHIRT-51-XL",100,TRUE,FALSE,4299
"slim-fit-striped-jersey-t-shirt-51","Slim fit striped jersey t-shirt","Premium quality T-shirt from Mango.","published","https://media.mango.com/is/image/punto/37031438-02-002?wid=2048&hei=2867&fit=crop","https://media.mango.com/is/image/punto/37031438-02-001?wid=2048&hei=2867&fit=crop","https://media.mango.com/is/image/punto/37031438-02-003?wid=2048&hei=2867&fit=crop","https://media.mango.com/is/image/punto/37031438-02-004?wid=2048&hei=2867&fit=crop","Default","Size","XXL","SLIM-FIT-STRIPED-JERSEY-T-SHIRT-51-XXL",100,TRUE,FALSE,4299
"ribbed-linen-lyocell-blend-t-shirt-52","Ribbed linen lyocell blend T-shirt","Premium quality T-shirt from Mango.","published","https://media.mango.com/is/image/punto/37032900-02-002?wid=2048&hei=2867&fit=crop","https://media.mango.com/is/image/punto/37032900-02-001?wid=2048&hei=2867&fit=crop","https://media.mango.com/is/image/punto/37032900-02-003?wid=2048&hei=2867&fit=crop","https://media.mango.com/is/image/punto/37032900-02-004?wid=2048&hei=2867&fit=crop","Default","Size","S","RIBBED-LINEN-LYOCELL-BLEND-T-SHIRT-52-S",100,TRUE,FALSE,4499
"ribbed-linen-lyocell-blend-t-shirt-52","Ribbed linen lyocell blend T-shirt","Premium quality T-shirt from Mango.","published","https://media.mango.com/is/image/punto/37032900-02-002?wid=2048&hei=2867&fit=crop","https://media.mango.com/is/image/punto/37032900-02-001?wid=2048&hei=2867&fit=crop","https://media.mango.com/is/image/punto/37032900-02-003?wid=2048&hei=2867&fit=crop","https://media.mango.com/is/image/punto/37032900-02-004?wid=2048&hei=2867&fit=crop","Default","Size","M","RIBBED-LINEN-LYOCELL-BLEND-T-SHIRT-52-M",100,TRUE,FALSE,4499
"ribbed-linen-lyocell-blend-t-shirt-52","Ribbed linen lyocell blend T-shirt","Premium quality T-shirt from Mango.","published","https://media.mango.com/is/image/punto/37032900-02-002?wid=2048&hei=2867&fit=crop","https://media.mango.com/is/image/punto/37032900-02-001?wid=2048&hei=2867&fit=crop","https://media.mango.com/is/image/punto/37032900-02-003?wid=2048&hei=2867&fit=crop","https://media.mango.com/is/image/punto/37032900-02-004?wid=2048&hei=2867&fit=crop","Default","Size","L","RIBBED-LINEN-LYOCELL-BLEND-T-SHIRT-52-L",100,TRUE,FALSE,4499
"ribbed-linen-lyocell-blend-t-shirt-52","Ribbed linen lyocell blend T-shirt","Premium quality T-shirt from Mango.","published","https://media.mango.com/is/image/punto/37032900-02-002?wid=2048&hei=2867&fit=crop","https://media.mango.com/is/image/punto/37032900-02-001?wid=2048&hei=2867&fit=crop","https://media.mango.com/is/image/punto/37032900-02-003?wid=2048&hei=2867&fit=crop","https://media.mango.com/is/image/punto/37032900-02-004?wid=2048&hei=2867&fit=crop","Default","Size","XL","RIBBED-LINEN-LYOCELL-BLEND-T-SHIRT-52-XL",100,TRUE,FALSE,4499
"ribbed-linen-lyocell-blend-t-shirt-52","Ribbed linen lyocell blend T-shirt","Premium quality T-shirt from Mango.","published","https://media.mango.com/is/image/punto/37032900-02-002?wid=2048&hei=2867&fit=crop","https://media.mango.com/is/image/punto/37032900-02-001?wid=2048&hei=2867&fit=crop","https://media.mango.com/is/image/punto/37032900-02-003?wid=2048&hei=2867&fit=crop","https://media.mango.com/is/image/punto/37032900-02-004?wid=2048&hei=2867&fit=crop","Default","Size","XXL","RIBBED-LINEN-LYOCELL-BLEND-T-SHIRT-52-XXL",100,TRUE,FALSE,4499
"regular-fit-t-shirt-200gsm-53","Regular fit T-shirt 200gsm","Premium quality T-shirt from Mango.","published","https://media.mango.com/is/image/punto/37011433-55-002?wid=2048&hei=2867&fit=crop","https://media.mango.com/is/image/punto/37011433-55-001?wid=2048&hei=2867&fit=crop","https://media.mango.com/is/image/punto/37011433-55-003?wid=2048&hei=2867&fit=crop","https://media.mango.com/is/image/punto/37011433-55-004?wid=2048&hei=2867&fit=crop","Default","Size","XS","REGULAR-FIT-T-SHIRT-200GSM-53-XS",100,TRUE,FALSE,2499
"regular-fit-t-shirt-200gsm-53","Regular fit T-shirt 200gsm","Premium quality T-shirt from Mango.","published","https://media.mango.com/is/image/punto/37011433-55-002?wid=2048&hei=2867&fit=crop","https://media.mango.com/is/image/punto/37011433-55-001?wid=2048&hei=2867&fit=crop","https://media.mango.com/is/image/punto/37011433-55-003?wid=2048&hei=2867&fit=crop","https://media.mango.com/is/image/punto/37011433-55-004?wid=2048&hei=2867&fit=crop","Default","Size","S","REGULAR-FIT-T-SHIRT-200GSM-53-S",100,TRUE,FALSE,2499
"regular-fit-t-shirt-200gsm-53","Regular fit T-shirt 200gsm","Premium quality T-shirt from Mango.","published","https://media.mango.com/is/image/punto/37011433-55-002?wid=2048&hei=2867&fit=crop","https://media.mango.com/is/image/punto/37011433-55-001?wid=2048&hei=2867&fit=crop","https://media.mango.com/is/image/punto/37011433-55-003?wid=2048&hei=2867&fit=crop","https://media.mango.com/is/image/punto/37011433-55-004?wid=2048&hei=2867&fit=crop","Default","Size","M","REGULAR-FIT-T-SHIRT-200GSM-53-M",100,TRUE,FALSE,2499
"regular-fit-t-shirt-200gsm-53","Regular fit T-shirt 200gsm","Premium quality T-shirt from Mango.","published","https://media.mango.com/is/image/punto/37011433-55-002?wid=2048&hei=2867&fit=crop","https://media.mango.com/is/image/punto/37011433-55-001?wid=2048&hei=2867&fit=crop","https://media.mango.com/is/image/punto/37011433-55-003?wid=2048&hei=2867&fit=crop","https://media.mango.com/is/image/punto/37011433-55-004?wid=2048&hei=2867&fit=crop","Default","Size","L","REGULAR-FIT-T-SHIRT-200GSM-53-L",100,TRUE,FALSE,2499
"regular-fit-t-shirt-200gsm-53","Regular fit T-shirt 200gsm","Premium quality T-shirt from Mango.","published","https://media.mango.com/is/image/punto/37011433-55-002?wid=2048&hei=2867&fit=crop","https://media.mango.com/is/image/punto/37011433-55-001?wid=2048&hei=2867&fit=crop","https://media.mango.com/is/image/punto/37011433-55-003?wid=2048&hei=2867&fit=crop","https://media.mango.com/is/image/punto/37011433-55-004?wid=2048&hei=2867&fit=crop","Default","Size","XL","REGULAR-FIT-T-SHIRT-200GSM-53-XL",100,TRUE,FALSE,2499
"regular-fit-t-shirt-200gsm-53","Regular fit T-shirt 200gsm","Premium quality T-shirt from Mango.","published","https://media.mango.com/is/image/punto/37011433-55-002?wid=2048&hei=2867&fit=crop","https://media.mango.com/is/image/punto/37011433-55-001?wid=2048&hei=2867&fit=crop","https://media.mango.com/is/image/punto/37011433-55-003?wid=2048&hei=2867&fit=crop","https://media.mango.com/is/image/punto/37011433-55-004?wid=2048&hei=2867&fit=crop","Default","Size","XXL","REGULAR-FIT-T-SHIRT-200GSM-53-XXL",100,TRUE,FALSE,2499
"relaxed-fit-t-shirt-260gsm-54","Relaxed fit T-shirt 260gsm","Premium quality T-shirt from Mango.","published","https://media.mango.com/is/image/punto/37011431-52-002?wid=2048&hei=2867&fit=crop","https://media.mango.com/is/image/punto/37011431-52-001?wid=2048&hei=2867&fit=crop","https://media.mango.com/is/image/punto/37011431-52-003?wid=2048&hei=2867&fit=crop","https://media.mango.com/is/image/punto/37011431-52-004?wid=2048&hei=2867&fit=crop","Default","Size","XS","RELAXED-FIT-T-SHIRT-260GSM-54-XS",100,TRUE,FALSE,1990
"relaxed-fit-t-shirt-260gsm-54","Relaxed fit T-shirt 260gsm","Premium quality T-shirt from Mango.","published","https://media.mango.com/is/image/punto/37011431-52-002?wid=2048&hei=2867&fit=crop","https://media.mango.com/is/image/punto/37011431-52-001?wid=2048&hei=2867&fit=crop","https://media.mango.com/is/image/punto/37011431-52-003?wid=2048&hei=2867&fit=crop","https://media.mango.com/is/image/punto/37011431-52-004?wid=2048&hei=2867&fit=crop","Default","Size","S","RELAXED-FIT-T-SHIRT-260GSM-54-S",100,TRUE,FALSE,1990
"relaxed-fit-t-shirt-260gsm-54","Relaxed fit T-shirt 260gsm","Premium quality T-shirt from Mango.","published","https://media.mango.com/is/image/punto/37011431-52-002?wid=2048&hei=2867&fit=crop","https://media.mango.com/is/image/punto/37011431-52-001?wid=2048&hei=2867&fit=crop","https://media.mango.com/is/image/punto/37011431-52-003?wid=2048&hei=2867&fit=crop","https://media.mango.com/is/image/punto/37011431-52-004?wid=2048&hei=2867&fit=crop","Default","Size","M","RELAXED-FIT-T-SHIRT-260GSM-54-M",100,TRUE,FALSE,1990
"relaxed-fit-t-shirt-260gsm-54","Relaxed fit T-shirt 260gsm","Premium quality T-shirt from Mango.","published","https://media.mango.com/is/image/punto/37011431-52-002?wid=2048&hei=2867&fit=crop","https://media.mango.com/is/image/punto/37011431-52-001?wid=2048&hei=2867&fit=crop","https://media.mango.com/is/image/punto/37011431-52-003?wid=2048&hei=2867&fit=crop","https://media.mango.com/is/image/punto/37011431-52-004?wid=2048&hei=2867&fit=crop","Default","Size","L","RELAXED-FIT-T-SHIRT-260GSM-54-L",100,TRUE,FALSE,1990
"relaxed-fit-t-shirt-260gsm-54","Relaxed fit T-shirt 260gsm","Premium quality T-shirt from Mango.","published","https://media.mango.com/is/image/punto/37011431-52-002?wid=2048&hei=2867&fit=crop","https://media.mango.com/is/image/punto/37011431-52-001?wid=2048&hei=2867&fit=crop","https://media.mango.com/is/image/punto/37011431-52-003?wid=2048&hei=2867&fit=crop","https://media.mango.com/is/image/punto/37011431-52-004?wid=2048&hei=2867&fit=crop","Default","Size","XL","RELAXED-FIT-T-SHIRT-260GSM-54-XL",100,TRUE,FALSE,1990
"relaxed-fit-t-shirt-260gsm-54","Relaxed fit T-shirt 260gsm","Premium quality T-shirt from Mango.","published","https://media.mango.com/is/image/punto/37011431-52-002?wid=2048&hei=2867&fit=crop","https://media.mango.com/is/image/punto/37011431-52-001?wid=2048&hei=2867&fit=crop","https://media.mango.com/is/image/punto/37011431-52-003?wid=2048&hei=2867&fit=crop","https://media.mango.com/is/image/punto/37011431-52-004?wid=2048&hei=2867&fit=crop","Default","Size","XXL","RELAXED-FIT-T-SHIRT-260GSM-54-XXL",100,TRUE,FALSE,1990
"regular-fit-t-shirt-190gsm-55","Regular fit T-shirt 190gsm","Premium quality T-shirt from Mango.","published","https://media.mango.com/is/image/punto/37011436-56-002?wid=2048&hei=2867&fit=crop","https://media.mango.com/is/image/punto/37011436-56-001?wid=2048&hei=2867&fit=crop","https://media.mango.com/is/image/punto/37011436-56-003?wid=2048&hei=2867&fit=crop","https://media.mango.com/is/image/punto/37011436-56-004?wid=2048&hei=2867&fit=crop","Default","Size","XS","REGULAR-FIT-T-SHIRT-190GSM-55-XS",100,TRUE,FALSE,2299
"regular-fit-t-shirt-190gsm-55","Regular fit T-shirt 190gsm","Premium quality T-shirt from Mango.","published","https://media.mango.com/is/image/punto/37011436-56-002?wid=2048&hei=2867&fit=crop","https://media.mango.com/is/image/punto/37011436-56-001?wid=2048&hei=2867&fit=crop","https://media.mango.com/is/image/punto/37011436-56-003?wid=2048&hei=2867&fit=crop","https://media.mango.com/is/image/punto/37011436-56-004?wid=2048&hei=2867&fit=crop","Default","Size","S","REGULAR-FIT-T-SHIRT-190GSM-55-S",100,TRUE,FALSE,2299
"regular-fit-t-shirt-190gsm-55","Regular fit T-shirt 190gsm","Premium quality T-shirt from Mango.","published","https://media.mango.com/is/image/punto/37011436-56-002?wid=2048&hei=2867&fit=crop","https://media.mango.com/is/image/punto/37011436-56-001?wid=2048&hei=2867&fit=crop","https://media.mango.com/is/image/punto/37011436-56-003?wid=2048&hei=2867&fit=crop","https://media.mango.com/is/image/punto/37011436-56-004?wid=2048&hei=2867&fit=crop","Default","Size","M","REGULAR-FIT-T-SHIRT-190GSM-55-M",100,TRUE,FALSE,2299
"regular-fit-t-shirt-190gsm-55","Regular fit T-shirt 190gsm","Premium quality T-shirt from Mango.","published","https://media.mango.com/is/image/punto/37011436-56-002?wid=2048&hei=2867&fit=crop","https://media.mango.com/is/image/punto/37011436-56-001?wid=2048&hei=2867&fit=crop","https://media.mango.com/is/image/punto/37011436-56-003?wid=2048&hei=2867&fit=crop","https://media.mango.com/is/image/punto/37011436-56-004?wid=2048&hei=2867&fit=crop","Default","Size","L","REGULAR-FIT-T-SHIRT-190GSM-55-L",100,TRUE,FALSE,2299
"regular-fit-t-shirt-190gsm-55","Regular fit T-shirt 190gsm","Premium quality T-shirt from Mango.","published","https://media.mango.com/is/image/punto/37011436-56-002?wid=2048&hei=2867&fit=crop","https://media.mango.com/is/image/punto/37011436-56-001?wid=2048&hei=2867&fit=crop","https://media.mango.com/is/image/punto/37011436-56-003?wid=2048&hei=2867&fit=crop","https://media.mango.com/is/image/punto/37011436-56-004?wid=2048&hei=2867&fit=crop","Default","Size","XL","REGULAR-FIT-T-SHIRT-190GSM-55-XL",100,TRUE,FALSE,2299
"regular-fit-t-shirt-190gsm-55","Regular fit T-shirt 190gsm","Premium quality T-shirt from Mango.","published","https://media.mango.com/is/image/punto/37011436-56-002?wid=2048&hei=2867&fit=crop","https://media.mango.com/is/image/punto/37011436-56-001?wid=2048&hei=2867&fit=crop","https://media.mango.com/is/image/punto/37011436-56-003?wid=2048&hei=2867&fit=crop","https://media.mango.com/is/image/punto/37011436-56-004?wid=2048&hei=2867&fit=crop","Default","Size","XXL","REGULAR-FIT-T-SHIRT-190GSM-55-XXL",100,TRUE,FALSE,2299
"pack-of-2-stretch-cotton-t-shirts-56","Pack of 2 stretch cotton t-shirts","Premium quality T-shirt from Mango.","published","https://media.mango.com/is/image/punto/27041301-99-002?wid=2048&hei=2867&fit=crop","https://media.mango.com/is/image/punto/27041301-99-001?wid=2048&hei=2867&fit=crop","https://media.mango.com/is/image/punto/27041301-99-003?wid=2048&hei=2867&fit=crop","https://media.mango.com/is/image/punto/27041301-99-004?wid=2048&hei=2867&fit=crop","Default","Size","S","PACK-OF-2-STRETCH-COTTON-T-SHIRTS-56-S",100,TRUE,FALSE,2890
"pack-of-2-stretch-cotton-t-shirts-56","Pack of 2 stretch cotton t-shirts","Premium quality T-shirt from Mango.","published","https://media.mango.com/is/image/punto/27041301-99-002?wid=2048&hei=2867&fit=crop","https://media.mango.com/is/image/punto/27041301-99-001?wid=2048&hei=2867&fit=crop","https://media.mango.com/is/image/punto/27041301-99-003?wid=2048&hei=2867&fit=crop","https://media.mango.com/is/image/punto/27041301-99-004?wid=2048&hei=2867&fit=crop","Default","Size","M","PACK-OF-2-STRETCH-COTTON-T-SHIRTS-56-M",100,TRUE,FALSE,2890
"pack-of-2-stretch-cotton-t-shirts-56","Pack of 2 stretch cotton t-shirts","Premium quality T-shirt from Mango.","published","https://media.mango.com/is/image/punto/27041301-99-002?wid=2048&hei=2867&fit=crop","https://media.mango.com/is/image/punto/27041301-99-001?wid=2048&hei=2867&fit=crop","https://media.mango.com/is/image/punto/27041301-99-003?wid=2048&hei=2867&fit=crop","https://media.mango.com/is/image/punto/27041301-99-004?wid=2048&hei=2867&fit=crop","Default","Size","L","PACK-OF-2-STRETCH-COTTON-T-SHIRTS-56-L",100,TRUE,FALSE,2890
"pack-of-2-stretch-cotton-t-shirts-56","Pack of 2 stretch cotton t-shirts","Premium quality T-shirt from Mango.","published","https://media.mango.com/is/image/punto/27041301-99-002?wid=2048&hei=2867&fit=crop","https://media.mango.com/is/image/punto/27041301-99-001?wid=2048&hei=2867&fit=crop","https://media.mango.com/is/image/punto/27041301-99-003?wid=2048&hei=2867&fit=crop","https://media.mango.com/is/image/punto/27041301-99-004?wid=2048&hei=2867&fit=crop","Default","Size","XL","PACK-OF-2-STRETCH-COTTON-T-SHIRTS-56-XL",100,TRUE,FALSE,2890
"regular-fit-t-shirt-200gsm-57","Regular fit T-shirt 200gsm","Premium quality T-shirt from Mango.","published","https://media.mango.com/is/image/punto/37011433-45-002?wid=2048&hei=2867&fit=crop","https://media.mango.com/is/image/punto/37011433-45-001?wid=2048&hei=2867&fit=crop","https://media.mango.com/is/image/punto/37011433-45-003?wid=2048&hei=2867&fit=crop","https://media.mango.com/is/image/punto/37011433-45-004?wid=2048&hei=2867&fit=crop","Default","Size","XS","REGULAR-FIT-T-SHIRT-200GSM-57-XS",100,TRUE,FALSE,2499
"regular-fit-t-shirt-200gsm-57","Regular fit T-shirt 200gsm","Premium quality T-shirt from Mango.","published","https://media.mango.com/is/image/punto/37011433-45-002?wid=2048&hei=2867&fit=crop","https://media.mango.com/is/image/punto/37011433-45-001?wid=2048&hei=2867&fit=crop","https://media.mango.com/is/image/punto/37011433-45-003?wid=2048&hei=2867&fit=crop","https://media.mango.com/is/image/punto/37011433-45-004?wid=2048&hei=2867&fit=crop","Default","Size","S","REGULAR-FIT-T-SHIRT-200GSM-57-S",100,TRUE,FALSE,2499
"regular-fit-t-shirt-200gsm-57","Regular fit T-shirt 200gsm","Premium quality T-shirt from Mango.","published","https://media.mango.com/is/image/punto/37011433-45-002?wid=2048&hei=2867&fit=crop","https://media.mango.com/is/image/punto/37011433-45-001?wid=2048&hei=2867&fit=crop","https://media.mango.com/is/image/punto/37011433-45-003?wid=2048&hei=2867&fit=crop","https://media.mango.com/is/image/punto/37011433-45-004?wid=2048&hei=2867&fit=crop","Default","Size","M","REGULAR-FIT-T-SHIRT-200GSM-57-M",100,TRUE,FALSE,2499
"regular-fit-t-shirt-200gsm-57","Regular fit T-shirt 200gsm","Premium quality T-shirt from Mango.","published","https://media.mango.com/is/image/punto/37011433-45-002?wid=2048&hei=2867&fit=crop","https://media.mango.com/is/image/punto/37011433-45-001?wid=2048&hei=2867&fit=crop","https://media.mango.com/is/image/punto/37011433-45-003?wid=2048&hei=2867&fit=crop","https://media.mango.com/is/image/punto/37011433-45-004?wid=2048&hei=2867&fit=crop","Default","Size","L","REGULAR-FIT-T-SHIRT-200GSM-57-L",100,TRUE,FALSE,2499
"regular-fit-t-shirt-200gsm-57","Regular fit T-shirt 200gsm","Premium quality T-shirt from Mango.","published","https://media.mango.com/is/image/punto/37011433-45-002?wid=2048&hei=2867&fit=crop","https://media.mango.com/is/image/punto/37011433-45-001?wid=2048&hei=2867&fit=crop","https://media.mango.com/is/image/punto/37011433-45-003?wid=2048&hei=2867&fit=crop","https://media.mango.com/is/image/punto/37011433-45-004?wid=2048&hei=2867&fit=crop","Default","Size","XL","REGULAR-FIT-T-SHIRT-200GSM-57-XL",100,TRUE,FALSE,2499
"regular-fit-t-shirt-200gsm-57","Regular fit T-shirt 200gsm","Premium quality T-shirt from Mango.","published","https://media.mango.com/is/image/punto/37011433-45-002?wid=2048&hei=2867&fit=crop","https://media.mango.com/is/image/punto/37011433-45-001?wid=2048&hei=2867&fit=crop","https://media.mango.com/is/image/punto/37011433-45-003?wid=2048&hei=2867&fit=crop","https://media.mango.com/is/image/punto/37011433-45-004?wid=2048&hei=2867&fit=crop","Default","Size","XXL","REGULAR-FIT-T-SHIRT-200GSM-57-XXL",100,TRUE,FALSE,2499
"linen-blend-slim-fit-t-shirt-58","Linen blend slim fit T-shirt","Premium quality T-shirt from Mango.","published","https://media.mango.com/is/image/punto/37011435-01-002?wid=2048&hei=2867&fit=crop","https://media.mango.com/is/image/punto/37011435-01-001?wid=2048&hei=2867&fit=crop","https://media.mango.com/is/image/punto/37011435-01-003?wid=2048&hei=2867&fit=crop","https://media.mango.com/is/image/punto/37011435-01-004?wid=2048&hei=2867&fit=crop","Default","Size","XS","LINEN-BLEND-SLIM-FIT-T-SHIRT-58-XS",100,TRUE,FALSE,3899
"linen-blend-slim-fit-t-shirt-58","Linen blend slim fit T-shirt","Premium quality T-shirt from Mango.","published","https://media.mango.com/is/image/punto/37011435-01-002?wid=2048&hei=2867&fit=crop","https://media.mango.com/is/image/punto/37011435-01-001?wid=2048&hei=2867&fit=crop","https://media.mango.com/is/image/punto/37011435-01-003?wid=2048&hei=2867&fit=crop","https://media.mango.com/is/image/punto/37011435-01-004?wid=2048&hei=2867&fit=crop","Default","Size","S","LINEN-BLEND-SLIM-FIT-T-SHIRT-58-S",100,TRUE,FALSE,3899
"linen-blend-slim-fit-t-shirt-58","Linen blend slim fit T-shirt","Premium quality T-shirt from Mango.","published","https://media.mango.com/is/image/punto/37011435-01-002?wid=2048&hei=2867&fit=crop","https://media.mango.com/is/image/punto/37011435-01-001?wid=2048&hei=2867&fit=crop","https://media.mango.com/is/image/punto/37011435-01-003?wid=2048&hei=2867&fit=crop","https://media.mango.com/is/image/punto/37011435-01-004?wid=2048&hei=2867&fit=crop","Default","Size","M","LINEN-BLEND-SLIM-FIT-T-SHIRT-58-M",100,TRUE,FALSE,3899
"linen-blend-slim-fit-t-shirt-58","Linen blend slim fit T-shirt","Premium quality T-shirt from Mango.","published","https://media.mango.com/is/image/punto/37011435-01-002?wid=2048&hei=2867&fit=crop","https://media.mango.com/is/image/punto/37011435-01-001?wid=2048&hei=2867&fit=crop","https://media.mango.com/is/image/punto/37011435-01-003?wid=2048&hei=2867&fit=crop","https://media.mango.com/is/image/punto/37011435-01-004?wid=2048&hei=2867&fit=crop","Default","Size","L","LINEN-BLEND-SLIM-FIT-T-SHIRT-58-L",100,TRUE,FALSE,3899
"linen-blend-slim-fit-t-shirt-58","Linen blend slim fit T-shirt","Premium quality T-shirt from Mango.","published","https://media.mango.com/is/image/punto/37011435-01-002?wid=2048&hei=2867&fit=crop","https://media.mango.com/is/image/punto/37011435-01-001?wid=2048&hei=2867&fit=crop","https://media.mango.com/is/image/punto/37011435-01-003?wid=2048&hei=2867&fit=crop","https://media.mango.com/is/image/punto/37011435-01-004?wid=2048&hei=2867&fit=crop","Default","Size","XL","LINEN-BLEND-SLIM-FIT-T-SHIRT-58-XL",100,TRUE,FALSE,3899
"linen-blend-slim-fit-t-shirt-58","Linen blend slim fit T-shirt","Premium quality T-shirt from Mango.","published","https://media.mango.com/is/image/punto/37011435-01-002?wid=2048&hei=2867&fit=crop","https://media.mango.com/is/image/punto/37011435-01-001?wid=2048&hei=2867&fit=crop","https://media.mango.com/is/image/punto/37011435-01-003?wid=2048&hei=2867&fit=crop","https://media.mango.com/is/image/punto/37011435-01-004?wid=2048&hei=2867&fit=crop","Default","Size","XXL","LINEN-BLEND-SLIM-FIT-T-SHIRT-58-XXL",100,TRUE,FALSE,3899
"100-cotton-printed-t-shirt-59","100% cotton printed t-shirt","Premium quality T-shirt from Mango.","published","https://media.mango.com/is/image/punto/37062910-01-002?wid=2048&hei=2867&fit=crop","https://media.mango.com/is/image/punto/37062910-01-001?wid=2048&hei=2867&fit=crop","https://media.mango.com/is/image/punto/37062910-01-003?wid=2048&hei=2867&fit=crop","https://media.mango.com/is/image/punto/37062910-01-004?wid=2048&hei=2867&fit=crop","Default","Size","S","100-COTTON-PRINTED-T-SHIRT-59-S",100,TRUE,FALSE,2999
"100-cotton-printed-t-shirt-59","100% cotton printed t-shirt","Premium quality T-shirt from Mango.","published","https://media.mango.com/is/image/punto/37062910-01-002?wid=2048&hei=2867&fit=crop","https://media.mango.com/is/image/punto/37062910-01-001?wid=2048&hei=2867&fit=crop","https://media.mango.com/is/image/punto/37062910-01-003?wid=2048&hei=2867&fit=crop","https://media.mango.com/is/image/punto/37062910-01-004?wid=2048&hei=2867&fit=crop","Default","Size","M","100-COTTON-PRINTED-T-SHIRT-59-M",100,TRUE,FALSE,2999
"100-cotton-printed-t-shirt-59","100% cotton printed t-shirt","Premium quality T-shirt from Mango.","published","https://media.mango.com/is/image/punto/37062910-01-002?wid=2048&hei=2867&fit=crop","https://media.mango.com/is/image/punto/37062910-01-001?wid=2048&hei=2867&fit=crop","https://media.mango.com/is/image/punto/37062910-01-003?wid=2048&hei=2867&fit=crop","https://media.mango.com/is/image/punto/37062910-01-004?wid=2048&hei=2867&fit=crop","Default","Size","L","100-COTTON-PRINTED-T-SHIRT-59-L",100,TRUE,FALSE,2999
"100-cotton-printed-t-shirt-59","100% cotton printed t-shirt","Premium quality T-shirt from Mango.","published","https://media.mango.com/is/image/punto/37062910-01-002?wid=2048&hei=2867&fit=crop","https://media.mango.com/is/image/punto/37062910-01-001?wid=2048&hei=2867&fit=crop","https://media.mango.com/is/image/punto/37062910-01-003?wid=2048&hei=2867&fit=crop","https://media.mango.com/is/image/punto/37062910-01-004?wid=2048&hei=2867&fit=crop","Default","Size","XL","100-COTTON-PRINTED-T-SHIRT-59-XL",100,TRUE,FALSE,2999
"100-cotton-printed-t-shirt-59","100% cotton printed t-shirt","Premium quality T-shirt from Mango.","published","https://media.mango.com/is/image/punto/37062910-01-002?wid=2048&hei=2867&fit=crop","https://media.mango.com/is/image/punto/37062910-01-001?wid=2048&hei=2867&fit=crop","https://media.mango.com/is/image/punto/37062910-01-003?wid=2048&hei=2867&fit=crop","https://media.mango.com/is/image/punto/37062910-01-004?wid=2048&hei=2867&fit=crop","Default","Size","XXL","100-COTTON-PRINTED-T-SHIRT-59-XXL",100,TRUE,FALSE,2999
"regular-fit-cotton-linen-blend-t-shirt-60","Regular fit cotton-linen blend T-shirt","Premium quality T-shirt from Mango.","published","https://media.mango.com/is/image/punto/37092902-02-004?wid=2048&hei=2867&fit=crop","https://media.mango.com/is/image/punto/37092902-02-001?wid=2048&hei=2867&fit=crop","https://media.mango.com/is/image/punto/37092902-02-002?wid=2048&hei=2867&fit=crop","https://media.mango.com/is/image/punto/37092902-02-003?wid=2048&hei=2867&fit=crop","Default","Size","S","REGULAR-FIT-COTTON-LINEN-BLEND-T-SHIRT-60-S",100,TRUE,FALSE,3299
"regular-fit-cotton-linen-blend-t-shirt-60","Regular fit cotton-linen blend T-shirt","Premium quality T-shirt from Mango.","published","https://media.mango.com/is/image/punto/37092902-02-004?wid=2048&hei=2867&fit=crop","https://media.mango.com/is/image/punto/37092902-02-001?wid=2048&hei=2867&fit=crop","https://media.mango.com/is/image/punto/37092902-02-002?wid=2048&hei=2867&fit=crop","https://media.mango.com/is/image/punto/37092902-02-003?wid=2048&hei=2867&fit=crop","Default","Size","M","REGULAR-FIT-COTTON-LINEN-BLEND-T-SHIRT-60-M",100,TRUE,FALSE,3299
"regular-fit-cotton-linen-blend-t-shirt-60","Regular fit cotton-linen blend T-shirt","Premium quality T-shirt from Mango.","published","https://media.mango.com/is/image/punto/37092902-02-004?wid=2048&hei=2867&fit=crop","https://media.mango.com/is/image/punto/37092902-02-001?wid=2048&hei=2867&fit=crop","https://media.mango.com/is/image/punto/37092902-02-002?wid=2048&hei=2867&fit=crop","https://media.mango.com/is/image/punto/37092902-02-003?wid=2048&hei=2867&fit=crop","Default","Size","L","REGULAR-FIT-COTTON-LINEN-BLEND-T-SHIRT-60-L",100,TRUE,FALSE,3299
"regular-fit-cotton-linen-blend-t-shirt-60","Regular fit cotton-linen blend T-shirt","Premium quality T-shirt from Mango.","published","https://media.mango.com/is/image/punto/37092902-02-004?wid=2048&hei=2867&fit=crop","https://media.mango.com/is/image/punto/37092902-02-001?wid=2048&hei=2867&fit=crop","https://media.mango.com/is/image/punto/37092902-02-002?wid=2048&hei=2867&fit=crop","https://media.mango.com/is/image/punto/37092902-02-003?wid=2048&hei=2867&fit=crop","Default","Size","XL","REGULAR-FIT-COTTON-LINEN-BLEND-T-SHIRT-60-XL",100,TRUE,FALSE,3299
"regular-fit-cotton-linen-blend-t-shirt-60","Regular fit cotton-linen blend T-shirt","Premium quality T-shirt from Mango.","published","https://media.mango.com/is/image/punto/37092902-02-004?wid=2048&hei=2867&fit=crop","https://media.mango.com/is/image/punto/37092902-02-001?wid=2048&hei=2867&fit=crop","https://media.mango.com/is/image/punto/37092902-02-002?wid=2048&hei=2867&fit=crop","https://media.mango.com/is/image/punto/37092902-02-003?wid=2048&hei=2867&fit=crop","Default","Size","XXL","REGULAR-FIT-COTTON-LINEN-BLEND-T-SHIRT-60-XXL",100,TRUE,FALSE,3299
"100-cotton-printed-t-shirt-61","100% cotton printed t-shirt","Premium quality T-shirt from Mango.","published","https://media.mango.com/is/image/punto/37052913-08-002?wid=2048&hei=2867&fit=crop","https://media.mango.com/is/image/punto/37052913-08-001?wid=2048&hei=2867&fit=crop","https://media.mango.com/is/image/punto/37052913-08-003?wid=2048&hei=2867&fit=crop","https://media.mango.com/is/image/punto/37052913-08-004?wid=2048&hei=2867&fit=crop","Default","Size","S","100-COTTON-PRINTED-T-SHIRT-61-S",100,TRUE,FALSE,3299
"100-cotton-printed-t-shirt-61","100% cotton printed t-shirt","Premium quality T-shirt from Mango.","published","https://media.mango.com/is/image/punto/37052913-08-002?wid=2048&hei=2867&fit=crop","https://media.mango.com/is/image/punto/37052913-08-001?wid=2048&hei=2867&fit=crop","https://media.mango.com/is/image/punto/37052913-08-003?wid=2048&hei=2867&fit=crop","https://media.mango.com/is/image/punto/37052913-08-004?wid=2048&hei=2867&fit=crop","Default","Size","M","100-COTTON-PRINTED-T-SHIRT-61-M",100,TRUE,FALSE,3299
"100-cotton-printed-t-shirt-61","100% cotton printed t-shirt","Premium quality T-shirt from Mango.","published","https://media.mango.com/is/image/punto/37052913-08-002?wid=2048&hei=2867&fit=crop","https://media.mango.com/is/image/punto/37052913-08-001?wid=2048&hei=2867&fit=crop","https://media.mango.com/is/image/punto/37052913-08-003?wid=2048&hei=2867&fit=crop","https://media.mango.com/is/image/punto/37052913-08-004?wid=2048&hei=2867&fit=crop","Default","Size","L","100-COTTON-PRINTED-T-SHIRT-61-L",100,TRUE,FALSE,3299
"100-cotton-printed-t-shirt-61","100% cotton printed t-shirt","Premium quality T-shirt from Mango.","published","https://media.mango.com/is/image/punto/37052913-08-002?wid=2048&hei=2867&fit=crop","https://media.mango.com/is/image/punto/37052913-08-001?wid=2048&hei=2867&fit=crop","https://media.mango.com/is/image/punto/37052913-08-003?wid=2048&hei=2867&fit=crop","https://media.mango.com/is/image/punto/37052913-08-004?wid=2048&hei=2867&fit=crop","Default","Size","XL","100-COTTON-PRINTED-T-SHIRT-61-XL",100,TRUE,FALSE,3299
"100-cotton-printed-t-shirt-61","100% cotton printed t-shirt","Premium quality T-shirt from Mango.","published","https://media.mango.com/is/image/punto/37052913-08-002?wid=2048&hei=2867&fit=crop","https://media.mango.com/is/image/punto/37052913-08-001?wid=2048&hei=2867&fit=crop","https://media.mango.com/is/image/punto/37052913-08-003?wid=2048&hei=2867&fit=crop","https://media.mango.com/is/image/punto/37052913-08-004?wid=2048&hei=2867&fit=crop","Default","Size","XXL","100-COTTON-PRINTED-T-SHIRT-61-XXL",100,TRUE,FALSE,3299
"linen-blend-slim-fit-t-shirt-62","Linen blend slim fit T-shirt","Premium quality T-shirt from Mango.","published","https://media.mango.com/is/image/punto/37011435-56-002?wid=2048&hei=2867&fit=crop","https://media.mango.com/is/image/punto/37011435-56-001?wid=2048&hei=2867&fit=crop","https://media.mango.com/is/image/punto/37011435-56-003?wid=2048&hei=2867&fit=crop","https://media.mango.com/is/image/punto/37011435-56-004?wid=2048&hei=2867&fit=crop","Default","Size","XS","LINEN-BLEND-SLIM-FIT-T-SHIRT-62-XS",100,TRUE,FALSE,3899
"linen-blend-slim-fit-t-shirt-62","Linen blend slim fit T-shirt","Premium quality T-shirt from Mango.","published","https://media.mango.com/is/image/punto/37011435-56-002?wid=2048&hei=2867&fit=crop","https://media.mango.com/is/image/punto/37011435-56-001?wid=2048&hei=2867&fit=crop","https://media.mango.com/is/image/punto/37011435-56-003?wid=2048&hei=2867&fit=crop","https://media.mango.com/is/image/punto/37011435-56-004?wid=2048&hei=2867&fit=crop","Default","Size","S","LINEN-BLEND-SLIM-FIT-T-SHIRT-62-S",100,TRUE,FALSE,3899
"linen-blend-slim-fit-t-shirt-62","Linen blend slim fit T-shirt","Premium quality T-shirt from Mango.","published","https://media.mango.com/is/image/punto/37011435-56-002?wid=2048&hei=2867&fit=crop","https://media.mango.com/is/image/punto/37011435-56-001?wid=2048&hei=2867&fit=crop","https://media.mango.com/is/image/punto/37011435-56-003?wid=2048&hei=2867&fit=crop","https://media.mango.com/is/image/punto/37011435-56-004?wid=2048&hei=2867&fit=crop","Default","Size","M","LINEN-BLEND-SLIM-FIT-T-SHIRT-62-M",100,TRUE,FALSE,3899
"linen-blend-slim-fit-t-shirt-62","Linen blend slim fit T-shirt","Premium quality T-shirt from Mango.","published","https://media.mango.com/is/image/punto/37011435-56-002?wid=2048&hei=2867&fit=crop","https://media.mango.com/is/image/punto/37011435-56-001?wid=2048&hei=2867&fit=crop","https://media.mango.com/is/image/punto/37011435-56-003?wid=2048&hei=2867&fit=crop","https://media.mango.com/is/image/punto/37011435-56-004?wid=2048&hei=2867&fit=crop","Default","Size","L","LINEN-BLEND-SLIM-FIT-T-SHIRT-62-L",100,TRUE,FALSE,3899
"linen-blend-slim-fit-t-shirt-62","Linen blend slim fit T-shirt","Premium quality T-shirt from Mango.","published","https://media.mango.com/is/image/punto/37011435-56-002?wid=2048&hei=2867&fit=crop","https://media.mango.com/is/image/punto/37011435-56-001?wid=2048&hei=2867&fit=crop","https://media.mango.com/is/image/punto/37011435-56-003?wid=2048&hei=2867&fit=crop","https://media.mango.com/is/image/punto/37011435-56-004?wid=2048&hei=2867&fit=crop","Default","Size","XL","LINEN-BLEND-SLIM-FIT-T-SHIRT-62-XL",100,TRUE,FALSE,3899
"linen-blend-slim-fit-t-shirt-62","Linen blend slim fit T-shirt","Premium quality T-shirt from Mango.","published","https://media.mango.com/is/image/punto/37011435-56-002?wid=2048&hei=2867&fit=crop","https://media.mango.com/is/image/punto/37011435-56-001?wid=2048&hei=2867&fit=crop","https://media.mango.com/is/image/punto/37011435-56-003?wid=2048&hei=2867&fit=crop","https://media.mango.com/is/image/punto/37011435-56-004?wid=2048&hei=2867&fit=crop","Default","Size","XXL","LINEN-BLEND-SLIM-FIT-T-SHIRT-62-XXL",100,TRUE,FALSE,3899
"slim-fit-t-shirt-180gsm-63","Slim fit T-shirt 180gsm","Premium quality T-shirt from Mango.","published","https://media.mango.com/is/image/punto/37081426-99-002?wid=2048&hei=2867&fit=crop","https://media.mango.com/is/image/punto/37081426-99-001?wid=2048&hei=2867&fit=crop","https://media.mango.com/is/image/punto/37081426-99-003?wid=2048&hei=2867&fit=crop","https://media.mango.com/is/image/punto/37081426-99-004?wid=2048&hei=2867&fit=crop","Default","Size","XS","SLIM-FIT-T-SHIRT-180GSM-63-XS",100,TRUE,FALSE,1290
"slim-fit-t-shirt-180gsm-63","Slim fit T-shirt 180gsm","Premium quality T-shirt from Mango.","published","https://media.mango.com/is/image/punto/37081426-99-002?wid=2048&hei=2867&fit=crop","https://media.mango.com/is/image/punto/37081426-99-001?wid=2048&hei=2867&fit=crop","https://media.mango.com/is/image/punto/37081426-99-003?wid=2048&hei=2867&fit=crop","https://media.mango.com/is/image/punto/37081426-99-004?wid=2048&hei=2867&fit=crop","Default","Size","S","SLIM-FIT-T-SHIRT-180GSM-63-S",100,TRUE,FALSE,1290
"slim-fit-t-shirt-180gsm-63","Slim fit T-shirt 180gsm","Premium quality T-shirt from Mango.","published","https://media.mango.com/is/image/punto/37081426-99-002?wid=2048&hei=2867&fit=crop","https://media.mango.com/is/image/punto/37081426-99-001?wid=2048&hei=2867&fit=crop","https://media.mango.com/is/image/punto/37081426-99-003?wid=2048&hei=2867&fit=crop","https://media.mango.com/is/image/punto/37081426-99-004?wid=2048&hei=2867&fit=crop","Default","Size","M","SLIM-FIT-T-SHIRT-180GSM-63-M",100,TRUE,FALSE,1290
"slim-fit-t-shirt-180gsm-63","Slim fit T-shirt 180gsm","Premium quality T-shirt from Mango.","published","https://media.mango.com/is/image/punto/37081426-99-002?wid=2048&hei=2867&fit=crop","https://media.mango.com/is/image/punto/37081426-99-001?wid=2048&hei=2867&fit=crop","https://media.mango.com/is/image/punto/37081426-99-003?wid=2048&hei=2867&fit=crop","https://media.mango.com/is/image/punto/37081426-99-004?wid=2048&hei=2867&fit=crop","Default","Size","L","SLIM-FIT-T-SHIRT-180GSM-63-L",100,TRUE,FALSE,1290
"slim-fit-t-shirt-180gsm-63","Slim fit T-shirt 180gsm","Premium quality T-shirt from Mango.","published","https://media.mango.com/is/image/punto/37081426-99-002?wid=2048&hei=2867&fit=crop","https://media.mango.com/is/image/punto/37081426-99-001?wid=2048&hei=2867&fit=crop","https://media.mango.com/is/image/punto/37081426-99-003?wid=2048&hei=2867&fit=crop","https://media.mango.com/is/image/punto/37081426-99-004?wid=2048&hei=2867&fit=crop","Default","Size","XL","SLIM-FIT-T-SHIRT-180GSM-63-XL",100,TRUE,FALSE,1290
"slim-fit-t-shirt-180gsm-63","Slim fit T-shirt 180gsm","Premium quality T-shirt from Mango.","published","https://media.mango.com/is/image/punto/37081426-99-002?wid=2048&hei=2867&fit=crop","https://media.mango.com/is/image/punto/37081426-99-001?wid=2048&hei=2867&fit=crop","https://media.mango.com/is/image/punto/37081426-99-003?wid=2048&hei=2867&fit=crop","https://media.mango.com/is/image/punto/37081426-99-004?wid=2048&hei=2867&fit=crop","Default","Size","XXL","SLIM-FIT-T-SHIRT-180GSM-63-XXL",100,TRUE,FALSE,1290
"slim-fit-t-shirt-180gsm-64","Slim fit T-shirt 180gsm","Premium quality T-shirt from Mango.","published","https://media.mango.com/is/image/punto/37081426-01-002?wid=2048&hei=2867&fit=crop","https://media.mango.com/is/image/punto/37081426-01-001?wid=2048&hei=2867&fit=crop","https://media.mango.com/is/image/punto/37081426-01-003?wid=2048&hei=2867&fit=crop","https://media.mango.com/is/image/punto/37081426-01-004?wid=2048&hei=2867&fit=crop","Default","Size","XS","SLIM-FIT-T-SHIRT-180GSM-64-XS",100,TRUE,FALSE,1290
"slim-fit-t-shirt-180gsm-64","Slim fit T-shirt 180gsm","Premium quality T-shirt from Mango.","published","https://media.mango.com/is/image/punto/37081426-01-002?wid=2048&hei=2867&fit=crop","https://media.mango.com/is/image/punto/37081426-01-001?wid=2048&hei=2867&fit=crop","https://media.mango.com/is/image/punto/37081426-01-003?wid=2048&hei=2867&fit=crop","https://media.mango.com/is/image/punto/37081426-01-004?wid=2048&hei=2867&fit=crop","Default","Size","S","SLIM-FIT-T-SHIRT-180GSM-64-S",100,TRUE,FALSE,1290
"slim-fit-t-shirt-180gsm-64","Slim fit T-shirt 180gsm","Premium quality T-shirt from Mango.","published","https://media.mango.com/is/image/punto/37081426-01-002?wid=2048&hei=2867&fit=crop","https://media.mango.com/is/image/punto/37081426-01-001?wid=2048&hei=2867&fit=crop","https://media.mango.com/is/image/punto/37081426-01-003?wid=2048&hei=2867&fit=crop","https://media.mango.com/is/image/punto/37081426-01-004?wid=2048&hei=2867&fit=crop","Default","Size","M","SLIM-FIT-T-SHIRT-180GSM-64-M",100,TRUE,FALSE,1290
"slim-fit-t-shirt-180gsm-64","Slim fit T-shirt 180gsm","Premium quality T-shirt from Mango.","published","https://media.mango.com/is/image/punto/37081426-01-002?wid=2048&hei=2867&fit=crop","https://media.mango.com/is/image/punto/37081426-01-001?wid=2048&hei=2867&fit=crop","https://media.mango.com/is/image/punto/37081426-01-003?wid=2048&hei=2867&fit=crop","https://media.mango.com/is/image/punto/37081426-01-004?wid=2048&hei=2867&fit=crop","Default","Size","L","SLIM-FIT-T-SHIRT-180GSM-64-L",100,TRUE,FALSE,1290
"slim-fit-t-shirt-180gsm-64","Slim fit T-shirt 180gsm","Premium quality T-shirt from Mango.","published","https://media.mango.com/is/image/punto/37081426-01-002?wid=2048&hei=2867&fit=crop","https://media.mango.com/is/image/punto/37081426-01-001?wid=2048&hei=2867&fit=crop","https://media.mango.com/is/image/punto/37081426-01-003?wid=2048&hei=2867&fit=crop","https://media.mango.com/is/image/punto/37081426-01-004?wid=2048&hei=2867&fit=crop","Default","Size","XL","SLIM-FIT-T-SHIRT-180GSM-64-XL",100,TRUE,FALSE,1290
"slim-fit-t-shirt-180gsm-64","Slim fit T-shirt 180gsm","Premium quality T-shirt from Mango.","published","https://media.mango.com/is/image/punto/37081426-01-002?wid=2048&hei=2867&fit=crop","https://media.mango.com/is/image/punto/37081426-01-001?wid=2048&hei=2867&fit=crop","https://media.mango.com/is/image/punto/37081426-01-003?wid=2048&hei=2867&fit=crop","https://media.mango.com/is/image/punto/37081426-01-004?wid=2048&hei=2867&fit=crop","Default","Size","XXL","SLIM-FIT-T-SHIRT-180GSM-64-XXL",100,TRUE,FALSE,1290
"regular-fit-t-shirt-200gsm-65","Regular fit T-shirt 200gsm","Premium quality T-shirt from Mango.","published","https://media.mango.com/is/image/punto/37011433-56-002?wid=2048&hei=2867&fit=crop","https://media.mango.com/is/image/punto/37011433-56-001?wid=2048&hei=2867&fit=crop","https://media.mango.com/is/image/punto/37011433-56-003?wid=2048&hei=2867&fit=crop","https://media.mango.com/is/image/punto/37011433-56-004?wid=2048&hei=2867&fit=crop","Default","Size","XS","REGULAR-FIT-T-SHIRT-200GSM-65-XS",100,TRUE,FALSE,2499
"regular-fit-t-shirt-200gsm-65","Regular fit T-shirt 200gsm","Premium quality T-shirt from Mango.","published","https://media.mango.com/is/image/punto/37011433-56-002?wid=2048&hei=2867&fit=crop","https://media.mango.com/is/image/punto/37011433-56-001?wid=2048&hei=2867&fit=crop","https://media.mango.com/is/image/punto/37011433-56-003?wid=2048&hei=2867&fit=crop","https://media.mango.com/is/image/punto/37011433-56-004?wid=2048&hei=2867&fit=crop","Default","Size","S","REGULAR-FIT-T-SHIRT-200GSM-65-S",100,TRUE,FALSE,2499
"regular-fit-t-shirt-200gsm-65","Regular fit T-shirt 200gsm","Premium quality T-shirt from Mango.","published","https://media.mango.com/is/image/punto/37011433-56-002?wid=2048&hei=2867&fit=crop","https://media.mango.com/is/image/punto/37011433-56-001?wid=2048&hei=2867&fit=crop","https://media.mango.com/is/image/punto/37011433-56-003?wid=2048&hei=2867&fit=crop","https://media.mango.com/is/image/punto/37011433-56-004?wid=2048&hei=2867&fit=crop","Default","Size","M","REGULAR-FIT-T-SHIRT-200GSM-65-M",100,TRUE,FALSE,2499
"regular-fit-t-shirt-200gsm-65","Regular fit T-shirt 200gsm","Premium quality T-shirt from Mango.","published","https://media.mango.com/is/image/punto/37011433-56-002?wid=2048&hei=2867&fit=crop","https://media.mango.com/is/image/punto/37011433-56-001?wid=2048&hei=2867&fit=crop","https://media.mango.com/is/image/punto/37011433-56-003?wid=2048&hei=2867&fit=crop","https://media.mango.com/is/image/punto/37011433-56-004?wid=2048&hei=2867&fit=crop","Default","Size","L","REGULAR-FIT-T-SHIRT-200GSM-65-L",100,TRUE,FALSE,2499
"regular-fit-t-shirt-200gsm-65","Regular fit T-shirt 200gsm","Premium quality T-shirt from Mango.","published","https://media.mango.com/is/image/punto/37011433-56-002?wid=2048&hei=2867&fit=crop","https://media.mango.com/is/image/punto/37011433-56-001?wid=2048&hei=2867&fit=crop","https://media.mango.com/is/image/punto/37011433-56-003?wid=2048&hei=2867&fit=crop","https://media.mango.com/is/image/punto/37011433-56-004?wid=2048&hei=2867&fit=crop","Default","Size","XL","REGULAR-FIT-T-SHIRT-200GSM-65-XL",100,TRUE,FALSE,2499
"regular-fit-t-shirt-200gsm-65","Regular fit T-shirt 200gsm","Premium quality T-shirt from Mango.","published","https://media.mango.com/is/image/punto/37011433-56-002?wid=2048&hei=2867&fit=crop","https://media.mango.com/is/image/punto/37011433-56-001?wid=2048&hei=2867&fit=crop","https://media.mango.com/is/image/punto/37011433-56-003?wid=2048&hei=2867&fit=crop","https://media.mango.com/is/image/punto/37011433-56-004?wid=2048&hei=2867&fit=crop","Default","Size","XXL","REGULAR-FIT-T-SHIRT-200GSM-65-XXL",100,TRUE,FALSE,2499
"regular-fit-t-shirt-190gsm-66","Regular fit T-shirt 190gsm","Premium quality T-shirt from Mango.","published","https://media.mango.com/is/image/punto/37011436-30-002?wid=2048&hei=2867&fit=crop","https://media.mango.com/is/image/punto/37011436-30-001?wid=2048&hei=2867&fit=crop","https://media.mango.com/is/image/punto/37011436-30-003?wid=2048&hei=2867&fit=crop","https://media.mango.com/is/image/punto/37011436-30-004?wid=2048&hei=2867&fit=crop","Default","Size","XS","REGULAR-FIT-T-SHIRT-190GSM-66-XS",100,TRUE,FALSE,2299
"regular-fit-t-shirt-190gsm-66","Regular fit T-shirt 190gsm","Premium quality T-shirt from Mango.","published","https://media.mango.com/is/image/punto/37011436-30-002?wid=2048&hei=2867&fit=crop","https://media.mango.com/is/image/punto/37011436-30-001?wid=2048&hei=2867&fit=crop","https://media.mango.com/is/image/punto/37011436-30-003?wid=2048&hei=2867&fit=crop","https://media.mango.com/is/image/punto/37011436-30-004?wid=2048&hei=2867&fit=crop","Default","Size","S","REGULAR-FIT-T-SHIRT-190GSM-66-S",100,TRUE,FALSE,2299
"regular-fit-t-shirt-190gsm-66","Regular fit T-shirt 190gsm","Premium quality T-shirt from Mango.","published","https://media.mango.com/is/image/punto/37011436-30-002?wid=2048&hei=2867&fit=crop","https://media.mango.com/is/image/punto/37011436-30-001?wid=2048&hei=2867&fit=crop","https://media.mango.com/is/image/punto/37011436-30-003?wid=2048&hei=2867&fit=crop","https://media.mango.com/is/image/punto/37011436-30-004?wid=2048&hei=2867&fit=crop","Default","Size","M","REGULAR-FIT-T-SHIRT-190GSM-66-M",100,TRUE,FALSE,2299
"regular-fit-t-shirt-190gsm-66","Regular fit T-shirt 190gsm","Premium quality T-shirt from Mango.","published","https://media.mango.com/is/image/punto/37011436-30-002?wid=2048&hei=2867&fit=crop","https://media.mango.com/is/image/punto/37011436-30-001?wid=2048&hei=2867&fit=crop","https://media.mango.com/is/image/punto/37011436-30-003?wid=2048&hei=2867&fit=crop","https://media.mango.com/is/image/punto/37011436-30-004?wid=2048&hei=2867&fit=crop","Default","Size","L","REGULAR-FIT-T-SHIRT-190GSM-66-L",100,TRUE,FALSE,2299
"regular-fit-t-shirt-190gsm-66","Regular fit T-shirt 190gsm","Premium quality T-shirt from Mango.","published","https://media.mango.com/is/image/punto/37011436-30-002?wid=2048&hei=2867&fit=crop","https://media.mango.com/is/image/punto/37011436-30-001?wid=2048&hei=2867&fit=crop","https://media.mango.com/is/image/punto/37011436-30-003?wid=2048&hei=2867&fit=crop","https://media.mango.com/is/image/punto/37011436-30-004?wid=2048&hei=2867&fit=crop","Default","Size","XL","REGULAR-FIT-T-SHIRT-190GSM-66-XL",100,TRUE,FALSE,2299
"regular-fit-t-shirt-190gsm-66","Regular fit T-shirt 190gsm","Premium quality T-shirt from Mango.","published","https://media.mango.com/is/image/punto/37011436-30-002?wid=2048&hei=2867&fit=crop","https://media.mango.com/is/image/punto/37011436-30-001?wid=2048&hei=2867&fit=crop","https://media.mango.com/is/image/punto/37011436-30-003?wid=2048&hei=2867&fit=crop","https://media.mango.com/is/image/punto/37011436-30-004?wid=2048&hei=2867&fit=crop","Default","Size","XXL","REGULAR-FIT-T-SHIRT-190GSM-66-XXL",100,TRUE,FALSE,2299
"regular-fit-t-shirt-190gsm-67","Regular fit T-shirt 190gsm","Premium quality T-shirt from Mango.","published","https://media.mango.com/is/image/punto/37011436-83-002?wid=2048&hei=2867&fit=crop","https://media.mango.com/is/image/punto/37011436-83-001?wid=2048&hei=2867&fit=crop","https://media.mango.com/is/image/punto/37011436-83-003?wid=2048&hei=2867&fit=crop","https://media.mango.com/is/image/punto/37011436-83-004?wid=2048&hei=2867&fit=crop","Default","Size","XS","REGULAR-FIT-T-SHIRT-190GSM-67-XS",100,TRUE,FALSE,2299
"regular-fit-t-shirt-190gsm-67","Regular fit T-shirt 190gsm","Premium quality T-shirt from Mango.","published","https://media.mango.com/is/image/punto/37011436-83-002?wid=2048&hei=2867&fit=crop","https://media.mango.com/is/image/punto/37011436-83-001?wid=2048&hei=2867&fit=crop","https://media.mango.com/is/image/punto/37011436-83-003?wid=2048&hei=2867&fit=crop","https://media.mango.com/is/image/punto/37011436-83-004?wid=2048&hei=2867&fit=crop","Default","Size","S","REGULAR-FIT-T-SHIRT-190GSM-67-S",100,TRUE,FALSE,2299
"regular-fit-t-shirt-190gsm-67","Regular fit T-shirt 190gsm","Premium quality T-shirt from Mango.","published","https://media.mango.com/is/image/punto/37011436-83-002?wid=2048&hei=2867&fit=crop","https://media.mango.com/is/image/punto/37011436-83-001?wid=2048&hei=2867&fit=crop","https://media.mango.com/is/image/punto/37011436-83-003?wid=2048&hei=2867&fit=crop","https://media.mango.com/is/image/punto/37011436-83-004?wid=2048&hei=2867&fit=crop","Default","Size","M","REGULAR-FIT-T-SHIRT-190GSM-67-M",100,TRUE,FALSE,2299
"regular-fit-t-shirt-190gsm-67","Regular fit T-shirt 190gsm","Premium quality T-shirt from Mango.","published","https://media.mango.com/is/image/punto/37011436-83-002?wid=2048&hei=2867&fit=crop","https://media.mango.com/is/image/punto/37011436-83-001?wid=2048&hei=2867&fit=crop","https://media.mango.com/is/image/punto/37011436-83-003?wid=2048&hei=2867&fit=crop","https://media.mango.com/is/image/punto/37011436-83-004?wid=2048&hei=2867&fit=crop","Default","Size","L","REGULAR-FIT-T-SHIRT-190GSM-67-L",100,TRUE,FALSE,2299
"regular-fit-t-shirt-190gsm-67","Regular fit T-shirt 190gsm","Premium quality T-shirt from Mango.","published","https://media.mango.com/is/image/punto/37011436-83-002?wid=2048&hei=2867&fit=crop","https://media.mango.com/is/image/punto/37011436-83-001?wid=2048&hei=2867&fit=crop","https://media.mango.com/is/image/punto/37011436-83-003?wid=2048&hei=2867&fit=crop","https://media.mango.com/is/image/punto/37011436-83-004?wid=2048&hei=2867&fit=crop","Default","Size","XL","REGULAR-FIT-T-SHIRT-190GSM-67-XL",100,TRUE,FALSE,2299
"regular-fit-t-shirt-190gsm-67","Regular fit T-shirt 190gsm","Premium quality T-shirt from Mango.","published","https://media.mango.com/is/image/punto/37011436-83-002?wid=2048&hei=2867&fit=crop","https://media.mango.com/is/image/punto/37011436-83-001?wid=2048&hei=2867&fit=crop","https://media.mango.com/is/image/punto/37011436-83-003?wid=2048&hei=2867&fit=crop","https://media.mango.com/is/image/punto/37011436-83-004?wid=2048&hei=2867&fit=crop","Default","Size","XXL","REGULAR-FIT-T-SHIRT-190GSM-67-XXL",100,TRUE,FALSE,2299
"100-cotton-printed-t-shirt-68","100% cotton printed t-shirt","Premium quality T-shirt from Mango.","published","https://media.mango.com/is/image/punto/37014472-52-900?wid=2048&hei=2867&fit=crop","https://media.mango.com/is/image/punto/37014472-52-023?wid=2048&hei=2867&fit=crop","https://media.mango.com/is/image/punto/37014472-52-030?wid=2048&hei=2867&fit=crop","","Default","Size","S","100-COTTON-PRINTED-T-SHIRT-68-S",100,TRUE,FALSE,3299
"100-cotton-printed-t-shirt-68","100% cotton printed t-shirt","Premium quality T-shirt from Mango.","published","https://media.mango.com/is/image/punto/37014472-52-900?wid=2048&hei=2867&fit=crop","https://media.mango.com/is/image/punto/37014472-52-023?wid=2048&hei=2867&fit=crop","https://media.mango.com/is/image/punto/37014472-52-030?wid=2048&hei=2867&fit=crop","","Default","Size","M","100-COTTON-PRINTED-T-SHIRT-68-M",100,TRUE,FALSE,3299
"100-cotton-printed-t-shirt-68","100% cotton printed t-shirt","Premium quality T-shirt from Mango.","published","https://media.mango.com/is/image/punto/37014472-52-900?wid=2048&hei=2867&fit=crop","https://media.mango.com/is/image/punto/37014472-52-023?wid=2048&hei=2867&fit=crop","https://media.mango.com/is/image/punto/37014472-52-030?wid=2048&hei=2867&fit=crop","","Default","Size","L","100-COTTON-PRINTED-T-SHIRT-68-L",100,TRUE,FALSE,3299
"100-cotton-printed-t-shirt-68","100% cotton printed t-shirt","Premium quality T-shirt from Mango.","published","https://media.mango.com/is/image/punto/37014472-52-900?wid=2048&hei=2867&fit=crop","https://media.mango.com/is/image/punto/37014472-52-023?wid=2048&hei=2867&fit=crop","https://media.mango.com/is/image/punto/37014472-52-030?wid=2048&hei=2867&fit=crop","","Default","Size","XL","100-COTTON-PRINTED-T-SHIRT-68-XL",100,TRUE,FALSE,3299
"100-cotton-printed-t-shirt-68","100% cotton printed t-shirt","Premium quality T-shirt from Mango.","published","https://media.mango.com/is/image/punto/37014472-52-900?wid=2048&hei=2867&fit=crop","https://media.mango.com/is/image/punto/37014472-52-023?wid=2048&hei=2867&fit=crop","https://media.mango.com/is/image/punto/37014472-52-030?wid=2048&hei=2867&fit=crop","","Default","Size","XXL","100-COTTON-PRINTED-T-SHIRT-68-XXL",100,TRUE,FALSE,3299
"ribbed-linen-lyocell-blend-t-shirt-69","Ribbed linen lyocell blend T-shirt","Premium quality T-shirt from Mango.","published","https://media.mango.com/is/image/punto/37032900-30-002?wid=2048&hei=2867&fit=crop","https://media.mango.com/is/image/punto/37032900-30-001?wid=2048&hei=2867&fit=crop","https://media.mango.com/is/image/punto/37032900-30-003?wid=2048&hei=2867&fit=crop","https://media.mango.com/is/image/punto/37032900-30-004?wid=2048&hei=2867&fit=crop","Default","Size","S","RIBBED-LINEN-LYOCELL-BLEND-T-SHIRT-69-S",100,TRUE,FALSE,4499
"ribbed-linen-lyocell-blend-t-shirt-69","Ribbed linen lyocell blend T-shirt","Premium quality T-shirt from Mango.","published","https://media.mango.com/is/image/punto/37032900-30-002?wid=2048&hei=2867&fit=crop","https://media.mango.com/is/image/punto/37032900-30-001?wid=2048&hei=2867&fit=crop","https://media.mango.com/is/image/punto/37032900-30-003?wid=2048&hei=2867&fit=crop","https://media.mango.com/is/image/punto/37032900-30-004?wid=2048&hei=2867&fit=crop","Default","Size","M","RIBBED-LINEN-LYOCELL-BLEND-T-SHIRT-69-M",100,TRUE,FALSE,4499
"ribbed-linen-lyocell-blend-t-shirt-69","Ribbed linen lyocell blend T-shirt","Premium quality T-shirt from Mango.","published","https://media.mango.com/is/image/punto/37032900-30-002?wid=2048&hei=2867&fit=crop","https://media.mango.com/is/image/punto/37032900-30-001?wid=2048&hei=2867&fit=crop","https://media.mango.com/is/image/punto/37032900-30-003?wid=2048&hei=2867&fit=crop","https://media.mango.com/is/image/punto/37032900-30-004?wid=2048&hei=2867&fit=crop","Default","Size","L","RIBBED-LINEN-LYOCELL-BLEND-T-SHIRT-69-L",100,TRUE,FALSE,4499
"ribbed-linen-lyocell-blend-t-shirt-69","Ribbed linen lyocell blend T-shirt","Premium quality T-shirt from Mango.","published","https://media.mango.com/is/image/punto/37032900-30-002?wid=2048&hei=2867&fit=crop","https://media.mango.com/is/image/punto/37032900-30-001?wid=2048&hei=2867&fit=crop","https://media.mango.com/is/image/punto/37032900-30-003?wid=2048&hei=2867&fit=crop","https://media.mango.com/is/image/punto/37032900-30-004?wid=2048&hei=2867&fit=crop","Default","Size","XL","RIBBED-LINEN-LYOCELL-BLEND-T-SHIRT-69-XL",100,TRUE,FALSE,4499
"ribbed-linen-lyocell-blend-t-shirt-69","Ribbed linen lyocell blend T-shirt","Premium quality T-shirt from Mango.","published","https://media.mango.com/is/image/punto/37032900-30-002?wid=2048&hei=2867&fit=crop","https://media.mango.com/is/image/punto/37032900-30-001?wid=2048&hei=2867&fit=crop","https://media.mango.com/is/image/punto/37032900-30-003?wid=2048&hei=2867&fit=crop","https://media.mango.com/is/image/punto/37032900-30-004?wid=2048&hei=2867&fit=crop","Default","Size","XXL","RIBBED-LINEN-LYOCELL-BLEND-T-SHIRT-69-XXL",100,TRUE,FALSE,4499
"relaxed-fit-t-shirt-260gsm-70","Relaxed fit T-shirt 260gsm","Premium quality T-shirt from Mango.","published","https://media.mango.com/is/image/punto/37011431-07-002?wid=2048&hei=2867&fit=crop","https://media.mango.com/is/image/punto/37011431-07-001?wid=2048&hei=2867&fit=crop","https://media.mango.com/is/image/punto/37011431-07-003?wid=2048&hei=2867&fit=crop","https://media.mango.com/is/image/punto/37011431-07-004?wid=2048&hei=2867&fit=crop","Default","Size","XS","RELAXED-FIT-T-SHIRT-260GSM-70-XS",100,TRUE,FALSE,1990
"relaxed-fit-t-shirt-260gsm-70","Relaxed fit T-shirt 260gsm","Premium quality T-shirt from Mango.","published","https://media.mango.com/is/image/punto/37011431-07-002?wid=2048&hei=2867&fit=crop","https://media.mango.com/is/image/punto/37011431-07-001?wid=2048&hei=2867&fit=crop","https://media.mango.com/is/image/punto/37011431-07-003?wid=2048&hei=2867&fit=crop","https://media.mango.com/is/image/punto/37011431-07-004?wid=2048&hei=2867&fit=crop","Default","Size","S","RELAXED-FIT-T-SHIRT-260GSM-70-S",100,TRUE,FALSE,1990
"relaxed-fit-t-shirt-260gsm-70","Relaxed fit T-shirt 260gsm","Premium quality T-shirt from Mango.","published","https://media.mango.com/is/image/punto/37011431-07-002?wid=2048&hei=2867&fit=crop","https://media.mango.com/is/image/punto/37011431-07-001?wid=2048&hei=2867&fit=crop","https://media.mango.com/is/image/punto/37011431-07-003?wid=2048&hei=2867&fit=crop","https://media.mango.com/is/image/punto/37011431-07-004?wid=2048&hei=2867&fit=crop","Default","Size","M","RELAXED-FIT-T-SHIRT-260GSM-70-M",100,TRUE,FALSE,1990
"relaxed-fit-t-shirt-260gsm-70","Relaxed fit T-shirt 260gsm","Premium quality T-shirt from Mango.","published","https://media.mango.com/is/image/punto/37011431-07-002?wid=2048&hei=2867&fit=crop","https://media.mango.com/is/image/punto/37011431-07-001?wid=2048&hei=2867&fit=crop","https://media.mango.com/is/image/punto/37011431-07-003?wid=2048&hei=2867&fit=crop","https://media.mango.com/is/image/punto/37011431-07-004?wid=2048&hei=2867&fit=crop","Default","Size","L","RELAXED-FIT-T-SHIRT-260GSM-70-L",100,TRUE,FALSE,1990
"relaxed-fit-t-shirt-260gsm-70","Relaxed fit T-shirt 260gsm","Premium quality T-shirt from Mango.","published","https://media.mango.com/is/image/punto/37011431-07-002?wid=2048&hei=2867&fit=crop","https://media.mango.com/is/image/punto/37011431-07-001?wid=2048&hei=2867&fit=crop","https://media.mango.com/is/image/punto/37011431-07-003?wid=2048&hei=2867&fit=crop","https://media.mango.com/is/image/punto/37011431-07-004?wid=2048&hei=2867&fit=crop","Default","Size","XL","RELAXED-FIT-T-SHIRT-260GSM-70-XL",100,TRUE,FALSE,1990
"relaxed-fit-t-shirt-260gsm-70","Relaxed fit T-shirt 260gsm","Premium quality T-shirt from Mango.","published","https://media.mango.com/is/image/punto/37011431-07-002?wid=2048&hei=2867&fit=crop","https://media.mango.com/is/image/punto/37011431-07-001?wid=2048&hei=2867&fit=crop","https://media.mango.com/is/image/punto/37011431-07-003?wid=2048&hei=2867&fit=crop","https://media.mango.com/is/image/punto/37011431-07-004?wid=2048&hei=2867&fit=crop","Default","Size","XXL","RELAXED-FIT-T-SHIRT-260GSM-70-XXL",100,TRUE,FALSE,1990
"regular-fit-cotton-linen-blend-t-shirt-71","Regular fit cotton-linen blend T-shirt","Premium quality T-shirt from Mango.","published","https://media.mango.com/is/image/punto/37092902-32-002?wid=2048&hei=2867&fit=crop","https://media.mango.com/is/image/punto/37092902-32-001?wid=2048&hei=2867&fit=crop","https://media.mango.com/is/image/punto/37092902-32-003?wid=2048&hei=2867&fit=crop","https://media.mango.com/is/image/punto/37092902-32-004?wid=2048&hei=2867&fit=crop","Default","Size","S","REGULAR-FIT-COTTON-LINEN-BLEND-T-SHIRT-71-S",100,TRUE,FALSE,3299
"regular-fit-cotton-linen-blend-t-shirt-71","Regular fit cotton-linen blend T-shirt","Premium quality T-shirt from Mango.","published","https://media.mango.com/is/image/punto/37092902-32-002?wid=2048&hei=2867&fit=crop","https://media.mango.com/is/image/punto/37092902-32-001?wid=2048&hei=2867&fit=crop","https://media.mango.com/is/image/punto/37092902-32-003?wid=2048&hei=2867&fit=crop","https://media.mango.com/is/image/punto/37092902-32-004?wid=2048&hei=2867&fit=crop","Default","Size","M","REGULAR-FIT-COTTON-LINEN-BLEND-T-SHIRT-71-M",100,TRUE,FALSE,3299
"regular-fit-cotton-linen-blend-t-shirt-71","Regular fit cotton-linen blend T-shirt","Premium quality T-shirt from Mango.","published","https://media.mango.com/is/image/punto/37092902-32-002?wid=2048&hei=2867&fit=crop","https://media.mango.com/is/image/punto/37092902-32-001?wid=2048&hei=2867&fit=crop","https://media.mango.com/is/image/punto/37092902-32-003?wid=2048&hei=2867&fit=crop","https://media.mango.com/is/image/punto/37092902-32-004?wid=2048&hei=2867&fit=crop","Default","Size","L","REGULAR-FIT-COTTON-LINEN-BLEND-T-SHIRT-71-L",100,TRUE,FALSE,3299
"regular-fit-cotton-linen-blend-t-shirt-71","Regular fit cotton-linen blend T-shirt","Premium quality T-shirt from Mango.","published","https://media.mango.com/is/image/punto/37092902-32-002?wid=2048&hei=2867&fit=crop","https://media.mango.com/is/image/punto/37092902-32-001?wid=2048&hei=2867&fit=crop","https://media.mango.com/is/image/punto/37092902-32-003?wid=2048&hei=2867&fit=crop","https://media.mango.com/is/image/punto/37092902-32-004?wid=2048&hei=2867&fit=crop","Default","Size","XL","REGULAR-FIT-COTTON-LINEN-BLEND-T-SHIRT-71-XL",100,TRUE,FALSE,3299
"regular-fit-cotton-linen-blend-t-shirt-71","Regular fit cotton-linen blend T-shirt","Premium quality T-shirt from Mango.","published","https://media.mango.com/is/image/punto/37092902-32-002?wid=2048&hei=2867&fit=crop","https://media.mango.com/is/image/punto/37092902-32-001?wid=2048&hei=2867&fit=crop","https://media.mango.com/is/image/punto/37092902-32-003?wid=2048&hei=2867&fit=crop","https://media.mango.com/is/image/punto/37092902-32-004?wid=2048&hei=2867&fit=crop","Default","Size","XXL","REGULAR-FIT-COTTON-LINEN-BLEND-T-SHIRT-71-XXL",100,TRUE,FALSE,3299
"100-cotton-t-shirt-with-drawing-72","100% cotton t-shirt with drawing","Premium quality T-shirt from Mango.","published","https://media.mango.com/is/image/punto/37061463-01-003?wid=2048&hei=2867&fit=crop","https://media.mango.com/is/image/punto/37061463-01-001?wid=2048&hei=2867&fit=crop","https://media.mango.com/is/image/punto/37061463-01-002?wid=2048&hei=2867&fit=crop","https://media.mango.com/is/image/punto/37061463-01-004?wid=2048&hei=2867&fit=crop","Default","Size","S","100-COTTON-T-SHIRT-WITH-DRAWING-72-S",100,TRUE,FALSE,2999
"100-cotton-t-shirt-with-drawing-72","100% cotton t-shirt with drawing","Premium quality T-shirt from Mango.","published","https://media.mango.com/is/image/punto/37061463-01-003?wid=2048&hei=2867&fit=crop","https://media.mango.com/is/image/punto/37061463-01-001?wid=2048&hei=2867&fit=crop","https://media.mango.com/is/image/punto/37061463-01-002?wid=2048&hei=2867&fit=crop","https://media.mango.com/is/image/punto/37061463-01-004?wid=2048&hei=2867&fit=crop","Default","Size","M","100-COTTON-T-SHIRT-WITH-DRAWING-72-M",100,TRUE,FALSE,2999
"100-cotton-t-shirt-with-drawing-72","100% cotton t-shirt with drawing","Premium quality T-shirt from Mango.","published","https://media.mango.com/is/image/punto/37061463-01-003?wid=2048&hei=2867&fit=crop","https://media.mango.com/is/image/punto/37061463-01-001?wid=2048&hei=2867&fit=crop","https://media.mango.com/is/image/punto/37061463-01-002?wid=2048&hei=2867&fit=crop","https://media.mango.com/is/image/punto/37061463-01-004?wid=2048&hei=2867&fit=crop","Default","Size","L","100-COTTON-T-SHIRT-WITH-DRAWING-72-L",100,TRUE,FALSE,2999
"100-cotton-t-shirt-with-drawing-72","100% cotton t-shirt with drawing","Premium quality T-shirt from Mango.","published","https://media.mango.com/is/image/punto/37061463-01-003?wid=2048&hei=2867&fit=crop","https://media.mango.com/is/image/punto/37061463-01-001?wid=2048&hei=2867&fit=crop","https://media.mango.com/is/image/punto/37061463-01-002?wid=2048&hei=2867&fit=crop","https://media.mango.com/is/image/punto/37061463-01-004?wid=2048&hei=2867&fit=crop","Default","Size","XL","100-COTTON-T-SHIRT-WITH-DRAWING-72-XL",100,TRUE,FALSE,2999
"100-cotton-t-shirt-with-drawing-72","100% cotton t-shirt with drawing","Premium quality T-shirt from Mango.","published","https://media.mango.com/is/image/punto/37061463-01-003?wid=2048&hei=2867&fit=crop","https://media.mango.com/is/image/punto/37061463-01-001?wid=2048&hei=2867&fit=crop","https://media.mango.com/is/image/punto/37061463-01-002?wid=2048&hei=2867&fit=crop","https://media.mango.com/is/image/punto/37061463-01-004?wid=2048&hei=2867&fit=crop","Default","Size","XXL","100-COTTON-T-SHIRT-WITH-DRAWING-72-XXL",100,TRUE,FALSE,2999
"slim-fit-cotton-tank-top-73","Slim-fit cotton tank top","Premium quality T-shirt from Mango.","published","https://media.mango.com/is/image/punto/37031437-02-002?wid=2048&hei=2867&fit=crop","https://media.mango.com/is/image/punto/37031437-02-001?wid=2048&hei=2867&fit=crop","https://media.mango.com/is/image/punto/37031437-02-003?wid=2048&hei=2867&fit=crop","https://media.mango.com/is/image/punto/37031437-02-004?wid=2048&hei=2867&fit=crop","Default","Size","S","SLIM-FIT-COTTON-TANK-TOP-73-S",100,TRUE,FALSE,2299
"slim-fit-cotton-tank-top-73","Slim-fit cotton tank top","Premium quality T-shirt from Mango.","published","https://media.mango.com/is/image/punto/37031437-02-002?wid=2048&hei=2867&fit=crop","https://media.mango.com/is/image/punto/37031437-02-001?wid=2048&hei=2867&fit=crop","https://media.mango.com/is/image/punto/37031437-02-003?wid=2048&hei=2867&fit=crop","https://media.mango.com/is/image/punto/37031437-02-004?wid=2048&hei=2867&fit=crop","Default","Size","M","SLIM-FIT-COTTON-TANK-TOP-73-M",100,TRUE,FALSE,2299
"slim-fit-cotton-tank-top-73","Slim-fit cotton tank top","Premium quality T-shirt from Mango.","published","https://media.mango.com/is/image/punto/37031437-02-002?wid=2048&hei=2867&fit=crop","https://media.mango.com/is/image/punto/37031437-02-001?wid=2048&hei=2867&fit=crop","https://media.mango.com/is/image/punto/37031437-02-003?wid=2048&hei=2867&fit=crop","https://media.mango.com/is/image/punto/37031437-02-004?wid=2048&hei=2867&fit=crop","Default","Size","L","SLIM-FIT-COTTON-TANK-TOP-73-L",100,TRUE,FALSE,2299
"slim-fit-cotton-tank-top-73","Slim-fit cotton tank top","Premium quality T-shirt from Mango.","published","https://media.mango.com/is/image/punto/37031437-02-002?wid=2048&hei=2867&fit=crop","https://media.mango.com/is/image/punto/37031437-02-001?wid=2048&hei=2867&fit=crop","https://media.mango.com/is/image/punto/37031437-02-003?wid=2048&hei=2867&fit=crop","https://media.mango.com/is/image/punto/37031437-02-004?wid=2048&hei=2867&fit=crop","Default","Size","XL","SLIM-FIT-COTTON-TANK-TOP-73-XL",100,TRUE,FALSE,2299
"100-cotton-fine-jersey-t-shirt-74","100% cotton fine jersey T-shirt","Premium quality T-shirt from Mango.","published","https://media.mango.com/is/image/punto/37081435-40-002?wid=2048&hei=2867&fit=crop","https://media.mango.com/is/image/punto/37081435-40-001?wid=2048&hei=2867&fit=crop","https://media.mango.com/is/image/punto/37081435-40-003?wid=2048&hei=2867&fit=crop","https://media.mango.com/is/image/punto/37081435-40-004?wid=2048&hei=2867&fit=crop","Default","Size","S","100-COTTON-FINE-JERSEY-T-SHIRT-74-S",100,TRUE,FALSE,3299
"100-cotton-fine-jersey-t-shirt-74","100% cotton fine jersey T-shirt","Premium quality T-shirt from Mango.","published","https://media.mango.com/is/image/punto/37081435-40-002?wid=2048&hei=2867&fit=crop","https://media.mango.com/is/image/punto/37081435-40-001?wid=2048&hei=2867&fit=crop","https://media.mango.com/is/image/punto/37081435-40-003?wid=2048&hei=2867&fit=crop","https://media.mango.com/is/image/punto/37081435-40-004?wid=2048&hei=2867&fit=crop","Default","Size","M","100-COTTON-FINE-JERSEY-T-SHIRT-74-M",100,TRUE,FALSE,3299
"100-cotton-fine-jersey-t-shirt-74","100% cotton fine jersey T-shirt","Premium quality T-shirt from Mango.","published","https://media.mango.com/is/image/punto/37081435-40-002?wid=2048&hei=2867&fit=crop","https://media.mango.com/is/image/punto/37081435-40-001?wid=2048&hei=2867&fit=crop","https://media.mango.com/is/image/punto/37081435-40-003?wid=2048&hei=2867&fit=crop","https://media.mango.com/is/image/punto/37081435-40-004?wid=2048&hei=2867&fit=crop","Default","Size","L","100-COTTON-FINE-JERSEY-T-SHIRT-74-L",100,TRUE,FALSE,3299
"100-cotton-fine-jersey-t-shirt-74","100% cotton fine jersey T-shirt","Premium quality T-shirt from Mango.","published","https://media.mango.com/is/image/punto/37081435-40-002?wid=2048&hei=2867&fit=crop","https://media.mango.com/is/image/punto/37081435-40-001?wid=2048&hei=2867&fit=crop","https://media.mango.com/is/image/punto/37081435-40-003?wid=2048&hei=2867&fit=crop","https://media.mango.com/is/image/punto/37081435-40-004?wid=2048&hei=2867&fit=crop","Default","Size","XL","100-COTTON-FINE-JERSEY-T-SHIRT-74-XL",100,TRUE,FALSE,3299
"100-cotton-fine-jersey-t-shirt-74","100% cotton fine jersey T-shirt","Premium quality T-shirt from Mango.","published","https://media.mango.com/is/image/punto/37081435-40-002?wid=2048&hei=2867&fit=crop","https://media.mango.com/is/image/punto/37081435-40-001?wid=2048&hei=2867&fit=crop","https://media.mango.com/is/image/punto/37081435-40-003?wid=2048&hei=2867&fit=crop","https://media.mango.com/is/image/punto/37081435-40-004?wid=2048&hei=2867&fit=crop","Default","Size","XXL","100-COTTON-FINE-JERSEY-T-SHIRT-74-XXL",100,TRUE,FALSE,3299
"slim-fit-striped-jersey-t-shirt-75","Slim fit striped jersey t-shirt","Premium quality T-shirt from Mango.","published","https://media.mango.com/is/image/punto/37031438-07-002?wid=2048&hei=2867&fit=crop","https://media.mango.com/is/image/punto/37031438-07-001?wid=2048&hei=2867&fit=crop","https://media.mango.com/is/image/punto/37031438-07-003?wid=2048&hei=2867&fit=crop","https://media.mango.com/is/image/punto/37031438-07-004?wid=2048&hei=2867&fit=crop","Default","Size","S","SLIM-FIT-STRIPED-JERSEY-T-SHIRT-75-S",100,TRUE,FALSE,4299
"slim-fit-striped-jersey-t-shirt-75","Slim fit striped jersey t-shirt","Premium quality T-shirt from Mango.","published","https://media.mango.com/is/image/punto/37031438-07-002?wid=2048&hei=2867&fit=crop","https://media.mango.com/is/image/punto/37031438-07-001?wid=2048&hei=2867&fit=crop","https://media.mango.com/is/image/punto/37031438-07-003?wid=2048&hei=2867&fit=crop","https://media.mango.com/is/image/punto/37031438-07-004?wid=2048&hei=2867&fit=crop","Default","Size","M","SLIM-FIT-STRIPED-JERSEY-T-SHIRT-75-M",100,TRUE,FALSE,4299
"slim-fit-striped-jersey-t-shirt-75","Slim fit striped jersey t-shirt","Premium quality T-shirt from Mango.","published","https://media.mango.com/is/image/punto/37031438-07-002?wid=2048&hei=2867&fit=crop","https://media.mango.com/is/image/punto/37031438-07-001?wid=2048&hei=2867&fit=crop","https://media.mango.com/is/image/punto/37031438-07-003?wid=2048&hei=2867&fit=crop","https://media.mango.com/is/image/punto/37031438-07-004?wid=2048&hei=2867&fit=crop","Default","Size","L","SLIM-FIT-STRIPED-JERSEY-T-SHIRT-75-L",100,TRUE,FALSE,4299
"slim-fit-striped-jersey-t-shirt-75","Slim fit striped jersey t-shirt","Premium quality T-shirt from Mango.","published","https://media.mango.com/is/image/punto/37031438-07-002?wid=2048&hei=2867&fit=crop","https://media.mango.com/is/image/punto/37031438-07-001?wid=2048&hei=2867&fit=crop","https://media.mango.com/is/image/punto/37031438-07-003?wid=2048&hei=2867&fit=crop","https://media.mango.com/is/image/punto/37031438-07-004?wid=2048&hei=2867&fit=crop","Default","Size","XL","SLIM-FIT-STRIPED-JERSEY-T-SHIRT-75-XL",100,TRUE,FALSE,4299
"slim-fit-striped-jersey-t-shirt-75","Slim fit striped jersey t-shirt","Premium quality T-shirt from Mango.","published","https://media.mango.com/is/image/punto/37031438-07-002?wid=2048&hei=2867&fit=crop","https://media.mango.com/is/image/punto/37031438-07-001?wid=2048&hei=2867&fit=crop","https://media.mango.com/is/image/punto/37031438-07-003?wid=2048&hei=2867&fit=crop","https://media.mango.com/is/image/punto/37031438-07-004?wid=2048&hei=2867&fit=crop","Default","Size","XXL","SLIM-FIT-STRIPED-JERSEY-T-SHIRT-75-XXL",100,TRUE,FALSE,4299
"regular-fit-t-shirt-190gsm-76","Regular fit T-shirt 190gsm","Premium quality T-shirt from Mango.","published","https://media.mango.com/is/image/punto/37011436-99-002?wid=2048&hei=2867&fit=crop","https://media.mango.com/is/image/punto/37011436-99-001?wid=2048&hei=2867&fit=crop","https://media.mango.com/is/image/punto/37011436-99-003?wid=2048&hei=2867&fit=crop","https://media.mango.com/is/image/punto/37011436-99-004?wid=2048&hei=2867&fit=crop","Default","Size","XS","REGULAR-FIT-T-SHIRT-190GSM-76-XS",100,TRUE,FALSE,2299
"regular-fit-t-shirt-190gsm-76","Regular fit T-shirt 190gsm","Premium quality T-shirt from Mango.","published","https://media.mango.com/is/image/punto/37011436-99-002?wid=2048&hei=2867&fit=crop","https://media.mango.com/is/image/punto/37011436-99-001?wid=2048&hei=2867&fit=crop","https://media.mango.com/is/image/punto/37011436-99-003?wid=2048&hei=2867&fit=crop","https://media.mango.com/is/image/punto/37011436-99-004?wid=2048&hei=2867&fit=crop","Default","Size","S","REGULAR-FIT-T-SHIRT-190GSM-76-S",100,TRUE,FALSE,2299
"regular-fit-t-shirt-190gsm-76","Regular fit T-shirt 190gsm","Premium quality T-shirt from Mango.","published","https://media.mango.com/is/image/punto/37011436-99-002?wid=2048&hei=2867&fit=crop","https://media.mango.com/is/image/punto/37011436-99-001?wid=2048&hei=2867&fit=crop","https://media.mango.com/is/image/punto/37011436-99-003?wid=2048&hei=2867&fit=crop","https://media.mango.com/is/image/punto/37011436-99-004?wid=2048&hei=2867&fit=crop","Default","Size","M","REGULAR-FIT-T-SHIRT-190GSM-76-M",100,TRUE,FALSE,2299
"regular-fit-t-shirt-190gsm-76","Regular fit T-shirt 190gsm","Premium quality T-shirt from Mango.","published","https://media.mango.com/is/image/punto/37011436-99-002?wid=2048&hei=2867&fit=crop","https://media.mango.com/is/image/punto/37011436-99-001?wid=2048&hei=2867&fit=crop","https://media.mango.com/is/image/punto/37011436-99-003?wid=2048&hei=2867&fit=crop","https://media.mango.com/is/image/punto/37011436-99-004?wid=2048&hei=2867&fit=crop","Default","Size","L","REGULAR-FIT-T-SHIRT-190GSM-76-L",100,TRUE,FALSE,2299
"regular-fit-t-shirt-190gsm-76","Regular fit T-shirt 190gsm","Premium quality T-shirt from Mango.","published","https://media.mango.com/is/image/punto/37011436-99-002?wid=2048&hei=2867&fit=crop","https://media.mango.com/is/image/punto/37011436-99-001?wid=2048&hei=2867&fit=crop","https://media.mango.com/is/image/punto/37011436-99-003?wid=2048&hei=2867&fit=crop","https://media.mango.com/is/image/punto/37011436-99-004?wid=2048&hei=2867&fit=crop","Default","Size","XL","REGULAR-FIT-T-SHIRT-190GSM-76-XL",100,TRUE,FALSE,2299
"regular-fit-t-shirt-190gsm-76","Regular fit T-shirt 190gsm","Premium quality T-shirt from Mango.","published","https://media.mango.com/is/image/punto/37011436-99-002?wid=2048&hei=2867&fit=crop","https://media.mango.com/is/image/punto/37011436-99-001?wid=2048&hei=2867&fit=crop","https://media.mango.com/is/image/punto/37011436-99-003?wid=2048&hei=2867&fit=crop","https://media.mango.com/is/image/punto/37011436-99-004?wid=2048&hei=2867&fit=crop","Default","Size","XXL","REGULAR-FIT-T-SHIRT-190GSM-76-XXL",100,TRUE,FALSE,2299
"regular-fit-t-shirt-190gsm-77","Regular fit T-shirt 190gsm","Premium quality T-shirt from Mango.","published","https://media.mango.com/is/image/punto/37011436-51-002?wid=2048&hei=2867&fit=crop","https://media.mango.com/is/image/punto/37011436-51-001?wid=2048&hei=2867&fit=crop","https://media.mango.com/is/image/punto/37011436-51-003?wid=2048&hei=2867&fit=crop","https://media.mango.com/is/image/punto/37011436-51-004?wid=2048&hei=2867&fit=crop","Default","Size","XS","REGULAR-FIT-T-SHIRT-190GSM-77-XS",100,TRUE,FALSE,2299
"regular-fit-t-shirt-190gsm-77","Regular fit T-shirt 190gsm","Premium quality T-shirt from Mango.","published","https://media.mango.com/is/image/punto/37011436-51-002?wid=2048&hei=2867&fit=crop","https://media.mango.com/is/image/punto/37011436-51-001?wid=2048&hei=2867&fit=crop","https://media.mango.com/is/image/punto/37011436-51-003?wid=2048&hei=2867&fit=crop","https://media.mango.com/is/image/punto/37011436-51-004?wid=2048&hei=2867&fit=crop","Default","Size","S","REGULAR-FIT-T-SHIRT-190GSM-77-S",100,TRUE,FALSE,2299
"regular-fit-t-shirt-190gsm-77","Regular fit T-shirt 190gsm","Premium quality T-shirt from Mango.","published","https://media.mango.com/is/image/punto/37011436-51-002?wid=2048&hei=2867&fit=crop","https://media.mango.com/is/image/punto/37011436-51-001?wid=2048&hei=2867&fit=crop","https://media.mango.com/is/image/punto/37011436-51-003?wid=2048&hei=2867&fit=crop","https://media.mango.com/is/image/punto/37011436-51-004?wid=2048&hei=2867&fit=crop","Default","Size","M","REGULAR-FIT-T-SHIRT-190GSM-77-M",100,TRUE,FALSE,2299
"regular-fit-t-shirt-190gsm-77","Regular fit T-shirt 190gsm","Premium quality T-shirt from Mango.","published","https://media.mango.com/is/image/punto/37011436-51-002?wid=2048&hei=2867&fit=crop","https://media.mango.com/is/image/punto/37011436-51-001?wid=2048&hei=2867&fit=crop","https://media.mango.com/is/image/punto/37011436-51-003?wid=2048&hei=2867&fit=crop","https://media.mango.com/is/image/punto/37011436-51-004?wid=2048&hei=2867&fit=crop","Default","Size","L","REGULAR-FIT-T-SHIRT-190GSM-77-L",100,TRUE,FALSE,2299
"regular-fit-t-shirt-190gsm-77","Regular fit T-shirt 190gsm","Premium quality T-shirt from Mango.","published","https://media.mango.com/is/image/punto/37011436-51-002?wid=2048&hei=2867&fit=crop","https://media.mango.com/is/image/punto/37011436-51-001?wid=2048&hei=2867&fit=crop","https://media.mango.com/is/image/punto/37011436-51-003?wid=2048&hei=2867&fit=crop","https://media.mango.com/is/image/punto/37011436-51-004?wid=2048&hei=2867&fit=crop","Default","Size","XL","REGULAR-FIT-T-SHIRT-190GSM-77-XL",100,TRUE,FALSE,2299
"regular-fit-t-shirt-190gsm-77","Regular fit T-shirt 190gsm","Premium quality T-shirt from Mango.","published","https://media.mango.com/is/image/punto/37011436-51-002?wid=2048&hei=2867&fit=crop","https://media.mango.com/is/image/punto/37011436-51-001?wid=2048&hei=2867&fit=crop","https://media.mango.com/is/image/punto/37011436-51-003?wid=2048&hei=2867&fit=crop","https://media.mango.com/is/image/punto/37011436-51-004?wid=2048&hei=2867&fit=crop","Default","Size","XXL","REGULAR-FIT-T-SHIRT-190GSM-77-XXL",100,TRUE,FALSE,2299
"100-cotton-t-shirt-with-embroidered-detail-78","100% cotton t-shirt with embroidered detail","Premium quality T-shirt from Mango.","published","https://media.mango.com/is/image/punto/37041465-40-002?wid=2048&hei=2867&fit=crop","https://media.mango.com/is/image/punto/37041465-40-001?wid=2048&hei=2867&fit=crop","https://media.mango.com/is/image/punto/37041465-40-003?wid=2048&hei=2867&fit=crop","https://media.mango.com/is/image/punto/37041465-40-004?wid=2048&hei=2867&fit=crop","Default","Size","S","100-COTTON-T-SHIRT-WITH-EMBROIDERED-DETAIL-78-S",100,TRUE,FALSE,2999
"100-cotton-t-shirt-with-embroidered-detail-78","100% cotton t-shirt with embroidered detail","Premium quality T-shirt from Mango.","published","https://media.mango.com/is/image/punto/37041465-40-002?wid=2048&hei=2867&fit=crop","https://media.mango.com/is/image/punto/37041465-40-001?wid=2048&hei=2867&fit=crop","https://media.mango.com/is/image/punto/37041465-40-003?wid=2048&hei=2867&fit=crop","https://media.mango.com/is/image/punto/37041465-40-004?wid=2048&hei=2867&fit=crop","Default","Size","M","100-COTTON-T-SHIRT-WITH-EMBROIDERED-DETAIL-78-M",100,TRUE,FALSE,2999
"100-cotton-t-shirt-with-embroidered-detail-78","100% cotton t-shirt with embroidered detail","Premium quality T-shirt from Mango.","published","https://media.mango.com/is/image/punto/37041465-40-002?wid=2048&hei=2867&fit=crop","https://media.mango.com/is/image/punto/37041465-40-001?wid=2048&hei=2867&fit=crop","https://media.mango.com/is/image/punto/37041465-40-003?wid=2048&hei=2867&fit=crop","https://media.mango.com/is/image/punto/37041465-40-004?wid=2048&hei=2867&fit=crop","Default","Size","L","100-COTTON-T-SHIRT-WITH-EMBROIDERED-DETAIL-78-L",100,TRUE,FALSE,2999
"100-cotton-t-shirt-with-embroidered-detail-78","100% cotton t-shirt with embroidered detail","Premium quality T-shirt from Mango.","published","https://media.mango.com/is/image/punto/37041465-40-002?wid=2048&hei=2867&fit=crop","https://media.mango.com/is/image/punto/37041465-40-001?wid=2048&hei=2867&fit=crop","https://media.mango.com/is/image/punto/37041465-40-003?wid=2048&hei=2867&fit=crop","https://media.mango.com/is/image/punto/37041465-40-004?wid=2048&hei=2867&fit=crop","Default","Size","XL","100-COTTON-T-SHIRT-WITH-EMBROIDERED-DETAIL-78-XL",100,TRUE,FALSE,2999
"100-cotton-t-shirt-with-embroidered-detail-78","100% cotton t-shirt with embroidered detail","Premium quality T-shirt from Mango.","published","https://media.mango.com/is/image/punto/37041465-40-002?wid=2048&hei=2867&fit=crop","https://media.mango.com/is/image/punto/37041465-40-001?wid=2048&hei=2867&fit=crop","https://media.mango.com/is/image/punto/37041465-40-003?wid=2048&hei=2867&fit=crop","https://media.mango.com/is/image/punto/37041465-40-004?wid=2048&hei=2867&fit=crop","Default","Size","XXL","100-COTTON-T-SHIRT-WITH-EMBROIDERED-DETAIL-78-XXL",100,TRUE,FALSE,2999
"100-cotton-t-shirt-with-embroidered-detail-79","100% cotton t-shirt with embroidered detail","Premium quality T-shirt from Mango.","published","https://media.mango.com/is/image/punto/37041466-01-002?wid=2048&hei=2867&fit=crop","https://media.mango.com/is/image/punto/37041466-01-001?wid=2048&hei=2867&fit=crop","https://media.mango.com/is/image/punto/37041466-01-003?wid=2048&hei=2867&fit=crop","https://media.mango.com/is/image/punto/37041466-01-004?wid=2048&hei=2867&fit=crop","Default","Size","S","100-COTTON-T-SHIRT-WITH-EMBROIDERED-DETAIL-79-S",100,TRUE,FALSE,2999
"100-cotton-t-shirt-with-embroidered-detail-79","100% cotton t-shirt with embroidered detail","Premium quality T-shirt from Mango.","published","https://media.mango.com/is/image/punto/37041466-01-002?wid=2048&hei=2867&fit=crop","https://media.mango.com/is/image/punto/37041466-01-001?wid=2048&hei=2867&fit=crop","https://media.mango.com/is/image/punto/37041466-01-003?wid=2048&hei=2867&fit=crop","https://media.mango.com/is/image/punto/37041466-01-004?wid=2048&hei=2867&fit=crop","Default","Size","M","100-COTTON-T-SHIRT-WITH-EMBROIDERED-DETAIL-79-M",100,TRUE,FALSE,2999
"100-cotton-t-shirt-with-embroidered-detail-79","100% cotton t-shirt with embroidered detail","Premium quality T-shirt from Mango.","published","https://media.mango.com/is/image/punto/37041466-01-002?wid=2048&hei=2867&fit=crop","https://media.mango.com/is/image/punto/37041466-01-001?wid=2048&hei=2867&fit=crop","https://media.mango.com/is/image/punto/37041466-01-003?wid=2048&hei=2867&fit=crop","https://media.mango.com/is/image/punto/37041466-01-004?wid=2048&hei=2867&fit=crop","Default","Size","L","100-COTTON-T-SHIRT-WITH-EMBROIDERED-DETAIL-79-L",100,TRUE,FALSE,2999
"100-cotton-t-shirt-with-embroidered-detail-79","100% cotton t-shirt with embroidered detail","Premium quality T-shirt from Mango.","published","https://media.mango.com/is/image/punto/37041466-01-002?wid=2048&hei=2867&fit=crop","https://media.mango.com/is/image/punto/37041466-01-001?wid=2048&hei=2867&fit=crop","https://media.mango.com/is/image/punto/37041466-01-003?wid=2048&hei=2867&fit=crop","https://media.mango.com/is/image/punto/37041466-01-004?wid=2048&hei=2867&fit=crop","Default","Size","XL","100-COTTON-T-SHIRT-WITH-EMBROIDERED-DETAIL-79-XL",100,TRUE,FALSE,2999
"100-cotton-t-shirt-with-embroidered-detail-79","100% cotton t-shirt with embroidered detail","Premium quality T-shirt from Mango.","published","https://media.mango.com/is/image/punto/37041466-01-002?wid=2048&hei=2867&fit=crop","https://media.mango.com/is/image/punto/37041466-01-001?wid=2048&hei=2867&fit=crop","https://media.mango.com/is/image/punto/37041466-01-003?wid=2048&hei=2867&fit=crop","https://media.mango.com/is/image/punto/37041466-01-004?wid=2048&hei=2867&fit=crop","Default","Size","XXL","100-COTTON-T-SHIRT-WITH-EMBROIDERED-DETAIL-79-XXL",100,TRUE,FALSE,2999
"100-cotton-t-shirt-with-patch-detail-80","100% cotton T-shirt with patch detail","Premium quality T-shirt from Mango.","published","https://media.mango.com/is/image/punto/37051464-56-002?wid=2048&hei=2867&fit=crop","https://media.mango.com/is/image/punto/37051464-56-001?wid=2048&hei=2867&fit=crop","https://media.mango.com/is/image/punto/37051464-56-003?wid=2048&hei=2867&fit=crop","https://media.mango.com/is/image/punto/37051464-56-004?wid=2048&hei=2867&fit=crop","Default","Size","S","100-COTTON-T-SHIRT-WITH-PATCH-DETAIL-80-S",100,TRUE,FALSE,2999
"100-cotton-t-shirt-with-patch-detail-80","100% cotton T-shirt with patch detail","Premium quality T-shirt from Mango.","published","https://media.mango.com/is/image/punto/37051464-56-002?wid=2048&hei=2867&fit=crop","https://media.mango.com/is/image/punto/37051464-56-001?wid=2048&hei=2867&fit=crop","https://media.mango.com/is/image/punto/37051464-56-003?wid=2048&hei=2867&fit=crop","https://media.mango.com/is/image/punto/37051464-56-004?wid=2048&hei=2867&fit=crop","Default","Size","M","100-COTTON-T-SHIRT-WITH-PATCH-DETAIL-80-M",100,TRUE,FALSE,2999
"100-cotton-t-shirt-with-patch-detail-80","100% cotton T-shirt with patch detail","Premium quality T-shirt from Mango.","published","https://media.mango.com/is/image/punto/37051464-56-002?wid=2048&hei=2867&fit=crop","https://media.mango.com/is/image/punto/37051464-56-001?wid=2048&hei=2867&fit=crop","https://media.mango.com/is/image/punto/37051464-56-003?wid=2048&hei=2867&fit=crop","https://media.mango.com/is/image/punto/37051464-56-004?wid=2048&hei=2867&fit=crop","Default","Size","L","100-COTTON-T-SHIRT-WITH-PATCH-DETAIL-80-L",100,TRUE,FALSE,2999
"100-cotton-t-shirt-with-patch-detail-80","100% cotton T-shirt with patch detail","Premium quality T-shirt from Mango.","published","https://media.mango.com/is/image/punto/37051464-56-002?wid=2048&hei=2867&fit=crop","https://media.mango.com/is/image/punto/37051464-56-001?wid=2048&hei=2867&fit=crop","https://media.mango.com/is/image/punto/37051464-56-003?wid=2048&hei=2867&fit=crop","https://media.mango.com/is/image/punto/37051464-56-004?wid=2048&hei=2867&fit=crop","Default","Size","XL","100-COTTON-T-SHIRT-WITH-PATCH-DETAIL-80-XL",100,TRUE,FALSE,2999
"100-cotton-t-shirt-with-patch-detail-80","100% cotton T-shirt with patch detail","Premium quality T-shirt from Mango.","published","https://media.mango.com/is/image/punto/37051464-56-002?wid=2048&hei=2867&fit=crop","https://media.mango.com/is/image/punto/37051464-56-001?wid=2048&hei=2867&fit=crop","https://media.mango.com/is/image/punto/37051464-56-003?wid=2048&hei=2867&fit=crop","https://media.mango.com/is/image/punto/37051464-56-004?wid=2048&hei=2867&fit=crop","Default","Size","XXL","100-COTTON-T-SHIRT-WITH-PATCH-DETAIL-80-XXL",100,TRUE,FALSE,2999
"slim-fit-cotton-tank-top-81","Slim-fit cotton tank top","Premium quality T-shirt from Mango.","published","https://media.mango.com/is/image/punto/37011438-30-002?wid=2048&hei=2867&fit=crop","https://media.mango.com/is/image/punto/37011438-30-001?wid=2048&hei=2867&fit=crop","https://media.mango.com/is/image/punto/37011438-30-003?wid=2048&hei=2867&fit=crop","https://media.mango.com/is/image/punto/37011438-30-004?wid=2048&hei=2867&fit=crop","Default","Size","S","SLIM-FIT-COTTON-TANK-TOP-81-S",100,TRUE,FALSE,1899
"slim-fit-cotton-tank-top-81","Slim-fit cotton tank top","Premium quality T-shirt from Mango.","published","https://media.mango.com/is/image/punto/37011438-30-002?wid=2048&hei=2867&fit=crop","https://media.mango.com/is/image/punto/37011438-30-001?wid=2048&hei=2867&fit=crop","https://media.mango.com/is/image/punto/37011438-30-003?wid=2048&hei=2867&fit=crop","https://media.mango.com/is/image/punto/37011438-30-004?wid=2048&hei=2867&fit=crop","Default","Size","M","SLIM-FIT-COTTON-TANK-TOP-81-M",100,TRUE,FALSE,1899
"slim-fit-cotton-tank-top-81","Slim-fit cotton tank top","Premium quality T-shirt from Mango.","published","https://media.mango.com/is/image/punto/37011438-30-002?wid=2048&hei=2867&fit=crop","https://media.mango.com/is/image/punto/37011438-30-001?wid=2048&hei=2867&fit=crop","https://media.mango.com/is/image/punto/37011438-30-003?wid=2048&hei=2867&fit=crop","https://media.mango.com/is/image/punto/37011438-30-004?wid=2048&hei=2867&fit=crop","Default","Size","L","SLIM-FIT-COTTON-TANK-TOP-81-L",100,TRUE,FALSE,1899
"slim-fit-cotton-tank-top-81","Slim-fit cotton tank top","Premium quality T-shirt from Mango.","published","https://media.mango.com/is/image/punto/37011438-30-002?wid=2048&hei=2867&fit=crop","https://media.mango.com/is/image/punto/37011438-30-001?wid=2048&hei=2867&fit=crop","https://media.mango.com/is/image/punto/37011438-30-003?wid=2048&hei=2867&fit=crop","https://media.mango.com/is/image/punto/37011438-30-004?wid=2048&hei=2867&fit=crop","Default","Size","XL","SLIM-FIT-COTTON-TANK-TOP-81-XL",100,TRUE,FALSE,1899
"slim-fit-t-shirt-180gsm-82","Slim fit T-shirt 180gsm","Premium quality T-shirt from Mango.","published","https://media.mango.com/is/image/punto/37081426-07-002?wid=2048&hei=2867&fit=crop","https://media.mango.com/is/image/punto/37081426-07-001?wid=2048&hei=2867&fit=crop","https://media.mango.com/is/image/punto/37081426-07-003?wid=2048&hei=2867&fit=crop","https://media.mango.com/is/image/punto/37081426-07-004?wid=2048&hei=2867&fit=crop","Default","Size","XS","SLIM-FIT-T-SHIRT-180GSM-82-XS",100,TRUE,FALSE,1290
"slim-fit-t-shirt-180gsm-82","Slim fit T-shirt 180gsm","Premium quality T-shirt from Mango.","published","https://media.mango.com/is/image/punto/37081426-07-002?wid=2048&hei=2867&fit=crop","https://media.mango.com/is/image/punto/37081426-07-001?wid=2048&hei=2867&fit=crop","https://media.mango.com/is/image/punto/37081426-07-003?wid=2048&hei=2867&fit=crop","https://media.mango.com/is/image/punto/37081426-07-004?wid=2048&hei=2867&fit=crop","Default","Size","S","SLIM-FIT-T-SHIRT-180GSM-82-S",100,TRUE,FALSE,1290
"slim-fit-t-shirt-180gsm-82","Slim fit T-shirt 180gsm","Premium quality T-shirt from Mango.","published","https://media.mango.com/is/image/punto/37081426-07-002?wid=2048&hei=2867&fit=crop","https://media.mango.com/is/image/punto/37081426-07-001?wid=2048&hei=2867&fit=crop","https://media.mango.com/is/image/punto/37081426-07-003?wid=2048&hei=2867&fit=crop","https://media.mango.com/is/image/punto/37081426-07-004?wid=2048&hei=2867&fit=crop","Default","Size","M","SLIM-FIT-T-SHIRT-180GSM-82-M",100,TRUE,FALSE,1290
"slim-fit-t-shirt-180gsm-82","Slim fit T-shirt 180gsm","Premium quality T-shirt from Mango.","published","https://media.mango.com/is/image/punto/37081426-07-002?wid=2048&hei=2867&fit=crop","https://media.mango.com/is/image/punto/37081426-07-001?wid=2048&hei=2867&fit=crop","https://media.mango.com/is/image/punto/37081426-07-003?wid=2048&hei=2867&fit=crop","https://media.mango.com/is/image/punto/37081426-07-004?wid=2048&hei=2867&fit=crop","Default","Size","L","SLIM-FIT-T-SHIRT-180GSM-82-L",100,TRUE,FALSE,1290
"slim-fit-t-shirt-180gsm-82","Slim fit T-shirt 180gsm","Premium quality T-shirt from Mango.","published","https://media.mango.com/is/image/punto/37081426-07-002?wid=2048&hei=2867&fit=crop","https://media.mango.com/is/image/punto/37081426-07-001?wid=2048&hei=2867&fit=crop","https://media.mango.com/is/image/punto/37081426-07-003?wid=2048&hei=2867&fit=crop","https://media.mango.com/is/image/punto/37081426-07-004?wid=2048&hei=2867&fit=crop","Default","Size","XL","SLIM-FIT-T-SHIRT-180GSM-82-XL",100,TRUE,FALSE,1290
"slim-fit-t-shirt-180gsm-82","Slim fit T-shirt 180gsm","Premium quality T-shirt from Mango.","published","https://media.mango.com/is/image/punto/37081426-07-002?wid=2048&hei=2867&fit=crop","https://media.mango.com/is/image/punto/37081426-07-001?wid=2048&hei=2867&fit=crop","https://media.mango.com/is/image/punto/37081426-07-003?wid=2048&hei=2867&fit=crop","https://media.mango.com/is/image/punto/37081426-07-004?wid=2048&hei=2867&fit=crop","Default","Size","XXL","SLIM-FIT-T-SHIRT-180GSM-82-XXL",100,TRUE,FALSE,1290
"regular-fit-t-shirt-200gsm-83","Regular fit T-shirt 200gsm","Premium quality T-shirt from Mango.","published","https://media.mango.com/is/image/punto/37011433-02-002?wid=2048&hei=2867&fit=crop","https://media.mango.com/is/image/punto/37011433-02-001?wid=2048&hei=2867&fit=crop","https://media.mango.com/is/image/punto/37011433-02-003?wid=2048&hei=2867&fit=crop","https://media.mango.com/is/image/punto/37011433-02-004?wid=2048&hei=2867&fit=crop","Default","Size","XS","REGULAR-FIT-T-SHIRT-200GSM-83-XS",100,TRUE,FALSE,2499
"regular-fit-t-shirt-200gsm-83","Regular fit T-shirt 200gsm","Premium quality T-shirt from Mango.","published","https://media.mango.com/is/image/punto/37011433-02-002?wid=2048&hei=2867&fit=crop","https://media.mango.com/is/image/punto/37011433-02-001?wid=2048&hei=2867&fit=crop","https://media.mango.com/is/image/punto/37011433-02-003?wid=2048&hei=2867&fit=crop","https://media.mango.com/is/image/punto/37011433-02-004?wid=2048&hei=2867&fit=crop","Default","Size","S","REGULAR-FIT-T-SHIRT-200GSM-83-S",100,TRUE,FALSE,2499
"regular-fit-t-shirt-200gsm-83","Regular fit T-shirt 200gsm","Premium quality T-shirt from Mango.","published","https://media.mango.com/is/image/punto/37011433-02-002?wid=2048&hei=2867&fit=crop","https://media.mango.com/is/image/punto/37011433-02-001?wid=2048&hei=2867&fit=crop","https://media.mango.com/is/image/punto/37011433-02-003?wid=2048&hei=2867&fit=crop","https://media.mango.com/is/image/punto/37011433-02-004?wid=2048&hei=2867&fit=crop","Default","Size","M","REGULAR-FIT-T-SHIRT-200GSM-83-M",100,TRUE,FALSE,2499
"regular-fit-t-shirt-200gsm-83","Regular fit T-shirt 200gsm","Premium quality T-shirt from Mango.","published","https://media.mango.com/is/image/punto/37011433-02-002?wid=2048&hei=2867&fit=crop","https://media.mango.com/is/image/punto/37011433-02-001?wid=2048&hei=2867&fit=crop","https://media.mango.com/is/image/punto/37011433-02-003?wid=2048&hei=2867&fit=crop","https://media.mango.com/is/image/punto/37011433-02-004?wid=2048&hei=2867&fit=crop","Default","Size","L","REGULAR-FIT-T-SHIRT-200GSM-83-L",100,TRUE,FALSE,2499
"regular-fit-t-shirt-200gsm-83","Regular fit T-shirt 200gsm","Premium quality T-shirt from Mango.","published","https://media.mango.com/is/image/punto/37011433-02-002?wid=2048&hei=2867&fit=crop","https://media.mango.com/is/image/punto/37011433-02-001?wid=2048&hei=2867&fit=crop","https://media.mango.com/is/image/punto/37011433-02-003?wid=2048&hei=2867&fit=crop","https://media.mango.com/is/image/punto/37011433-02-004?wid=2048&hei=2867&fit=crop","Default","Size","XL","REGULAR-FIT-T-SHIRT-200GSM-83-XL",100,TRUE,FALSE,2499
"regular-fit-t-shirt-200gsm-83","Regular fit T-shirt 200gsm","Premium quality T-shirt from Mango.","published","https://media.mango.com/is/image/punto/37011433-02-002?wid=2048&hei=2867&fit=crop","https://media.mango.com/is/image/punto/37011433-02-001?wid=2048&hei=2867&fit=crop","https://media.mango.com/is/image/punto/37011433-02-003?wid=2048&hei=2867&fit=crop","https://media.mango.com/is/image/punto/37011433-02-004?wid=2048&hei=2867&fit=crop","Default","Size","XXL","REGULAR-FIT-T-SHIRT-200GSM-83-XXL",100,TRUE,FALSE,2499
"slim-fit-t-shirt-180gsm-84","Slim fit T-shirt 180gsm","Premium quality T-shirt from Mango.","published","https://media.mango.com/is/image/punto/37081426-37-002?wid=2048&hei=2867&fit=crop","https://media.mango.com/is/image/punto/37081426-37-001?wid=2048&hei=2867&fit=crop","https://media.mango.com/is/image/punto/37081426-37-003?wid=2048&hei=2867&fit=crop","https://media.mango.com/is/image/punto/37081426-37-004?wid=2048&hei=2867&fit=crop","Default","Size","XS","SLIM-FIT-T-SHIRT-180GSM-84-XS",100,TRUE,FALSE,1290
"slim-fit-t-shirt-180gsm-84","Slim fit T-shirt 180gsm","Premium quality T-shirt from Mango.","published","https://media.mango.com/is/image/punto/37081426-37-002?wid=2048&hei=2867&fit=crop","https://media.mango.com/is/image/punto/37081426-37-001?wid=2048&hei=2867&fit=crop","https://media.mango.com/is/image/punto/37081426-37-003?wid=2048&hei=2867&fit=crop","https://media.mango.com/is/image/punto/37081426-37-004?wid=2048&hei=2867&fit=crop","Default","Size","S","SLIM-FIT-T-SHIRT-180GSM-84-S",100,TRUE,FALSE,1290
"slim-fit-t-shirt-180gsm-84","Slim fit T-shirt 180gsm","Premium quality T-shirt from Mango.","published","https://media.mango.com/is/image/punto/37081426-37-002?wid=2048&hei=2867&fit=crop","https://media.mango.com/is/image/punto/37081426-37-001?wid=2048&hei=2867&fit=crop","https://media.mango.com/is/image/punto/37081426-37-003?wid=2048&hei=2867&fit=crop","https://media.mango.com/is/image/punto/37081426-37-004?wid=2048&hei=2867&fit=crop","Default","Size","M","SLIM-FIT-T-SHIRT-180GSM-84-M",100,TRUE,FALSE,1290
"slim-fit-t-shirt-180gsm-84","Slim fit T-shirt 180gsm","Premium quality T-shirt from Mango.","published","https://media.mango.com/is/image/punto/37081426-37-002?wid=2048&hei=2867&fit=crop","https://media.mango.com/is/image/punto/37081426-37-001?wid=2048&hei=2867&fit=crop","https://media.mango.com/is/image/punto/37081426-37-003?wid=2048&hei=2867&fit=crop","https://media.mango.com/is/image/punto/37081426-37-004?wid=2048&hei=2867&fit=crop","Default","Size","L","SLIM-FIT-T-SHIRT-180GSM-84-L",100,TRUE,FALSE,1290
"slim-fit-t-shirt-180gsm-84","Slim fit T-shirt 180gsm","Premium quality T-shirt from Mango.","published","https://media.mango.com/is/image/punto/37081426-37-002?wid=2048&hei=2867&fit=crop","https://media.mango.com/is/image/punto/37081426-37-001?wid=2048&hei=2867&fit=crop","https://media.mango.com/is/image/punto/37081426-37-003?wid=2048&hei=2867&fit=crop","https://media.mango.com/is/image/punto/37081426-37-004?wid=2048&hei=2867&fit=crop","Default","Size","XL","SLIM-FIT-T-SHIRT-180GSM-84-XL",100,TRUE,FALSE,1290
"slim-fit-t-shirt-180gsm-84","Slim fit T-shirt 180gsm","Premium quality T-shirt from Mango.","published","https://media.mango.com/is/image/punto/37081426-37-002?wid=2048&hei=2867&fit=crop","https://media.mango.com/is/image/punto/37081426-37-001?wid=2048&hei=2867&fit=crop","https://media.mango.com/is/image/punto/37081426-37-003?wid=2048&hei=2867&fit=crop","https://media.mango.com/is/image/punto/37081426-37-004?wid=2048&hei=2867&fit=crop","Default","Size","XXL","SLIM-FIT-T-SHIRT-180GSM-84-XXL",100,TRUE,FALSE,1290
"100-cotton-fine-jersey-t-shirt-85","100% cotton fine jersey T-shirt","Premium quality T-shirt from Mango.","published","https://media.mango.com/is/image/punto/37091436-35-002?wid=2048&hei=2867&fit=crop","https://media.mango.com/is/image/punto/37091436-35-001?wid=2048&hei=2867&fit=crop","https://media.mango.com/is/image/punto/37091436-35-003?wid=2048&hei=2867&fit=crop","https://media.mango.com/is/image/punto/37091436-35-004?wid=2048&hei=2867&fit=crop","Default","Size","S","100-COTTON-FINE-JERSEY-T-SHIRT-85-S",100,TRUE,FALSE,3899
"100-cotton-fine-jersey-t-shirt-85","100% cotton fine jersey T-shirt","Premium quality T-shirt from Mango.","published","https://media.mango.com/is/image/punto/37091436-35-002?wid=2048&hei=2867&fit=crop","https://media.mango.com/is/image/punto/37091436-35-001?wid=2048&hei=2867&fit=crop","https://media.mango.com/is/image/punto/37091436-35-003?wid=2048&hei=2867&fit=crop","https://media.mango.com/is/image/punto/37091436-35-004?wid=2048&hei=2867&fit=crop","Default","Size","M","100-COTTON-FINE-JERSEY-T-SHIRT-85-M",100,TRUE,FALSE,3899
"100-cotton-fine-jersey-t-shirt-85","100% cotton fine jersey T-shirt","Premium quality T-shirt from Mango.","published","https://media.mango.com/is/image/punto/37091436-35-002?wid=2048&hei=2867&fit=crop","https://media.mango.com/is/image/punto/37091436-35-001?wid=2048&hei=2867&fit=crop","https://media.mango.com/is/image/punto/37091436-35-003?wid=2048&hei=2867&fit=crop","https://media.mango.com/is/image/punto/37091436-35-004?wid=2048&hei=2867&fit=crop","Default","Size","L","100-COTTON-FINE-JERSEY-T-SHIRT-85-L",100,TRUE,FALSE,3899
"100-cotton-fine-jersey-t-shirt-85","100% cotton fine jersey T-shirt","Premium quality T-shirt from Mango.","published","https://media.mango.com/is/image/punto/37091436-35-002?wid=2048&hei=2867&fit=crop","https://media.mango.com/is/image/punto/37091436-35-001?wid=2048&hei=2867&fit=crop","https://media.mango.com/is/image/punto/37091436-35-003?wid=2048&hei=2867&fit=crop","https://media.mango.com/is/image/punto/37091436-35-004?wid=2048&hei=2867&fit=crop","Default","Size","XL","100-COTTON-FINE-JERSEY-T-SHIRT-85-XL",100,TRUE,FALSE,3899
"100-cotton-fine-jersey-t-shirt-85","100% cotton fine jersey T-shirt","Premium quality T-shirt from Mango.","published","https://media.mango.com/is/image/punto/37091436-35-002?wid=2048&hei=2867&fit=crop","https://media.mango.com/is/image/punto/37091436-35-001?wid=2048&hei=2867&fit=crop","https://media.mango.com/is/image/punto/37091436-35-003?wid=2048&hei=2867&fit=crop","https://media.mango.com/is/image/punto/37091436-35-004?wid=2048&hei=2867&fit=crop","Default","Size","XXL","100-COTTON-FINE-JERSEY-T-SHIRT-85-XXL",100,TRUE,FALSE,3899
"regular-fit-t-shirt-200gsm-86","Regular fit T-shirt 200gsm","Premium quality T-shirt from Mango.","published","https://media.mango.com/is/image/punto/37011433-98-002?wid=2048&hei=2867&fit=crop","https://media.mango.com/is/image/punto/37011433-98-001?wid=2048&hei=2867&fit=crop","https://media.mango.com/is/image/punto/37011433-98-003?wid=2048&hei=2867&fit=crop","https://media.mango.com/is/image/punto/37011433-98-004?wid=2048&hei=2867&fit=crop","Default","Size","XS","REGULAR-FIT-T-SHIRT-200GSM-86-XS",100,TRUE,FALSE,2499
"regular-fit-t-shirt-200gsm-86","Regular fit T-shirt 200gsm","Premium quality T-shirt from Mango.","published","https://media.mango.com/is/image/punto/37011433-98-002?wid=2048&hei=2867&fit=crop","https://media.mango.com/is/image/punto/37011433-98-001?wid=2048&hei=2867&fit=crop","https://media.mango.com/is/image/punto/37011433-98-003?wid=2048&hei=2867&fit=crop","https://media.mango.com/is/image/punto/37011433-98-004?wid=2048&hei=2867&fit=crop","Default","Size","S","REGULAR-FIT-T-SHIRT-200GSM-86-S",100,TRUE,FALSE,2499
"regular-fit-t-shirt-200gsm-86","Regular fit T-shirt 200gsm","Premium quality T-shirt from Mango.","published","https://media.mango.com/is/image/punto/37011433-98-002?wid=2048&hei=2867&fit=crop","https://media.mango.com/is/image/punto/37011433-98-001?wid=2048&hei=2867&fit=crop","https://media.mango.com/is/image/punto/37011433-98-003?wid=2048&hei=2867&fit=crop","https://media.mango.com/is/image/punto/37011433-98-004?wid=2048&hei=2867&fit=crop","Default","Size","M","REGULAR-FIT-T-SHIRT-200GSM-86-M",100,TRUE,FALSE,2499
"regular-fit-t-shirt-200gsm-86","Regular fit T-shirt 200gsm","Premium quality T-shirt from Mango.","published","https://media.mango.com/is/image/punto/37011433-98-002?wid=2048&hei=2867&fit=crop","https://media.mango.com/is/image/punto/37011433-98-001?wid=2048&hei=2867&fit=crop","https://media.mango.com/is/image/punto/37011433-98-003?wid=2048&hei=2867&fit=crop","https://media.mango.com/is/image/punto/37011433-98-004?wid=2048&hei=2867&fit=crop","Default","Size","L","REGULAR-FIT-T-SHIRT-200GSM-86-L",100,TRUE,FALSE,2499
"regular-fit-t-shirt-200gsm-86","Regular fit T-shirt 200gsm","Premium quality T-shirt from Mango.","published","https://media.mango.com/is/image/punto/37011433-98-002?wid=2048&hei=2867&fit=crop","https://media.mango.com/is/image/punto/37011433-98-001?wid=2048&hei=2867&fit=crop","https://media.mango.com/is/image/punto/37011433-98-003?wid=2048&hei=2867&fit=crop","https://media.mango.com/is/image/punto/37011433-98-004?wid=2048&hei=2867&fit=crop","Default","Size","XL","REGULAR-FIT-T-SHIRT-200GSM-86-XL",100,TRUE,FALSE,2499
"regular-fit-t-shirt-200gsm-86","Regular fit T-shirt 200gsm","Premium quality T-shirt from Mango.","published","https://media.mango.com/is/image/punto/37011433-98-002?wid=2048&hei=2867&fit=crop","https://media.mango.com/is/image/punto/37011433-98-001?wid=2048&hei=2867&fit=crop","https://media.mango.com/is/image/punto/37011433-98-003?wid=2048&hei=2867&fit=crop","https://media.mango.com/is/image/punto/37011433-98-004?wid=2048&hei=2867&fit=crop","Default","Size","XXL","REGULAR-FIT-T-SHIRT-200GSM-86-XXL",100,TRUE,FALSE,2499
"100-cotton-washed-t-shirt-87","100% cotton washed T-shirt","Premium quality T-shirt from Mango.","published","https://media.mango.com/is/image/punto/37091439-56-002?wid=2048&hei=2867&fit=crop","https://media.mango.com/is/image/punto/37091439-56-001?wid=2048&hei=2867&fit=crop","https://media.mango.com/is/image/punto/37091439-56-003?wid=2048&hei=2867&fit=crop","https://media.mango.com/is/image/punto/37091439-56-004?wid=2048&hei=2867&fit=crop","Default","Size","XS","100-COTTON-WASHED-T-SHIRT-87-XS",100,TRUE,FALSE,2899
"100-cotton-washed-t-shirt-87","100% cotton washed T-shirt","Premium quality T-shirt from Mango.","published","https://media.mango.com/is/image/punto/37091439-56-002?wid=2048&hei=2867&fit=crop","https://media.mango.com/is/image/punto/37091439-56-001?wid=2048&hei=2867&fit=crop","https://media.mango.com/is/image/punto/37091439-56-003?wid=2048&hei=2867&fit=crop","https://media.mango.com/is/image/punto/37091439-56-004?wid=2048&hei=2867&fit=crop","Default","Size","S","100-COTTON-WASHED-T-SHIRT-87-S",100,TRUE,FALSE,2899
"100-cotton-washed-t-shirt-87","100% cotton washed T-shirt","Premium quality T-shirt from Mango.","published","https://media.mango.com/is/image/punto/37091439-56-002?wid=2048&hei=2867&fit=crop","https://media.mango.com/is/image/punto/37091439-56-001?wid=2048&hei=2867&fit=crop","https://media.mango.com/is/image/punto/37091439-56-003?wid=2048&hei=2867&fit=crop","https://media.mango.com/is/image/punto/37091439-56-004?wid=2048&hei=2867&fit=crop","Default","Size","M","100-COTTON-WASHED-T-SHIRT-87-M",100,TRUE,FALSE,2899
"100-cotton-washed-t-shirt-87","100% cotton washed T-shirt","Premium quality T-shirt from Mango.","published","https://media.mango.com/is/image/punto/37091439-56-002?wid=2048&hei=2867&fit=crop","https://media.mango.com/is/image/punto/37091439-56-001?wid=2048&hei=2867&fit=crop","https://media.mango.com/is/image/punto/37091439-56-003?wid=2048&hei=2867&fit=crop","https://media.mango.com/is/image/punto/37091439-56-004?wid=2048&hei=2867&fit=crop","Default","Size","L","100-COTTON-WASHED-T-SHIRT-87-L",100,TRUE,FALSE,2899
"100-cotton-washed-t-shirt-87","100% cotton washed T-shirt","Premium quality T-shirt from Mango.","published","https://media.mango.com/is/image/punto/37091439-56-002?wid=2048&hei=2867&fit=crop","https://media.mango.com/is/image/punto/37091439-56-001?wid=2048&hei=2867&fit=crop","https://media.mango.com/is/image/punto/37091439-56-003?wid=2048&hei=2867&fit=crop","https://media.mango.com/is/image/punto/37091439-56-004?wid=2048&hei=2867&fit=crop","Default","Size","XL","100-COTTON-WASHED-T-SHIRT-87-XL",100,TRUE,FALSE,2899
"100-cotton-washed-t-shirt-87","100% cotton washed T-shirt","Premium quality T-shirt from Mango.","published","https://media.mango.com/is/image/punto/37091439-56-002?wid=2048&hei=2867&fit=crop","https://media.mango.com/is/image/punto/37091439-56-001?wid=2048&hei=2867&fit=crop","https://media.mango.com/is/image/punto/37091439-56-003?wid=2048&hei=2867&fit=crop","https://media.mango.com/is/image/punto/37091439-56-004?wid=2048&hei=2867&fit=crop","Default","Size","XXL","100-COTTON-WASHED-T-SHIRT-87-XXL",100,TRUE,FALSE,2899
"linen-blend-slim-fit-t-shirt-88","Linen blend slim fit T-shirt","Premium quality T-shirt from Mango.","published","https://media.mango.com/is/image/punto/37011435-44-002?wid=2048&hei=2867&fit=crop","https://media.mango.com/is/image/punto/37011435-44-001?wid=2048&hei=2867&fit=crop","https://media.mango.com/is/image/punto/37011435-44-003?wid=2048&hei=2867&fit=crop","https://media.mango.com/is/image/punto/37011435-44-004?wid=2048&hei=2867&fit=crop","Default","Size","XS","LINEN-BLEND-SLIM-FIT-T-SHIRT-88-XS",100,TRUE,FALSE,3899
"linen-blend-slim-fit-t-shirt-88","Linen blend slim fit T-shirt","Premium quality T-shirt from Mango.","published","https://media.mango.com/is/image/punto/37011435-44-002?wid=2048&hei=2867&fit=crop","https://media.mango.com/is/image/punto/37011435-44-001?wid=2048&hei=2867&fit=crop","https://media.mango.com/is/image/punto/37011435-44-003?wid=2048&hei=2867&fit=crop","https://media.mango.com/is/image/punto/37011435-44-004?wid=2048&hei=2867&fit=crop","Default","Size","S","LINEN-BLEND-SLIM-FIT-T-SHIRT-88-S",100,TRUE,FALSE,3899
"linen-blend-slim-fit-t-shirt-88","Linen blend slim fit T-shirt","Premium quality T-shirt from Mango.","published","https://media.mango.com/is/image/punto/37011435-44-002?wid=2048&hei=2867&fit=crop","https://media.mango.com/is/image/punto/37011435-44-001?wid=2048&hei=2867&fit=crop","https://media.mango.com/is/image/punto/37011435-44-003?wid=2048&hei=2867&fit=crop","https://media.mango.com/is/image/punto/37011435-44-004?wid=2048&hei=2867&fit=crop","Default","Size","M","LINEN-BLEND-SLIM-FIT-T-SHIRT-88-M",100,TRUE,FALSE,3899
"linen-blend-slim-fit-t-shirt-88","Linen blend slim fit T-shirt","Premium quality T-shirt from Mango.","published","https://media.mango.com/is/image/punto/37011435-44-002?wid=2048&hei=2867&fit=crop","https://media.mango.com/is/image/punto/37011435-44-001?wid=2048&hei=2867&fit=crop","https://media.mango.com/is/image/punto/37011435-44-003?wid=2048&hei=2867&fit=crop","https://media.mango.com/is/image/punto/37011435-44-004?wid=2048&hei=2867&fit=crop","Default","Size","L","LINEN-BLEND-SLIM-FIT-T-SHIRT-88-L",100,TRUE,FALSE,3899
"linen-blend-slim-fit-t-shirt-88","Linen blend slim fit T-shirt","Premium quality T-shirt from Mango.","published","https://media.mango.com/is/image/punto/37011435-44-002?wid=2048&hei=2867&fit=crop","https://media.mango.com/is/image/punto/37011435-44-001?wid=2048&hei=2867&fit=crop","https://media.mango.com/is/image/punto/37011435-44-003?wid=2048&hei=2867&fit=crop","https://media.mango.com/is/image/punto/37011435-44-004?wid=2048&hei=2867&fit=crop","Default","Size","XL","LINEN-BLEND-SLIM-FIT-T-SHIRT-88-XL",100,TRUE,FALSE,3899
"linen-blend-slim-fit-t-shirt-88","Linen blend slim fit T-shirt","Premium quality T-shirt from Mango.","published","https://media.mango.com/is/image/punto/37011435-44-002?wid=2048&hei=2867&fit=crop","https://media.mango.com/is/image/punto/37011435-44-001?wid=2048&hei=2867&fit=crop","https://media.mango.com/is/image/punto/37011435-44-003?wid=2048&hei=2867&fit=crop","https://media.mango.com/is/image/punto/37011435-44-004?wid=2048&hei=2867&fit=crop","Default","Size","XXL","LINEN-BLEND-SLIM-FIT-T-SHIRT-88-XXL",100,TRUE,FALSE,3899
"regular-fit-t-shirt-200gsm-89","Regular fit T-shirt 200gsm","Premium quality T-shirt from Mango.","published","https://media.mango.com/is/image/punto/37011433-38-002?wid=2048&hei=2867&fit=crop","https://media.mango.com/is/image/punto/37011433-38-001?wid=2048&hei=2867&fit=crop","https://media.mango.com/is/image/punto/37011433-38-003?wid=2048&hei=2867&fit=crop","https://media.mango.com/is/image/punto/37011433-38-004?wid=2048&hei=2867&fit=crop","Default","Size","XS","REGULAR-FIT-T-SHIRT-200GSM-89-XS",100,TRUE,FALSE,2499
"regular-fit-t-shirt-200gsm-89","Regular fit T-shirt 200gsm","Premium quality T-shirt from Mango.","published","https://media.mango.com/is/image/punto/37011433-38-002?wid=2048&hei=2867&fit=crop","https://media.mango.com/is/image/punto/37011433-38-001?wid=2048&hei=2867&fit=crop","https://media.mango.com/is/image/punto/37011433-38-003?wid=2048&hei=2867&fit=crop","https://media.mango.com/is/image/punto/37011433-38-004?wid=2048&hei=2867&fit=crop","Default","Size","S","REGULAR-FIT-T-SHIRT-200GSM-89-S",100,TRUE,FALSE,2499
"regular-fit-t-shirt-200gsm-89","Regular fit T-shirt 200gsm","Premium quality T-shirt from Mango.","published","https://media.mango.com/is/image/punto/37011433-38-002?wid=2048&hei=2867&fit=crop","https://media.mango.com/is/image/punto/37011433-38-001?wid=2048&hei=2867&fit=crop","https://media.mango.com/is/image/punto/37011433-38-003?wid=2048&hei=2867&fit=crop","https://media.mango.com/is/image/punto/37011433-38-004?wid=2048&hei=2867&fit=crop","Default","Size","M","REGULAR-FIT-T-SHIRT-200GSM-89-M",100,TRUE,FALSE,2499
"regular-fit-t-shirt-200gsm-89","Regular fit T-shirt 200gsm","Premium quality T-shirt from Mango.","published","https://media.mango.com/is/image/punto/37011433-38-002?wid=2048&hei=2867&fit=crop","https://media.mango.com/is/image/punto/37011433-38-001?wid=2048&hei=2867&fit=crop","https://media.mango.com/is/image/punto/37011433-38-003?wid=2048&hei=2867&fit=crop","https://media.mango.com/is/image/punto/37011433-38-004?wid=2048&hei=2867&fit=crop","Default","Size","L","REGULAR-FIT-T-SHIRT-200GSM-89-L",100,TRUE,FALSE,2499
"regular-fit-t-shirt-200gsm-89","Regular fit T-shirt 200gsm","Premium quality T-shirt from Mango.","published","https://media.mango.com/is/image/punto/37011433-38-002?wid=2048&hei=2867&fit=crop","https://media.mango.com/is/image/punto/37011433-38-001?wid=2048&hei=2867&fit=crop","https://media.mango.com/is/image/punto/37011433-38-003?wid=2048&hei=2867&fit=crop","https://media.mango.com/is/image/punto/37011433-38-004?wid=2048&hei=2867&fit=crop","Default","Size","XL","REGULAR-FIT-T-SHIRT-200GSM-89-XL",100,TRUE,FALSE,2499
"regular-fit-t-shirt-200gsm-89","Regular fit T-shirt 200gsm","Premium quality T-shirt from Mango.","published","https://media.mango.com/is/image/punto/37011433-38-002?wid=2048&hei=2867&fit=crop","https://media.mango.com/is/image/punto/37011433-38-001?wid=2048&hei=2867&fit=crop","https://media.mango.com/is/image/punto/37011433-38-003?wid=2048&hei=2867&fit=crop","https://media.mango.com/is/image/punto/37011433-38-004?wid=2048&hei=2867&fit=crop","Default","Size","XXL","REGULAR-FIT-T-SHIRT-200GSM-89-XXL",100,TRUE,FALSE,2499
"slim-fit-t-shirt-180gsm-90","Slim fit T-shirt 180gsm","Premium quality T-shirt from Mango.","published","https://media.mango.com/is/image/punto/37081426-45-002?wid=2048&hei=2867&fit=crop","https://media.mango.com/is/image/punto/37081426-45-001?wid=2048&hei=2867&fit=crop","https://media.mango.com/is/image/punto/37081426-45-003?wid=2048&hei=2867&fit=crop","https://media.mango.com/is/image/punto/37081426-45-004?wid=2048&hei=2867&fit=crop","Default","Size","XS","SLIM-FIT-T-SHIRT-180GSM-90-XS",100,TRUE,FALSE,1290
"slim-fit-t-shirt-180gsm-90","Slim fit T-shirt 180gsm","Premium quality T-shirt from Mango.","published","https://media.mango.com/is/image/punto/37081426-45-002?wid=2048&hei=2867&fit=crop","https://media.mango.com/is/image/punto/37081426-45-001?wid=2048&hei=2867&fit=crop","https://media.mango.com/is/image/punto/37081426-45-003?wid=2048&hei=2867&fit=crop","https://media.mango.com/is/image/punto/37081426-45-004?wid=2048&hei=2867&fit=crop","Default","Size","S","SLIM-FIT-T-SHIRT-180GSM-90-S",100,TRUE,FALSE,1290
"slim-fit-t-shirt-180gsm-90","Slim fit T-shirt 180gsm","Premium quality T-shirt from Mango.","published","https://media.mango.com/is/image/punto/37081426-45-002?wid=2048&hei=2867&fit=crop","https://media.mango.com/is/image/punto/37081426-45-001?wid=2048&hei=2867&fit=crop","https://media.mango.com/is/image/punto/37081426-45-003?wid=2048&hei=2867&fit=crop","https://media.mango.com/is/image/punto/37081426-45-004?wid=2048&hei=2867&fit=crop","Default","Size","M","SLIM-FIT-T-SHIRT-180GSM-90-M",100,TRUE,FALSE,1290
"slim-fit-t-shirt-180gsm-90","Slim fit T-shirt 180gsm","Premium quality T-shirt from Mango.","published","https://media.mango.com/is/image/punto/37081426-45-002?wid=2048&hei=2867&fit=crop","https://media.mango.com/is/image/punto/37081426-45-001?wid=2048&hei=2867&fit=crop","https://media.mango.com/is/image/punto/37081426-45-003?wid=2048&hei=2867&fit=crop","https://media.mango.com/is/image/punto/37081426-45-004?wid=2048&hei=2867&fit=crop","Default","Size","L","SLIM-FIT-T-SHIRT-180GSM-90-L",100,TRUE,FALSE,1290
"slim-fit-t-shirt-180gsm-90","Slim fit T-shirt 180gsm","Premium quality T-shirt from Mango.","published","https://media.mango.com/is/image/punto/37081426-45-002?wid=2048&hei=2867&fit=crop","https://media.mango.com/is/image/punto/37081426-45-001?wid=2048&hei=2867&fit=crop","https://media.mango.com/is/image/punto/37081426-45-003?wid=2048&hei=2867&fit=crop","https://media.mango.com/is/image/punto/37081426-45-004?wid=2048&hei=2867&fit=crop","Default","Size","XL","SLIM-FIT-T-SHIRT-180GSM-90-XL",100,TRUE,FALSE,1290
"slim-fit-t-shirt-180gsm-90","Slim fit T-shirt 180gsm","Premium quality T-shirt from Mango.","published","https://media.mango.com/is/image/punto/37081426-45-002?wid=2048&hei=2867&fit=crop","https://media.mango.com/is/image/punto/37081426-45-001?wid=2048&hei=2867&fit=crop","https://media.mango.com/is/image/punto/37081426-45-003?wid=2048&hei=2867&fit=crop","https://media.mango.com/is/image/punto/37081426-45-004?wid=2048&hei=2867&fit=crop","Default","Size","XXL","SLIM-FIT-T-SHIRT-180GSM-90-XXL",100,TRUE,FALSE,1290
"relaxed-fit-cotton-linen-blend-t-shirt-91","Relaxed fit cotton-linen blend T-shirt","Premium quality T-shirt from Mango.","published","https://media.mango.com/is/image/punto/37062898-32-002?wid=2048&hei=2867&fit=crop","https://media.mango.com/is/image/punto/37062898-32-001?wid=2048&hei=2867&fit=crop","https://media.mango.com/is/image/punto/37062898-32-003?wid=2048&hei=2867&fit=crop","https://media.mango.com/is/image/punto/37062898-32-004?wid=2048&hei=2867&fit=crop","Default","Size","XS","RELAXED-FIT-COTTON-LINEN-BLEND-T-SHIRT-91-XS",100,TRUE,FALSE,2499
"relaxed-fit-cotton-linen-blend-t-shirt-91","Relaxed fit cotton-linen blend T-shirt","Premium quality T-shirt from Mango.","published","https://media.mango.com/is/image/punto/37062898-32-002?wid=2048&hei=2867&fit=crop","https://media.mango.com/is/image/punto/37062898-32-001?wid=2048&hei=2867&fit=crop","https://media.mango.com/is/image/punto/37062898-32-003?wid=2048&hei=2867&fit=crop","https://media.mango.com/is/image/punto/37062898-32-004?wid=2048&hei=2867&fit=crop","Default","Size","S","RELAXED-FIT-COTTON-LINEN-BLEND-T-SHIRT-91-S",100,TRUE,FALSE,2499
"relaxed-fit-cotton-linen-blend-t-shirt-91","Relaxed fit cotton-linen blend T-shirt","Premium quality T-shirt from Mango.","published","https://media.mango.com/is/image/punto/37062898-32-002?wid=2048&hei=2867&fit=crop","https://media.mango.com/is/image/punto/37062898-32-001?wid=2048&hei=2867&fit=crop","https://media.mango.com/is/image/punto/37062898-32-003?wid=2048&hei=2867&fit=crop","https://media.mango.com/is/image/punto/37062898-32-004?wid=2048&hei=2867&fit=crop","Default","Size","M","RELAXED-FIT-COTTON-LINEN-BLEND-T-SHIRT-91-M",100,TRUE,FALSE,2499
"relaxed-fit-cotton-linen-blend-t-shirt-91","Relaxed fit cotton-linen blend T-shirt","Premium quality T-shirt from Mango.","published","https://media.mango.com/is/image/punto/37062898-32-002?wid=2048&hei=2867&fit=crop","https://media.mango.com/is/image/punto/37062898-32-001?wid=2048&hei=2867&fit=crop","https://media.mango.com/is/image/punto/37062898-32-003?wid=2048&hei=2867&fit=crop","https://media.mango.com/is/image/punto/37062898-32-004?wid=2048&hei=2867&fit=crop","Default","Size","L","RELAXED-FIT-COTTON-LINEN-BLEND-T-SHIRT-91-L",100,TRUE,FALSE,2499
"relaxed-fit-cotton-linen-blend-t-shirt-91","Relaxed fit cotton-linen blend T-shirt","Premium quality T-shirt from Mango.","published","https://media.mango.com/is/image/punto/37062898-32-002?wid=2048&hei=2867&fit=crop","https://media.mango.com/is/image/punto/37062898-32-001?wid=2048&hei=2867&fit=crop","https://media.mango.com/is/image/punto/37062898-32-003?wid=2048&hei=2867&fit=crop","https://media.mango.com/is/image/punto/37062898-32-004?wid=2048&hei=2867&fit=crop","Default","Size","XL","RELAXED-FIT-COTTON-LINEN-BLEND-T-SHIRT-91-XL",100,TRUE,FALSE,2499
"relaxed-fit-cotton-linen-blend-t-shirt-91","Relaxed fit cotton-linen blend T-shirt","Premium quality T-shirt from Mango.","published","https://media.mango.com/is/image/punto/37062898-32-002?wid=2048&hei=2867&fit=crop","https://media.mango.com/is/image/punto/37062898-32-001?wid=2048&hei=2867&fit=crop","https://media.mango.com/is/image/punto/37062898-32-003?wid=2048&hei=2867&fit=crop","https://media.mango.com/is/image/punto/37062898-32-004?wid=2048&hei=2867&fit=crop","Default","Size","XXL","RELAXED-FIT-COTTON-LINEN-BLEND-T-SHIRT-91-XXL",100,TRUE,FALSE,2499
"regular-fit-t-shirt-190gsm-92","Regular fit T-shirt 190gsm","Premium quality T-shirt from Mango.","published","https://media.mango.com/is/image/punto/37011436-01-002?wid=2048&hei=2867&fit=crop","https://media.mango.com/is/image/punto/37011436-01-001?wid=2048&hei=2867&fit=crop","https://media.mango.com/is/image/punto/37011436-01-003?wid=2048&hei=2867&fit=crop","https://media.mango.com/is/image/punto/37011436-01-004?wid=2048&hei=2867&fit=crop","Default","Size","XS","REGULAR-FIT-T-SHIRT-190GSM-92-XS",100,TRUE,FALSE,2299
"regular-fit-t-shirt-190gsm-92","Regular fit T-shirt 190gsm","Premium quality T-shirt from Mango.","published","https://media.mango.com/is/image/punto/37011436-01-002?wid=2048&hei=2867&fit=crop","https://media.mango.com/is/image/punto/37011436-01-001?wid=2048&hei=2867&fit=crop","https://media.mango.com/is/image/punto/37011436-01-003?wid=2048&hei=2867&fit=crop","https://media.mango.com/is/image/punto/37011436-01-004?wid=2048&hei=2867&fit=crop","Default","Size","S","REGULAR-FIT-T-SHIRT-190GSM-92-S",100,TRUE,FALSE,2299
"regular-fit-t-shirt-190gsm-92","Regular fit T-shirt 190gsm","Premium quality T-shirt from Mango.","published","https://media.mango.com/is/image/punto/37011436-01-002?wid=2048&hei=2867&fit=crop","https://media.mango.com/is/image/punto/37011436-01-001?wid=2048&hei=2867&fit=crop","https://media.mango.com/is/image/punto/37011436-01-003?wid=2048&hei=2867&fit=crop","https://media.mango.com/is/image/punto/37011436-01-004?wid=2048&hei=2867&fit=crop","Default","Size","M","REGULAR-FIT-T-SHIRT-190GSM-92-M",100,TRUE,FALSE,2299
"regular-fit-t-shirt-190gsm-92","Regular fit T-shirt 190gsm","Premium quality T-shirt from Mango.","published","https://media.mango.com/is/image/punto/37011436-01-002?wid=2048&hei=2867&fit=crop","https://media.mango.com/is/image/punto/37011436-01-001?wid=2048&hei=2867&fit=crop","https://media.mango.com/is/image/punto/37011436-01-003?wid=2048&hei=2867&fit=crop","https://media.mango.com/is/image/punto/37011436-01-004?wid=2048&hei=2867&fit=crop","Default","Size","L","REGULAR-FIT-T-SHIRT-190GSM-92-L",100,TRUE,FALSE,2299
"regular-fit-t-shirt-190gsm-92","Regular fit T-shirt 190gsm","Premium quality T-shirt from Mango.","published","https://media.mango.com/is/image/punto/37011436-01-002?wid=2048&hei=2867&fit=crop","https://media.mango.com/is/image/punto/37011436-01-001?wid=2048&hei=2867&fit=crop","https://media.mango.com/is/image/punto/37011436-01-003?wid=2048&hei=2867&fit=crop","https://media.mango.com/is/image/punto/37011436-01-004?wid=2048&hei=2867&fit=crop","Default","Size","XL","REGULAR-FIT-T-SHIRT-190GSM-92-XL",100,TRUE,FALSE,2299
"regular-fit-t-shirt-190gsm-92","Regular fit T-shirt 190gsm","Premium quality T-shirt from Mango.","published","https://media.mango.com/is/image/punto/37011436-01-002?wid=2048&hei=2867&fit=crop","https://media.mango.com/is/image/punto/37011436-01-001?wid=2048&hei=2867&fit=crop","https://media.mango.com/is/image/punto/37011436-01-003?wid=2048&hei=2867&fit=crop","https://media.mango.com/is/image/punto/37011436-01-004?wid=2048&hei=2867&fit=crop","Default","Size","XXL","REGULAR-FIT-T-SHIRT-190GSM-92-XXL",100,TRUE,FALSE,2299
"100-cotton-fine-jersey-t-shirt-93","100% cotton fine jersey T-shirt","Premium quality T-shirt from Mango.","published","https://media.mango.com/is/image/punto/37031439-99-002?wid=2048&hei=2867&fit=crop","https://media.mango.com/is/image/punto/37031439-99-001?wid=2048&hei=2867&fit=crop","https://media.mango.com/is/image/punto/37031439-99-003?wid=2048&hei=2867&fit=crop","https://media.mango.com/is/image/punto/37031439-99-004?wid=2048&hei=2867&fit=crop","Default","Size","S","100-COTTON-FINE-JERSEY-T-SHIRT-93-S",100,TRUE,FALSE,3299
"100-cotton-fine-jersey-t-shirt-93","100% cotton fine jersey T-shirt","Premium quality T-shirt from Mango.","published","https://media.mango.com/is/image/punto/37031439-99-002?wid=2048&hei=2867&fit=crop","https://media.mango.com/is/image/punto/37031439-99-001?wid=2048&hei=2867&fit=crop","https://media.mango.com/is/image/punto/37031439-99-003?wid=2048&hei=2867&fit=crop","https://media.mango.com/is/image/punto/37031439-99-004?wid=2048&hei=2867&fit=crop","Default","Size","M","100-COTTON-FINE-JERSEY-T-SHIRT-93-M",100,TRUE,FALSE,3299
"100-cotton-fine-jersey-t-shirt-93","100% cotton fine jersey T-shirt","Premium quality T-shirt from Mango.","published","https://media.mango.com/is/image/punto/37031439-99-002?wid=2048&hei=2867&fit=crop","https://media.mango.com/is/image/punto/37031439-99-001?wid=2048&hei=2867&fit=crop","https://media.mango.com/is/image/punto/37031439-99-003?wid=2048&hei=2867&fit=crop","https://media.mango.com/is/image/punto/37031439-99-004?wid=2048&hei=2867&fit=crop","Default","Size","L","100-COTTON-FINE-JERSEY-T-SHIRT-93-L",100,TRUE,FALSE,3299
"100-cotton-fine-jersey-t-shirt-93","100% cotton fine jersey T-shirt","Premium quality T-shirt from Mango.","published","https://media.mango.com/is/image/punto/37031439-99-002?wid=2048&hei=2867&fit=crop","https://media.mango.com/is/image/punto/37031439-99-001?wid=2048&hei=2867&fit=crop","https://media.mango.com/is/image/punto/37031439-99-003?wid=2048&hei=2867&fit=crop","https://media.mango.com/is/image/punto/37031439-99-004?wid=2048&hei=2867&fit=crop","Default","Size","XL","100-COTTON-FINE-JERSEY-T-SHIRT-93-XL",100,TRUE,FALSE,3299
"100-cotton-fine-jersey-t-shirt-93","100% cotton fine jersey T-shirt","Premium quality T-shirt from Mango.","published","https://media.mango.com/is/image/punto/37031439-99-002?wid=2048&hei=2867&fit=crop","https://media.mango.com/is/image/punto/37031439-99-001?wid=2048&hei=2867&fit=crop","https://media.mango.com/is/image/punto/37031439-99-003?wid=2048&hei=2867&fit=crop","https://media.mango.com/is/image/punto/37031439-99-004?wid=2048&hei=2867&fit=crop","Default","Size","XXL","100-COTTON-FINE-JERSEY-T-SHIRT-93-XXL",100,TRUE,FALSE,3299
"regular-fit-t-shirt-200gsm-94","Regular fit T-shirt 200gsm","Premium quality T-shirt from Mango.","published","https://media.mango.com/is/image/punto/37011433-40-002?wid=2048&hei=2867&fit=crop","https://media.mango.com/is/image/punto/37011433-40-001?wid=2048&hei=2867&fit=crop","https://media.mango.com/is/image/punto/37011433-40-003?wid=2048&hei=2867&fit=crop","https://media.mango.com/is/image/punto/37011433-40-004?wid=2048&hei=2867&fit=crop","Default","Size","XS","REGULAR-FIT-T-SHIRT-200GSM-94-XS",100,TRUE,FALSE,2499
"regular-fit-t-shirt-200gsm-94","Regular fit T-shirt 200gsm","Premium quality T-shirt from Mango.","published","https://media.mango.com/is/image/punto/37011433-40-002?wid=2048&hei=2867&fit=crop","https://media.mango.com/is/image/punto/37011433-40-001?wid=2048&hei=2867&fit=crop","https://media.mango.com/is/image/punto/37011433-40-003?wid=2048&hei=2867&fit=crop","https://media.mango.com/is/image/punto/37011433-40-004?wid=2048&hei=2867&fit=crop","Default","Size","S","REGULAR-FIT-T-SHIRT-200GSM-94-S",100,TRUE,FALSE,2499
"regular-fit-t-shirt-200gsm-94","Regular fit T-shirt 200gsm","Premium quality T-shirt from Mango.","published","https://media.mango.com/is/image/punto/37011433-40-002?wid=2048&hei=2867&fit=crop","https://media.mango.com/is/image/punto/37011433-40-001?wid=2048&hei=2867&fit=crop","https://media.mango.com/is/image/punto/37011433-40-003?wid=2048&hei=2867&fit=crop","https://media.mango.com/is/image/punto/37011433-40-004?wid=2048&hei=2867&fit=crop","Default","Size","M","REGULAR-FIT-T-SHIRT-200GSM-94-M",100,TRUE,FALSE,2499
"regular-fit-t-shirt-200gsm-94","Regular fit T-shirt 200gsm","Premium quality T-shirt from Mango.","published","https://media.mango.com/is/image/punto/37011433-40-002?wid=2048&hei=2867&fit=crop","https://media.mango.com/is/image/punto/37011433-40-001?wid=2048&hei=2867&fit=crop","https://media.mango.com/is/image/punto/37011433-40-003?wid=2048&hei=2867&fit=crop","https://media.mango.com/is/image/punto/37011433-40-004?wid=2048&hei=2867&fit=crop","Default","Size","L","REGULAR-FIT-T-SHIRT-200GSM-94-L",100,TRUE,FALSE,2499
"regular-fit-t-shirt-200gsm-94","Regular fit T-shirt 200gsm","Premium quality T-shirt from Mango.","published","https://media.mango.com/is/image/punto/37011433-40-002?wid=2048&hei=2867&fit=crop","https://media.mango.com/is/image/punto/37011433-40-001?wid=2048&hei=2867&fit=crop","https://media.mango.com/is/image/punto/37011433-40-003?wid=2048&hei=2867&fit=crop","https://media.mango.com/is/image/punto/37011433-40-004?wid=2048&hei=2867&fit=crop","Default","Size","XL","REGULAR-FIT-T-SHIRT-200GSM-94-XL",100,TRUE,FALSE,2499
"regular-fit-t-shirt-200gsm-94","Regular fit T-shirt 200gsm","Premium quality T-shirt from Mango.","published","https://media.mango.com/is/image/punto/37011433-40-002?wid=2048&hei=2867&fit=crop","https://media.mango.com/is/image/punto/37011433-40-001?wid=2048&hei=2867&fit=crop","https://media.mango.com/is/image/punto/37011433-40-003?wid=2048&hei=2867&fit=crop","https://media.mango.com/is/image/punto/37011433-40-004?wid=2048&hei=2867&fit=crop","Default","Size","XXL","REGULAR-FIT-T-SHIRT-200GSM-94-XXL",100,TRUE,FALSE,2499
"regular-fit-t-shirt-200gsm-95","Regular fit T-shirt 200gsm","Premium quality T-shirt from Mango.","published","https://media.mango.com/is/image/punto/37011433-04-002?wid=2048&hei=2867&fit=crop","https://media.mango.com/is/image/punto/37011433-04-001?wid=2048&hei=2867&fit=crop","https://media.mango.com/is/image/punto/37011433-04-003?wid=2048&hei=2867&fit=crop","https://media.mango.com/is/image/punto/37011433-04-004?wid=2048&hei=2867&fit=crop","Default","Size","XS","REGULAR-FIT-T-SHIRT-200GSM-95-XS",100,TRUE,FALSE,2499
"regular-fit-t-shirt-200gsm-95","Regular fit T-shirt 200gsm","Premium quality T-shirt from Mango.","published","https://media.mango.com/is/image/punto/37011433-04-002?wid=2048&hei=2867&fit=crop","https://media.mango.com/is/image/punto/37011433-04-001?wid=2048&hei=2867&fit=crop","https://media.mango.com/is/image/punto/37011433-04-003?wid=2048&hei=2867&fit=crop","https://media.mango.com/is/image/punto/37011433-04-004?wid=2048&hei=2867&fit=crop","Default","Size","S","REGULAR-FIT-T-SHIRT-200GSM-95-S",100,TRUE,FALSE,2499
"regular-fit-t-shirt-200gsm-95","Regular fit T-shirt 200gsm","Premium quality T-shirt from Mango.","published","https://media.mango.com/is/image/punto/37011433-04-002?wid=2048&hei=2867&fit=crop","https://media.mango.com/is/image/punto/37011433-04-001?wid=2048&hei=2867&fit=crop","https://media.mango.com/is/image/punto/37011433-04-003?wid=2048&hei=2867&fit=crop","https://media.mango.com/is/image/punto/37011433-04-004?wid=2048&hei=2867&fit=crop","Default","Size","M","REGULAR-FIT-T-SHIRT-200GSM-95-M",100,TRUE,FALSE,2499
"regular-fit-t-shirt-200gsm-95","Regular fit T-shirt 200gsm","Premium quality T-shirt from Mango.","published","https://media.mango.com/is/image/punto/37011433-04-002?wid=2048&hei=2867&fit=crop","https://media.mango.com/is/image/punto/37011433-04-001?wid=2048&hei=2867&fit=crop","https://media.mango.com/is/image/punto/37011433-04-003?wid=2048&hei=2867&fit=crop","https://media.mango.com/is/image/punto/37011433-04-004?wid=2048&hei=2867&fit=crop","Default","Size","L","REGULAR-FIT-T-SHIRT-200GSM-95-L",100,TRUE,FALSE,2499
"regular-fit-t-shirt-200gsm-95","Regular fit T-shirt 200gsm","Premium quality T-shirt from Mango.","published","https://media.mango.com/is/image/punto/37011433-04-002?wid=2048&hei=2867&fit=crop","https://media.mango.com/is/image/punto/37011433-04-001?wid=2048&hei=2867&fit=crop","https://media.mango.com/is/image/punto/37011433-04-003?wid=2048&hei=2867&fit=crop","https://media.mango.com/is/image/punto/37011433-04-004?wid=2048&hei=2867&fit=crop","Default","Size","XL","REGULAR-FIT-T-SHIRT-200GSM-95-XL",100,TRUE,FALSE,2499
"regular-fit-t-shirt-200gsm-95","Regular fit T-shirt 200gsm","Premium quality T-shirt from Mango.","published","https://media.mango.com/is/image/punto/37011433-04-002?wid=2048&hei=2867&fit=crop","https://media.mango.com/is/image/punto/37011433-04-001?wid=2048&hei=2867&fit=crop","https://media.mango.com/is/image/punto/37011433-04-003?wid=2048&hei=2867&fit=crop","https://media.mango.com/is/image/punto/37011433-04-004?wid=2048&hei=2867&fit=crop","Default","Size","XXL","REGULAR-FIT-T-SHIRT-200GSM-95-XXL",100,TRUE,FALSE,2499
"100-cotton-washed-t-shirt-96","100% cotton washed T-shirt","Premium quality T-shirt from Mango.","published","https://media.mango.com/is/image/punto/37091439-50-002?wid=2048&hei=2867&fit=crop","https://media.mango.com/is/image/punto/37091439-50-001?wid=2048&hei=2867&fit=crop","https://media.mango.com/is/image/punto/37091439-50-003?wid=2048&hei=2867&fit=crop","https://media.mango.com/is/image/punto/37091439-50-004?wid=2048&hei=2867&fit=crop","Default","Size","XS","100-COTTON-WASHED-T-SHIRT-96-XS",100,TRUE,FALSE,2899
"100-cotton-washed-t-shirt-96","100% cotton washed T-shirt","Premium quality T-shirt from Mango.","published","https://media.mango.com/is/image/punto/37091439-50-002?wid=2048&hei=2867&fit=crop","https://media.mango.com/is/image/punto/37091439-50-001?wid=2048&hei=2867&fit=crop","https://media.mango.com/is/image/punto/37091439-50-003?wid=2048&hei=2867&fit=crop","https://media.mango.com/is/image/punto/37091439-50-004?wid=2048&hei=2867&fit=crop","Default","Size","S","100-COTTON-WASHED-T-SHIRT-96-S",100,TRUE,FALSE,2899
"100-cotton-washed-t-shirt-96","100% cotton washed T-shirt","Premium quality T-shirt from Mango.","published","https://media.mango.com/is/image/punto/37091439-50-002?wid=2048&hei=2867&fit=crop","https://media.mango.com/is/image/punto/37091439-50-001?wid=2048&hei=2867&fit=crop","https://media.mango.com/is/image/punto/37091439-50-003?wid=2048&hei=2867&fit=crop","https://media.mango.com/is/image/punto/37091439-50-004?wid=2048&hei=2867&fit=crop","Default","Size","M","100-COTTON-WASHED-T-SHIRT-96-M",100,TRUE,FALSE,2899
"100-cotton-washed-t-shirt-96","100% cotton washed T-shirt","Premium quality T-shirt from Mango.","published","https://media.mango.com/is/image/punto/37091439-50-002?wid=2048&hei=2867&fit=crop","https://media.mango.com/is/image/punto/37091439-50-001?wid=2048&hei=2867&fit=crop","https://media.mango.com/is/image/punto/37091439-50-003?wid=2048&hei=2867&fit=crop","https://media.mango.com/is/image/punto/37091439-50-004?wid=2048&hei=2867&fit=crop","Default","Size","L","100-COTTON-WASHED-T-SHIRT-96-L",100,TRUE,FALSE,2899
"100-cotton-washed-t-shirt-96","100% cotton washed T-shirt","Premium quality T-shirt from Mango.","published","https://media.mango.com/is/image/punto/37091439-50-002?wid=2048&hei=2867&fit=crop","https://media.mango.com/is/image/punto/37091439-50-001?wid=2048&hei=2867&fit=crop","https://media.mango.com/is/image/punto/37091439-50-003?wid=2048&hei=2867&fit=crop","https://media.mango.com/is/image/punto/37091439-50-004?wid=2048&hei=2867&fit=crop","Default","Size","XL","100-COTTON-WASHED-T-SHIRT-96-XL",100,TRUE,FALSE,2899
"100-cotton-washed-t-shirt-96","100% cotton washed T-shirt","Premium quality T-shirt from Mango.","published","https://media.mango.com/is/image/punto/37091439-50-002?wid=2048&hei=2867&fit=crop","https://media.mango.com/is/image/punto/37091439-50-001?wid=2048&hei=2867&fit=crop","https://media.mango.com/is/image/punto/37091439-50-003?wid=2048&hei=2867&fit=crop","https://media.mango.com/is/image/punto/37091439-50-004?wid=2048&hei=2867&fit=crop","Default","Size","XXL","100-COTTON-WASHED-T-SHIRT-96-XXL",100,TRUE,FALSE,2899
"slim-fit-cotton-tank-top-97","Slim-fit cotton tank top","Premium quality T-shirt from Mango.","published","https://media.mango.com/is/image/punto/37011438-02-002?wid=2048&hei=2867&fit=crop","https://media.mango.com/is/image/punto/37011438-02-001?wid=2048&hei=2867&fit=crop","https://media.mango.com/is/image/punto/37011438-02-003?wid=2048&hei=2867&fit=crop","https://media.mango.com/is/image/punto/37011438-02-004?wid=2048&hei=2867&fit=crop","Default","Size","S","SLIM-FIT-COTTON-TANK-TOP-97-S",100,TRUE,FALSE,1899
"slim-fit-cotton-tank-top-97","Slim-fit cotton tank top","Premium quality T-shirt from Mango.","published","https://media.mango.com/is/image/punto/37011438-02-002?wid=2048&hei=2867&fit=crop","https://media.mango.com/is/image/punto/37011438-02-001?wid=2048&hei=2867&fit=crop","https://media.mango.com/is/image/punto/37011438-02-003?wid=2048&hei=2867&fit=crop","https://media.mango.com/is/image/punto/37011438-02-004?wid=2048&hei=2867&fit=crop","Default","Size","M","SLIM-FIT-COTTON-TANK-TOP-97-M",100,TRUE,FALSE,1899
"slim-fit-cotton-tank-top-97","Slim-fit cotton tank top","Premium quality T-shirt from Mango.","published","https://media.mango.com/is/image/punto/37011438-02-002?wid=2048&hei=2867&fit=crop","https://media.mango.com/is/image/punto/37011438-02-001?wid=2048&hei=2867&fit=crop","https://media.mango.com/is/image/punto/37011438-02-003?wid=2048&hei=2867&fit=crop","https://media.mango.com/is/image/punto/37011438-02-004?wid=2048&hei=2867&fit=crop","Default","Size","L","SLIM-FIT-COTTON-TANK-TOP-97-L",100,TRUE,FALSE,1899
"slim-fit-cotton-tank-top-97","Slim-fit cotton tank top","Premium quality T-shirt from Mango.","published","https://media.mango.com/is/image/punto/37011438-02-002?wid=2048&hei=2867&fit=crop","https://media.mango.com/is/image/punto/37011438-02-001?wid=2048&hei=2867&fit=crop","https://media.mango.com/is/image/punto/37011438-02-003?wid=2048&hei=2867&fit=crop","https://media.mango.com/is/image/punto/37011438-02-004?wid=2048&hei=2867&fit=crop","Default","Size","XL","SLIM-FIT-COTTON-TANK-TOP-97-XL",100,TRUE,FALSE,1899
"linen-blend-slim-fit-t-shirt-98","Linen blend slim fit T-shirt","Premium quality T-shirt from Mango.","published","https://media.mango.com/is/image/punto/37011435-04-002?wid=2048&hei=2867&fit=crop","https://media.mango.com/is/image/punto/37011435-04-001?wid=2048&hei=2867&fit=crop","https://media.mango.com/is/image/punto/37011435-04-003?wid=2048&hei=2867&fit=crop","https://media.mango.com/is/image/punto/37011435-04-004?wid=2048&hei=2867&fit=crop","Default","Size","XS","LINEN-BLEND-SLIM-FIT-T-SHIRT-98-XS",100,TRUE,FALSE,3899
"linen-blend-slim-fit-t-shirt-98","Linen blend slim fit T-shirt","Premium quality T-shirt from Mango.","published","https://media.mango.com/is/image/punto/37011435-04-002?wid=2048&hei=2867&fit=crop","https://media.mango.com/is/image/punto/37011435-04-001?wid=2048&hei=2867&fit=crop","https://media.mango.com/is/image/punto/37011435-04-003?wid=2048&hei=2867&fit=crop","https://media.mango.com/is/image/punto/37011435-04-004?wid=2048&hei=2867&fit=crop","Default","Size","S","LINEN-BLEND-SLIM-FIT-T-SHIRT-98-S",100,TRUE,FALSE,3899
"linen-blend-slim-fit-t-shirt-98","Linen blend slim fit T-shirt","Premium quality T-shirt from Mango.","published","https://media.mango.com/is/image/punto/37011435-04-002?wid=2048&hei=2867&fit=crop","https://media.mango.com/is/image/punto/37011435-04-001?wid=2048&hei=2867&fit=crop","https://media.mango.com/is/image/punto/37011435-04-003?wid=2048&hei=2867&fit=crop","https://media.mango.com/is/image/punto/37011435-04-004?wid=2048&hei=2867&fit=crop","Default","Size","M","LINEN-BLEND-SLIM-FIT-T-SHIRT-98-M",100,TRUE,FALSE,3899
"linen-blend-slim-fit-t-shirt-98","Linen blend slim fit T-shirt","Premium quality T-shirt from Mango.","published","https://media.mango.com/is/image/punto/37011435-04-002?wid=2048&hei=2867&fit=crop","https://media.mango.com/is/image/punto/37011435-04-001?wid=2048&hei=2867&fit=crop","https://media.mango.com/is/image/punto/37011435-04-003?wid=2048&hei=2867&fit=crop","https://media.mango.com/is/image/punto/37011435-04-004?wid=2048&hei=2867&fit=crop","Default","Size","L","LINEN-BLEND-SLIM-FIT-T-SHIRT-98-L",100,TRUE,FALSE,3899
"linen-blend-slim-fit-t-shirt-98","Linen blend slim fit T-shirt","Premium quality T-shirt from Mango.","published","https://media.mango.com/is/image/punto/37011435-04-002?wid=2048&hei=2867&fit=crop","https://media.mango.com/is/image/punto/37011435-04-001?wid=2048&hei=2867&fit=crop","https://media.mango.com/is/image/punto/37011435-04-003?wid=2048&hei=2867&fit=crop","https://media.mango.com/is/image/punto/37011435-04-004?wid=2048&hei=2867&fit=crop","Default","Size","XL","LINEN-BLEND-SLIM-FIT-T-SHIRT-98-XL",100,TRUE,FALSE,3899
"linen-blend-slim-fit-t-shirt-98","Linen blend slim fit T-shirt","Premium quality T-shirt from Mango.","published","https://media.mango.com/is/image/punto/37011435-04-002?wid=2048&hei=2867&fit=crop","https://media.mango.com/is/image/punto/37011435-04-001?wid=2048&hei=2867&fit=crop","https://media.mango.com/is/image/punto/37011435-04-003?wid=2048&hei=2867&fit=crop","https://media.mango.com/is/image/punto/37011435-04-004?wid=2048&hei=2867&fit=crop","Default","Size","XXL","LINEN-BLEND-SLIM-FIT-T-SHIRT-98-XXL",100,TRUE,FALSE,3899
"slim-fit-t-shirt-180gsm-99","Slim fit T-shirt 180gsm","Premium quality T-shirt from Mango.","published","https://media.mango.com/is/image/punto/37081426-56-002?wid=2048&hei=2867&fit=crop","https://media.mango.com/is/image/punto/37081426-56-001?wid=2048&hei=2867&fit=crop","https://media.mango.com/is/image/punto/37081426-56-003?wid=2048&hei=2867&fit=crop","https://media.mango.com/is/image/punto/37081426-56-004?wid=2048&hei=2867&fit=crop","Default","Size","XS","SLIM-FIT-T-SHIRT-180GSM-99-XS",100,TRUE,FALSE,1290
"slim-fit-t-shirt-180gsm-99","Slim fit T-shirt 180gsm","Premium quality T-shirt from Mango.","published","https://media.mango.com/is/image/punto/37081426-56-002?wid=2048&hei=2867&fit=crop","https://media.mango.com/is/image/punto/37081426-56-001?wid=2048&hei=2867&fit=crop","https://media.mango.com/is/image/punto/37081426-56-003?wid=2048&hei=2867&fit=crop","https://media.mango.com/is/image/punto/37081426-56-004?wid=2048&hei=2867&fit=crop","Default","Size","S","SLIM-FIT-T-SHIRT-180GSM-99-S",100,TRUE,FALSE,1290
"slim-fit-t-shirt-180gsm-99","Slim fit T-shirt 180gsm","Premium quality T-shirt from Mango.","published","https://media.mango.com/is/image/punto/37081426-56-002?wid=2048&hei=2867&fit=crop","https://media.mango.com/is/image/punto/37081426-56-001?wid=2048&hei=2867&fit=crop","https://media.mango.com/is/image/punto/37081426-56-003?wid=2048&hei=2867&fit=crop","https://media.mango.com/is/image/punto/37081426-56-004?wid=2048&hei=2867&fit=crop","Default","Size","M","SLIM-FIT-T-SHIRT-180GSM-99-M",100,TRUE,FALSE,1290
"slim-fit-t-shirt-180gsm-99","Slim fit T-shirt 180gsm","Premium quality T-shirt from Mango.","published","https://media.mango.com/is/image/punto/37081426-56-002?wid=2048&hei=2867&fit=crop","https://media.mango.com/is/image/punto/37081426-56-001?wid=2048&hei=2867&fit=crop","https://media.mango.com/is/image/punto/37081426-56-003?wid=2048&hei=2867&fit=crop","https://media.mango.com/is/image/punto/37081426-56-004?wid=2048&hei=2867&fit=crop","Default","Size","L","SLIM-FIT-T-SHIRT-180GSM-99-L",100,TRUE,FALSE,1290
"slim-fit-t-shirt-180gsm-99","Slim fit T-shirt 180gsm","Premium quality T-shirt from Mango.","published","https://media.mango.com/is/image/punto/37081426-56-002?wid=2048&hei=2867&fit=crop","https://media.mango.com/is/image/punto/37081426-56-001?wid=2048&hei=2867&fit=crop","https://media.mango.com/is/image/punto/37081426-56-003?wid=2048&hei=2867&fit=crop","https://media.mango.com/is/image/punto/37081426-56-004?wid=2048&hei=2867&fit=crop","Default","Size","XL","SLIM-FIT-T-SHIRT-180GSM-99-XL",100,TRUE,FALSE,1290
"slim-fit-t-shirt-180gsm-99","Slim fit T-shirt 180gsm","Premium quality T-shirt from Mango.","published","https://media.mango.com/is/image/punto/37081426-56-002?wid=2048&hei=2867&fit=crop","https://media.mango.com/is/image/punto/37081426-56-001?wid=2048&hei=2867&fit=crop","https://media.mango.com/is/image/punto/37081426-56-003?wid=2048&hei=2867&fit=crop","https://media.mango.com/is/image/punto/37081426-56-004?wid=2048&hei=2867&fit=crop","Default","Size","XXL","SLIM-FIT-T-SHIRT-180GSM-99-XXL",100,TRUE,FALSE,1290
"100-cotton-washed-t-shirt-100","100% cotton washed T-shirt","Premium quality T-shirt from Mango.","published","https://media.mango.com/is/image/punto/37091439-35-002?wid=2048&hei=2867&fit=crop","https://media.mango.com/is/image/punto/37091439-35-001?wid=2048&hei=2867&fit=crop","https://media.mango.com/is/image/punto/37091439-35-003?wid=2048&hei=2867&fit=crop","https://media.mango.com/is/image/punto/37091439-35-004?wid=2048&hei=2867&fit=crop","Default","Size","XS","100-COTTON-WASHED-T-SHIRT-100-XS",100,TRUE,FALSE,2899
"100-cotton-washed-t-shirt-100","100% cotton washed T-shirt","Premium quality T-shirt from Mango.","published","https://media.mango.com/is/image/punto/37091439-35-002?wid=2048&hei=2867&fit=crop","https://media.mango.com/is/image/punto/37091439-35-001?wid=2048&hei=2867&fit=crop","https://media.mango.com/is/image/punto/37091439-35-003?wid=2048&hei=2867&fit=crop","https://media.mango.com/is/image/punto/37091439-35-004?wid=2048&hei=2867&fit=crop","Default","Size","S","100-COTTON-WASHED-T-SHIRT-100-S",100,TRUE,FALSE,2899
"100-cotton-washed-t-shirt-100","100% cotton washed T-shirt","Premium quality T-shirt from Mango.","published","https://media.mango.com/is/image/punto/37091439-35-002?wid=2048&hei=2867&fit=crop","https://media.mango.com/is/image/punto/37091439-35-001?wid=2048&hei=2867&fit=crop","https://media.mango.com/is/image/punto/37091439-35-003?wid=2048&hei=2867&fit=crop","https://media.mango.com/is/image/punto/37091439-35-004?wid=2048&hei=2867&fit=crop","Default","Size","M","100-COTTON-WASHED-T-SHIRT-100-M",100,TRUE,FALSE,2899
"100-cotton-washed-t-shirt-100","100% cotton washed T-shirt","Premium quality T-shirt from Mango.","published","https://media.mango.com/is/image/punto/37091439-35-002?wid=2048&hei=2867&fit=crop","https://media.mango.com/is/image/punto/37091439-35-001?wid=2048&hei=2867&fit=crop","https://media.mango.com/is/image/punto/37091439-35-003?wid=2048&hei=2867&fit=crop","https://media.mango.com/is/image/punto/37091439-35-004?wid=2048&hei=2867&fit=crop","Default","Size","L","100-COTTON-WASHED-T-SHIRT-100-L",100,TRUE,FALSE,2899
"100-cotton-washed-t-shirt-100","100% cotton washed T-shirt","Premium quality T-shirt from Mango.","published","https://media.mango.com/is/image/punto/37091439-35-002?wid=2048&hei=2867&fit=crop","https://media.mango.com/is/image/punto/37091439-35-001?wid=2048&hei=2867&fit=crop","https://media.mango.com/is/image/punto/37091439-35-003?wid=2048&hei=2867&fit=crop","https://media.mango.com/is/image/punto/37091439-35-004?wid=2048&hei=2867&fit=crop","Default","Size","XL","100-COTTON-WASHED-T-SHIRT-100-XL",100,TRUE,FALSE,2899
"100-cotton-washed-t-shirt-100","100% cotton washed T-shirt","Premium quality T-shirt from Mango.","published","https://media.mango.com/is/image/punto/37091439-35-002?wid=2048&hei=2867&fit=crop","https://media.mango.com/is/image/punto/37091439-35-001?wid=2048&hei=2867&fit=crop","https://media.mango.com/is/image/punto/37091439-35-003?wid=2048&hei=2867&fit=crop","https://media.mango.com/is/image/punto/37091439-35-004?wid=2048&hei=2867&fit=crop","Default","Size","XXL","100-COTTON-WASHED-T-SHIRT-100-XXL",100,TRUE,FALSE,2899
"100-cotton-t-shirt-regular-fit-101","100% cotton T-shirt regular fit","Premium quality T-shirt from Mango.","published","https://media.mango.com/is/image/punto/27045964-51-002?wid=2048&hei=2867&fit=crop","https://media.mango.com/is/image/punto/27045964-51-001?wid=2048&hei=2867&fit=crop","https://media.mango.com/is/image/punto/27045964-51-003?wid=2048&hei=2867&fit=crop","https://media.mango.com/is/image/punto/27045964-51-004?wid=2048&hei=2867&fit=crop","Default","Size","XS","100-COTTON-T-SHIRT-REGULAR-FIT-101-XS",100,TRUE,FALSE,2303
"100-cotton-t-shirt-regular-fit-101","100% cotton T-shirt regular fit","Premium quality T-shirt from Mango.","published","https://media.mango.com/is/image/punto/27045964-51-002?wid=2048&hei=2867&fit=crop","https://media.mango.com/is/image/punto/27045964-51-001?wid=2048&hei=2867&fit=crop","https://media.mango.com/is/image/punto/27045964-51-003?wid=2048&hei=2867&fit=crop","https://media.mango.com/is/image/punto/27045964-51-004?wid=2048&hei=2867&fit=crop","Default","Size","S","100-COTTON-T-SHIRT-REGULAR-FIT-101-S",100,TRUE,FALSE,2303
"100-cotton-t-shirt-regular-fit-101","100% cotton T-shirt regular fit","Premium quality T-shirt from Mango.","published","https://media.mango.com/is/image/punto/27045964-51-002?wid=2048&hei=2867&fit=crop","https://media.mango.com/is/image/punto/27045964-51-001?wid=2048&hei=2867&fit=crop","https://media.mango.com/is/image/punto/27045964-51-003?wid=2048&hei=2867&fit=crop","https://media.mango.com/is/image/punto/27045964-51-004?wid=2048&hei=2867&fit=crop","Default","Size","M","100-COTTON-T-SHIRT-REGULAR-FIT-101-M",100,TRUE,FALSE,2303
"100-cotton-t-shirt-regular-fit-101","100% cotton T-shirt regular fit","Premium quality T-shirt from Mango.","published","https://media.mango.com/is/image/punto/27045964-51-002?wid=2048&hei=2867&fit=crop","https://media.mango.com/is/image/punto/27045964-51-001?wid=2048&hei=2867&fit=crop","https://media.mango.com/is/image/punto/27045964-51-003?wid=2048&hei=2867&fit=crop","https://media.mango.com/is/image/punto/27045964-51-004?wid=2048&hei=2867&fit=crop","Default","Size","L","100-COTTON-T-SHIRT-REGULAR-FIT-101-L",100,TRUE,FALSE,2303
"100-cotton-t-shirt-regular-fit-101","100% cotton T-shirt regular fit","Premium quality T-shirt from Mango.","published","https://media.mango.com/is/image/punto/27045964-51-002?wid=2048&hei=2867&fit=crop","https://media.mango.com/is/image/punto/27045964-51-001?wid=2048&hei=2867&fit=crop","https://media.mango.com/is/image/punto/27045964-51-003?wid=2048&hei=2867&fit=crop","https://media.mango.com/is/image/punto/27045964-51-004?wid=2048&hei=2867&fit=crop","Default","Size","XL","100-COTTON-T-SHIRT-REGULAR-FIT-101-XL",100,TRUE,FALSE,2303
"100-cotton-t-shirt-regular-fit-101","100% cotton T-shirt regular fit","Premium quality T-shirt from Mango.","published","https://media.mango.com/is/image/punto/27045964-51-002?wid=2048&hei=2867&fit=crop","https://media.mango.com/is/image/punto/27045964-51-001?wid=2048&hei=2867&fit=crop","https://media.mango.com/is/image/punto/27045964-51-003?wid=2048&hei=2867&fit=crop","https://media.mango.com/is/image/punto/27045964-51-004?wid=2048&hei=2867&fit=crop","Default","Size","XXL","100-COTTON-T-SHIRT-REGULAR-FIT-101-XXL",100,TRUE,FALSE,2303
"relaxed-fit-cotton-linen-t-shirt-102","Relaxed-fit cotton-linen t-shirt","Premium quality T-shirt from Mango.","published","https://media.mango.com/is/image/punto/17057767-42-002?wid=2048&hei=2867&fit=crop","https://media.mango.com/is/image/punto/17057767-42-001?wid=2048&hei=2867&fit=crop","https://media.mango.com/is/image/punto/17057767-42-003?wid=2048&hei=2867&fit=crop","https://media.mango.com/is/image/punto/17057767-42-004?wid=2048&hei=2867&fit=crop","Default","Size","XS","RELAXED-FIT-COTTON-LINEN-T-SHIRT-102-XS",100,TRUE,FALSE,1832
"relaxed-fit-cotton-linen-t-shirt-102","Relaxed-fit cotton-linen t-shirt","Premium quality T-shirt from Mango.","published","https://media.mango.com/is/image/punto/17057767-42-002?wid=2048&hei=2867&fit=crop","https://media.mango.com/is/image/punto/17057767-42-001?wid=2048&hei=2867&fit=crop","https://media.mango.com/is/image/punto/17057767-42-003?wid=2048&hei=2867&fit=crop","https://media.mango.com/is/image/punto/17057767-42-004?wid=2048&hei=2867&fit=crop","Default","Size","S","RELAXED-FIT-COTTON-LINEN-T-SHIRT-102-S",100,TRUE,FALSE,1832
"relaxed-fit-cotton-linen-t-shirt-102","Relaxed-fit cotton-linen t-shirt","Premium quality T-shirt from Mango.","published","https://media.mango.com/is/image/punto/17057767-42-002?wid=2048&hei=2867&fit=crop","https://media.mango.com/is/image/punto/17057767-42-001?wid=2048&hei=2867&fit=crop","https://media.mango.com/is/image/punto/17057767-42-003?wid=2048&hei=2867&fit=crop","https://media.mango.com/is/image/punto/17057767-42-004?wid=2048&hei=2867&fit=crop","Default","Size","M","RELAXED-FIT-COTTON-LINEN-T-SHIRT-102-M",100,TRUE,FALSE,1832
"relaxed-fit-cotton-linen-t-shirt-102","Relaxed-fit cotton-linen t-shirt","Premium quality T-shirt from Mango.","published","https://media.mango.com/is/image/punto/17057767-42-002?wid=2048&hei=2867&fit=crop","https://media.mango.com/is/image/punto/17057767-42-001?wid=2048&hei=2867&fit=crop","https://media.mango.com/is/image/punto/17057767-42-003?wid=2048&hei=2867&fit=crop","https://media.mango.com/is/image/punto/17057767-42-004?wid=2048&hei=2867&fit=crop","Default","Size","L","RELAXED-FIT-COTTON-LINEN-T-SHIRT-102-L",100,TRUE,FALSE,1832
"relaxed-fit-cotton-linen-t-shirt-102","Relaxed-fit cotton-linen t-shirt","Premium quality T-shirt from Mango.","published","https://media.mango.com/is/image/punto/17057767-42-002?wid=2048&hei=2867&fit=crop","https://media.mango.com/is/image/punto/17057767-42-001?wid=2048&hei=2867&fit=crop","https://media.mango.com/is/image/punto/17057767-42-003?wid=2048&hei=2867&fit=crop","https://media.mango.com/is/image/punto/17057767-42-004?wid=2048&hei=2867&fit=crop","Default","Size","XL","RELAXED-FIT-COTTON-LINEN-T-SHIRT-102-XL",100,TRUE,FALSE,1832
"relaxed-fit-cotton-linen-t-shirt-102","Relaxed-fit cotton-linen t-shirt","Premium quality T-shirt from Mango.","published","https://media.mango.com/is/image/punto/17057767-42-002?wid=2048&hei=2867&fit=crop","https://media.mango.com/is/image/punto/17057767-42-001?wid=2048&hei=2867&fit=crop","https://media.mango.com/is/image/punto/17057767-42-003?wid=2048&hei=2867&fit=crop","https://media.mango.com/is/image/punto/17057767-42-004?wid=2048&hei=2867&fit=crop","Default","Size","XXL","RELAXED-FIT-COTTON-LINEN-T-SHIRT-102-XXL",100,TRUE,FALSE,1832
"henley-t-shirt-103","Henley T-shirt","Premium quality T-shirt from Mango.","published","https://media.mango.com/is/image/punto/27027914-99-500?wid=2048&hei=2867&fit=crop","https://media.mango.com/is/image/punto/27027914-99-001?wid=2048&hei=2867&fit=crop","https://media.mango.com/is/image/punto/27027914-99-002?wid=2048&hei=2867&fit=crop","https://media.mango.com/is/image/punto/27027914-99-003?wid=2048&hei=2867&fit=crop","Default","Size","XS","HENLEY-T-SHIRT-103-XS",100,TRUE,FALSE,3890
"henley-t-shirt-103","Henley T-shirt","Premium quality T-shirt from Mango.","published","https://media.mango.com/is/image/punto/27027914-99-500?wid=2048&hei=2867&fit=crop","https://media.mango.com/is/image/punto/27027914-99-001?wid=2048&hei=2867&fit=crop","https://media.mango.com/is/image/punto/27027914-99-002?wid=2048&hei=2867&fit=crop","https://media.mango.com/is/image/punto/27027914-99-003?wid=2048&hei=2867&fit=crop","Default","Size","S","HENLEY-T-SHIRT-103-S",100,TRUE,FALSE,3890
"henley-t-shirt-103","Henley T-shirt","Premium quality T-shirt from Mango.","published","https://media.mango.com/is/image/punto/27027914-99-500?wid=2048&hei=2867&fit=crop","https://media.mango.com/is/image/punto/27027914-99-001?wid=2048&hei=2867&fit=crop","https://media.mango.com/is/image/punto/27027914-99-002?wid=2048&hei=2867&fit=crop","https://media.mango.com/is/image/punto/27027914-99-003?wid=2048&hei=2867&fit=crop","Default","Size","M","HENLEY-T-SHIRT-103-M",100,TRUE,FALSE,3890
"henley-t-shirt-103","Henley T-shirt","Premium quality T-shirt from Mango.","published","https://media.mango.com/is/image/punto/27027914-99-500?wid=2048&hei=2867&fit=crop","https://media.mango.com/is/image/punto/27027914-99-001?wid=2048&hei=2867&fit=crop","https://media.mango.com/is/image/punto/27027914-99-002?wid=2048&hei=2867&fit=crop","https://media.mango.com/is/image/punto/27027914-99-003?wid=2048&hei=2867&fit=crop","Default","Size","L","HENLEY-T-SHIRT-103-L",100,TRUE,FALSE,3890
"henley-t-shirt-103","Henley T-shirt","Premium quality T-shirt from Mango.","published","https://media.mango.com/is/image/punto/27027914-99-500?wid=2048&hei=2867&fit=crop","https://media.mango.com/is/image/punto/27027914-99-001?wid=2048&hei=2867&fit=crop","https://media.mango.com/is/image/punto/27027914-99-002?wid=2048&hei=2867&fit=crop","https://media.mango.com/is/image/punto/27027914-99-003?wid=2048&hei=2867&fit=crop","Default","Size","XL","HENLEY-T-SHIRT-103-XL",100,TRUE,FALSE,3890
"henley-t-shirt-103","Henley T-shirt","Premium quality T-shirt from Mango.","published","https://media.mango.com/is/image/punto/27027914-99-500?wid=2048&hei=2867&fit=crop","https://media.mango.com/is/image/punto/27027914-99-001?wid=2048&hei=2867&fit=crop","https://media.mango.com/is/image/punto/27027914-99-002?wid=2048&hei=2867&fit=crop","https://media.mango.com/is/image/punto/27027914-99-003?wid=2048&hei=2867&fit=crop","Default","Size","XXL","HENLEY-T-SHIRT-103-XXL",100,TRUE,FALSE,3890
"relaxed-fit-cotton-linen-t-shirt-104","Relaxed-fit cotton-linen t-shirt","Premium quality T-shirt from Mango.","published","https://media.mango.com/is/image/punto/17057767-54-002?wid=2048&hei=2867&fit=crop","https://media.mango.com/is/image/punto/17057767-54-001?wid=2048&hei=2867&fit=crop","https://media.mango.com/is/image/punto/17057767-54-003?wid=2048&hei=2867&fit=crop","https://media.mango.com/is/image/punto/17057767-54-004?wid=2048&hei=2867&fit=crop","Default","Size","XS","RELAXED-FIT-COTTON-LINEN-T-SHIRT-104-XS",100,TRUE,FALSE,1832
"relaxed-fit-cotton-linen-t-shirt-104","Relaxed-fit cotton-linen t-shirt","Premium quality T-shirt from Mango.","published","https://media.mango.com/is/image/punto/17057767-54-002?wid=2048&hei=2867&fit=crop","https://media.mango.com/is/image/punto/17057767-54-001?wid=2048&hei=2867&fit=crop","https://media.mango.com/is/image/punto/17057767-54-003?wid=2048&hei=2867&fit=crop","https://media.mango.com/is/image/punto/17057767-54-004?wid=2048&hei=2867&fit=crop","Default","Size","S","RELAXED-FIT-COTTON-LINEN-T-SHIRT-104-S",100,TRUE,FALSE,1832
"relaxed-fit-cotton-linen-t-shirt-104","Relaxed-fit cotton-linen t-shirt","Premium quality T-shirt from Mango.","published","https://media.mango.com/is/image/punto/17057767-54-002?wid=2048&hei=2867&fit=crop","https://media.mango.com/is/image/punto/17057767-54-001?wid=2048&hei=2867&fit=crop","https://media.mango.com/is/image/punto/17057767-54-003?wid=2048&hei=2867&fit=crop","https://media.mango.com/is/image/punto/17057767-54-004?wid=2048&hei=2867&fit=crop","Default","Size","M","RELAXED-FIT-COTTON-LINEN-T-SHIRT-104-M",100,TRUE,FALSE,1832
"relaxed-fit-cotton-linen-t-shirt-104","Relaxed-fit cotton-linen t-shirt","Premium quality T-shirt from Mango.","published","https://media.mango.com/is/image/punto/17057767-54-002?wid=2048&hei=2867&fit=crop","https://media.mango.com/is/image/punto/17057767-54-001?wid=2048&hei=2867&fit=crop","https://media.mango.com/is/image/punto/17057767-54-003?wid=2048&hei=2867&fit=crop","https://media.mango.com/is/image/punto/17057767-54-004?wid=2048&hei=2867&fit=crop","Default","Size","L","RELAXED-FIT-COTTON-LINEN-T-SHIRT-104-L",100,TRUE,FALSE,1832
"relaxed-fit-cotton-linen-t-shirt-104","Relaxed-fit cotton-linen t-shirt","Premium quality T-shirt from Mango.","published","https://media.mango.com/is/image/punto/17057767-54-002?wid=2048&hei=2867&fit=crop","https://media.mango.com/is/image/punto/17057767-54-001?wid=2048&hei=2867&fit=crop","https://media.mango.com/is/image/punto/17057767-54-003?wid=2048&hei=2867&fit=crop","https://media.mango.com/is/image/punto/17057767-54-004?wid=2048&hei=2867&fit=crop","Default","Size","XL","RELAXED-FIT-COTTON-LINEN-T-SHIRT-104-XL",100,TRUE,FALSE,1832
"relaxed-fit-cotton-linen-t-shirt-104","Relaxed-fit cotton-linen t-shirt","Premium quality T-shirt from Mango.","published","https://media.mango.com/is/image/punto/17057767-54-002?wid=2048&hei=2867&fit=crop","https://media.mango.com/is/image/punto/17057767-54-001?wid=2048&hei=2867&fit=crop","https://media.mango.com/is/image/punto/17057767-54-003?wid=2048&hei=2867&fit=crop","https://media.mango.com/is/image/punto/17057767-54-004?wid=2048&hei=2867&fit=crop","Default","Size","XXL","RELAXED-FIT-COTTON-LINEN-T-SHIRT-104-XXL",100,TRUE,FALSE,1832
"long-sleeve-regular-fit-t-shirt-105","Long sleeve regular fit T-shirt","Premium quality T-shirt from Mango.","published","https://media.mango.com/is/image/punto/27061254-56-002?wid=2048&hei=2867&fit=crop","https://media.mango.com/is/image/punto/27061254-56-001?wid=2048&hei=2867&fit=crop","https://media.mango.com/is/image/punto/27061254-56-003?wid=2048&hei=2867&fit=crop","https://media.mango.com/is/image/punto/27061254-56-004?wid=2048&hei=2867&fit=crop","Default","Size","XS","LONG-SLEEVE-REGULAR-FIT-T-SHIRT-105-XS",100,TRUE,FALSE,2312
"long-sleeve-regular-fit-t-shirt-105","Long sleeve regular fit T-shirt","Premium quality T-shirt from Mango.","published","https://media.mango.com/is/image/punto/27061254-56-002?wid=2048&hei=2867&fit=crop","https://media.mango.com/is/image/punto/27061254-56-001?wid=2048&hei=2867&fit=crop","https://media.mango.com/is/image/punto/27061254-56-003?wid=2048&hei=2867&fit=crop","https://media.mango.com/is/image/punto/27061254-56-004?wid=2048&hei=2867&fit=crop","Default","Size","S","LONG-SLEEVE-REGULAR-FIT-T-SHIRT-105-S",100,TRUE,FALSE,2312
"long-sleeve-regular-fit-t-shirt-105","Long sleeve regular fit T-shirt","Premium quality T-shirt from Mango.","published","https://media.mango.com/is/image/punto/27061254-56-002?wid=2048&hei=2867&fit=crop","https://media.mango.com/is/image/punto/27061254-56-001?wid=2048&hei=2867&fit=crop","https://media.mango.com/is/image/punto/27061254-56-003?wid=2048&hei=2867&fit=crop","https://media.mango.com/is/image/punto/27061254-56-004?wid=2048&hei=2867&fit=crop","Default","Size","M","LONG-SLEEVE-REGULAR-FIT-T-SHIRT-105-M",100,TRUE,FALSE,2312
"long-sleeve-regular-fit-t-shirt-105","Long sleeve regular fit T-shirt","Premium quality T-shirt from Mango.","published","https://media.mango.com/is/image/punto/27061254-56-002?wid=2048&hei=2867&fit=crop","https://media.mango.com/is/image/punto/27061254-56-001?wid=2048&hei=2867&fit=crop","https://media.mango.com/is/image/punto/27061254-56-003?wid=2048&hei=2867&fit=crop","https://media.mango.com/is/image/punto/27061254-56-004?wid=2048&hei=2867&fit=crop","Default","Size","L","LONG-SLEEVE-REGULAR-FIT-T-SHIRT-105-L",100,TRUE,FALSE,2312
"long-sleeve-regular-fit-t-shirt-105","Long sleeve regular fit T-shirt","Premium quality T-shirt from Mango.","published","https://media.mango.com/is/image/punto/27061254-56-002?wid=2048&hei=2867&fit=crop","https://media.mango.com/is/image/punto/27061254-56-001?wid=2048&hei=2867&fit=crop","https://media.mango.com/is/image/punto/27061254-56-003?wid=2048&hei=2867&fit=crop","https://media.mango.com/is/image/punto/27061254-56-004?wid=2048&hei=2867&fit=crop","Default","Size","XL","LONG-SLEEVE-REGULAR-FIT-T-SHIRT-105-XL",100,TRUE,FALSE,2312
"long-sleeve-regular-fit-t-shirt-105","Long sleeve regular fit T-shirt","Premium quality T-shirt from Mango.","published","https://media.mango.com/is/image/punto/27061254-56-002?wid=2048&hei=2867&fit=crop","https://media.mango.com/is/image/punto/27061254-56-001?wid=2048&hei=2867&fit=crop","https://media.mango.com/is/image/punto/27061254-56-003?wid=2048&hei=2867&fit=crop","https://media.mango.com/is/image/punto/27061254-56-004?wid=2048&hei=2867&fit=crop","Default","Size","XXL","LONG-SLEEVE-REGULAR-FIT-T-SHIRT-105-XXL",100,TRUE,FALSE,2312
"long-sleeve-regular-fit-t-shirt-106","Long sleeve regular fit T-shirt","Premium quality T-shirt from Mango.","published","https://media.mango.com/is/image/punto/27061254-32-002?wid=2048&hei=2867&fit=crop","https://media.mango.com/is/image/punto/27061254-32-001?wid=2048&hei=2867&fit=crop","https://media.mango.com/is/image/punto/27061254-32-003?wid=2048&hei=2867&fit=crop","https://media.mango.com/is/image/punto/27061254-32-004?wid=2048&hei=2867&fit=crop","Default","Size","XS","LONG-SLEEVE-REGULAR-FIT-T-SHIRT-106-XS",100,TRUE,FALSE,2312
"long-sleeve-regular-fit-t-shirt-106","Long sleeve regular fit T-shirt","Premium quality T-shirt from Mango.","published","https://media.mango.com/is/image/punto/27061254-32-002?wid=2048&hei=2867&fit=crop","https://media.mango.com/is/image/punto/27061254-32-001?wid=2048&hei=2867&fit=crop","https://media.mango.com/is/image/punto/27061254-32-003?wid=2048&hei=2867&fit=crop","https://media.mango.com/is/image/punto/27061254-32-004?wid=2048&hei=2867&fit=crop","Default","Size","S","LONG-SLEEVE-REGULAR-FIT-T-SHIRT-106-S",100,TRUE,FALSE,2312
"long-sleeve-regular-fit-t-shirt-106","Long sleeve regular fit T-shirt","Premium quality T-shirt from Mango.","published","https://media.mango.com/is/image/punto/27061254-32-002?wid=2048&hei=2867&fit=crop","https://media.mango.com/is/image/punto/27061254-32-001?wid=2048&hei=2867&fit=crop","https://media.mango.com/is/image/punto/27061254-32-003?wid=2048&hei=2867&fit=crop","https://media.mango.com/is/image/punto/27061254-32-004?wid=2048&hei=2867&fit=crop","Default","Size","M","LONG-SLEEVE-REGULAR-FIT-T-SHIRT-106-M",100,TRUE,FALSE,2312
"long-sleeve-regular-fit-t-shirt-106","Long sleeve regular fit T-shirt","Premium quality T-shirt from Mango.","published","https://media.mango.com/is/image/punto/27061254-32-002?wid=2048&hei=2867&fit=crop","https://media.mango.com/is/image/punto/27061254-32-001?wid=2048&hei=2867&fit=crop","https://media.mango.com/is/image/punto/27061254-32-003?wid=2048&hei=2867&fit=crop","https://media.mango.com/is/image/punto/27061254-32-004?wid=2048&hei=2867&fit=crop","Default","Size","L","LONG-SLEEVE-REGULAR-FIT-T-SHIRT-106-L",100,TRUE,FALSE,2312
"long-sleeve-regular-fit-t-shirt-106","Long sleeve regular fit T-shirt","Premium quality T-shirt from Mango.","published","https://media.mango.com/is/image/punto/27061254-32-002?wid=2048&hei=2867&fit=crop","https://media.mango.com/is/image/punto/27061254-32-001?wid=2048&hei=2867&fit=crop","https://media.mango.com/is/image/punto/27061254-32-003?wid=2048&hei=2867&fit=crop","https://media.mango.com/is/image/punto/27061254-32-004?wid=2048&hei=2867&fit=crop","Default","Size","XL","LONG-SLEEVE-REGULAR-FIT-T-SHIRT-106-XL",100,TRUE,FALSE,2312
"long-sleeve-regular-fit-t-shirt-106","Long sleeve regular fit T-shirt","Premium quality T-shirt from Mango.","published","https://media.mango.com/is/image/punto/27061254-32-002?wid=2048&hei=2867&fit=crop","https://media.mango.com/is/image/punto/27061254-32-001?wid=2048&hei=2867&fit=crop","https://media.mango.com/is/image/punto/27061254-32-003?wid=2048&hei=2867&fit=crop","https://media.mango.com/is/image/punto/27061254-32-004?wid=2048&hei=2867&fit=crop","Default","Size","XXL","LONG-SLEEVE-REGULAR-FIT-T-SHIRT-106-XXL",100,TRUE,FALSE,2312
"long-sleeve-regular-fit-t-shirt-107","Long sleeve regular fit T-shirt","Premium quality T-shirt from Mango.","published","https://media.mango.com/is/image/punto/27061254-01-002?wid=2048&hei=2867&fit=crop","https://media.mango.com/is/image/punto/27061254-01-001?wid=2048&hei=2867&fit=crop","https://media.mango.com/is/image/punto/27061254-01-003?wid=2048&hei=2867&fit=crop","https://media.mango.com/is/image/punto/27061254-01-004?wid=2048&hei=2867&fit=crop","Default","Size","XS","LONG-SLEEVE-REGULAR-FIT-T-SHIRT-107-XS",100,TRUE,FALSE,2312
"long-sleeve-regular-fit-t-shirt-107","Long sleeve regular fit T-shirt","Premium quality T-shirt from Mango.","published","https://media.mango.com/is/image/punto/27061254-01-002?wid=2048&hei=2867&fit=crop","https://media.mango.com/is/image/punto/27061254-01-001?wid=2048&hei=2867&fit=crop","https://media.mango.com/is/image/punto/27061254-01-003?wid=2048&hei=2867&fit=crop","https://media.mango.com/is/image/punto/27061254-01-004?wid=2048&hei=2867&fit=crop","Default","Size","S","LONG-SLEEVE-REGULAR-FIT-T-SHIRT-107-S",100,TRUE,FALSE,2312
"long-sleeve-regular-fit-t-shirt-107","Long sleeve regular fit T-shirt","Premium quality T-shirt from Mango.","published","https://media.mango.com/is/image/punto/27061254-01-002?wid=2048&hei=2867&fit=crop","https://media.mango.com/is/image/punto/27061254-01-001?wid=2048&hei=2867&fit=crop","https://media.mango.com/is/image/punto/27061254-01-003?wid=2048&hei=2867&fit=crop","https://media.mango.com/is/image/punto/27061254-01-004?wid=2048&hei=2867&fit=crop","Default","Size","M","LONG-SLEEVE-REGULAR-FIT-T-SHIRT-107-M",100,TRUE,FALSE,2312
"long-sleeve-regular-fit-t-shirt-107","Long sleeve regular fit T-shirt","Premium quality T-shirt from Mango.","published","https://media.mango.com/is/image/punto/27061254-01-002?wid=2048&hei=2867&fit=crop","https://media.mango.com/is/image/punto/27061254-01-001?wid=2048&hei=2867&fit=crop","https://media.mango.com/is/image/punto/27061254-01-003?wid=2048&hei=2867&fit=crop","https://media.mango.com/is/image/punto/27061254-01-004?wid=2048&hei=2867&fit=crop","Default","Size","L","LONG-SLEEVE-REGULAR-FIT-T-SHIRT-107-L",100,TRUE,FALSE,2312
"long-sleeve-regular-fit-t-shirt-107","Long sleeve regular fit T-shirt","Premium quality T-shirt from Mango.","published","https://media.mango.com/is/image/punto/27061254-01-002?wid=2048&hei=2867&fit=crop","https://media.mango.com/is/image/punto/27061254-01-001?wid=2048&hei=2867&fit=crop","https://media.mango.com/is/image/punto/27061254-01-003?wid=2048&hei=2867&fit=crop","https://media.mango.com/is/image/punto/27061254-01-004?wid=2048&hei=2867&fit=crop","Default","Size","XL","LONG-SLEEVE-REGULAR-FIT-T-SHIRT-107-XL",100,TRUE,FALSE,2312
"long-sleeve-regular-fit-t-shirt-107","Long sleeve regular fit T-shirt","Premium quality T-shirt from Mango.","published","https://media.mango.com/is/image/punto/27061254-01-002?wid=2048&hei=2867&fit=crop","https://media.mango.com/is/image/punto/27061254-01-001?wid=2048&hei=2867&fit=crop","https://media.mango.com/is/image/punto/27061254-01-003?wid=2048&hei=2867&fit=crop","https://media.mango.com/is/image/punto/27061254-01-004?wid=2048&hei=2867&fit=crop","Default","Size","XXL","LONG-SLEEVE-REGULAR-FIT-T-SHIRT-107-XXL",100,TRUE,FALSE,2312
"regular-fit-striped-100-cotton-shirt-108","Regular-fit striped 100% cotton shirt","Premium quality T-shirt from Mango.","published","https://media.mango.com/is/image/punto/17037774-45-002?wid=2048&hei=2867&fit=crop","https://media.mango.com/is/image/punto/17037774-45-001?wid=2048&hei=2867&fit=crop","https://media.mango.com/is/image/punto/17037774-45-003?wid=2048&hei=2867&fit=crop","https://media.mango.com/is/image/punto/17037774-45-004?wid=2048&hei=2867&fit=crop","Default","Size","XS","REGULAR-FIT-STRIPED-100-COTTON-SHIRT-108-XS",100,TRUE,FALSE,1992
"regular-fit-striped-100-cotton-shirt-108","Regular-fit striped 100% cotton shirt","Premium quality T-shirt from Mango.","published","https://media.mango.com/is/image/punto/17037774-45-002?wid=2048&hei=2867&fit=crop","https://media.mango.com/is/image/punto/17037774-45-001?wid=2048&hei=2867&fit=crop","https://media.mango.com/is/image/punto/17037774-45-003?wid=2048&hei=2867&fit=crop","https://media.mango.com/is/image/punto/17037774-45-004?wid=2048&hei=2867&fit=crop","Default","Size","S","REGULAR-FIT-STRIPED-100-COTTON-SHIRT-108-S",100,TRUE,FALSE,1992
"regular-fit-striped-100-cotton-shirt-108","Regular-fit striped 100% cotton shirt","Premium quality T-shirt from Mango.","published","https://media.mango.com/is/image/punto/17037774-45-002?wid=2048&hei=2867&fit=crop","https://media.mango.com/is/image/punto/17037774-45-001?wid=2048&hei=2867&fit=crop","https://media.mango.com/is/image/punto/17037774-45-003?wid=2048&hei=2867&fit=crop","https://media.mango.com/is/image/punto/17037774-45-004?wid=2048&hei=2867&fit=crop","Default","Size","M","REGULAR-FIT-STRIPED-100-COTTON-SHIRT-108-M",100,TRUE,FALSE,1992
"regular-fit-striped-100-cotton-shirt-108","Regular-fit striped 100% cotton shirt","Premium quality T-shirt from Mango.","published","https://media.mango.com/is/image/punto/17037774-45-002?wid=2048&hei=2867&fit=crop","https://media.mango.com/is/image/punto/17037774-45-001?wid=2048&hei=2867&fit=crop","https://media.mango.com/is/image/punto/17037774-45-003?wid=2048&hei=2867&fit=crop","https://media.mango.com/is/image/punto/17037774-45-004?wid=2048&hei=2867&fit=crop","Default","Size","L","REGULAR-FIT-STRIPED-100-COTTON-SHIRT-108-L",100,TRUE,FALSE,1992
"regular-fit-striped-100-cotton-shirt-108","Regular-fit striped 100% cotton shirt","Premium quality T-shirt from Mango.","published","https://media.mango.com/is/image/punto/17037774-45-002?wid=2048&hei=2867&fit=crop","https://media.mango.com/is/image/punto/17037774-45-001?wid=2048&hei=2867&fit=crop","https://media.mango.com/is/image/punto/17037774-45-003?wid=2048&hei=2867&fit=crop","https://media.mango.com/is/image/punto/17037774-45-004?wid=2048&hei=2867&fit=crop","Default","Size","XL","REGULAR-FIT-STRIPED-100-COTTON-SHIRT-108-XL",100,TRUE,FALSE,1992
"regular-fit-striped-100-cotton-shirt-108","Regular-fit striped 100% cotton shirt","Premium quality T-shirt from Mango.","published","https://media.mango.com/is/image/punto/17037774-45-002?wid=2048&hei=2867&fit=crop","https://media.mango.com/is/image/punto/17037774-45-001?wid=2048&hei=2867&fit=crop","https://media.mango.com/is/image/punto/17037774-45-003?wid=2048&hei=2867&fit=crop","https://media.mango.com/is/image/punto/17037774-45-004?wid=2048&hei=2867&fit=crop","Default","Size","XXL","REGULAR-FIT-STRIPED-100-COTTON-SHIRT-108-XXL",100,TRUE,FALSE,1992
"perkins-neck-long-sleeved-t-shirt-109","Perkins-neck long-sleeved t-shirt","Premium quality T-shirt from Mango.","published","https://media.mango.com/is/image/punto/27061311-32-002?wid=2048&hei=2867&fit=crop","https://media.mango.com/is/image/punto/27061311-32-001?wid=2048&hei=2867&fit=crop","https://media.mango.com/is/image/punto/27061311-32-003?wid=2048&hei=2867&fit=crop","https://media.mango.com/is/image/punto/27061311-32-004?wid=2048&hei=2867&fit=crop","Default","Size","XS","PERKINS-NECK-LONG-SLEEVED-T-SHIRT-109-XS",100,TRUE,FALSE,2303
"perkins-neck-long-sleeved-t-shirt-109","Perkins-neck long-sleeved t-shirt","Premium quality T-shirt from Mango.","published","https://media.mango.com/is/image/punto/27061311-32-002?wid=2048&hei=2867&fit=crop","https://media.mango.com/is/image/punto/27061311-32-001?wid=2048&hei=2867&fit=crop","https://media.mango.com/is/image/punto/27061311-32-003?wid=2048&hei=2867&fit=crop","https://media.mango.com/is/image/punto/27061311-32-004?wid=2048&hei=2867&fit=crop","Default","Size","S","PERKINS-NECK-LONG-SLEEVED-T-SHIRT-109-S",100,TRUE,FALSE,2303
"perkins-neck-long-sleeved-t-shirt-109","Perkins-neck long-sleeved t-shirt","Premium quality T-shirt from Mango.","published","https://media.mango.com/is/image/punto/27061311-32-002?wid=2048&hei=2867&fit=crop","https://media.mango.com/is/image/punto/27061311-32-001?wid=2048&hei=2867&fit=crop","https://media.mango.com/is/image/punto/27061311-32-003?wid=2048&hei=2867&fit=crop","https://media.mango.com/is/image/punto/27061311-32-004?wid=2048&hei=2867&fit=crop","Default","Size","M","PERKINS-NECK-LONG-SLEEVED-T-SHIRT-109-M",100,TRUE,FALSE,2303
"perkins-neck-long-sleeved-t-shirt-109","Perkins-neck long-sleeved t-shirt","Premium quality T-shirt from Mango.","published","https://media.mango.com/is/image/punto/27061311-32-002?wid=2048&hei=2867&fit=crop","https://media.mango.com/is/image/punto/27061311-32-001?wid=2048&hei=2867&fit=crop","https://media.mango.com/is/image/punto/27061311-32-003?wid=2048&hei=2867&fit=crop","https://media.mango.com/is/image/punto/27061311-32-004?wid=2048&hei=2867&fit=crop","Default","Size","L","PERKINS-NECK-LONG-SLEEVED-T-SHIRT-109-L",100,TRUE,FALSE,2303
"perkins-neck-long-sleeved-t-shirt-109","Perkins-neck long-sleeved t-shirt","Premium quality T-shirt from Mango.","published","https://media.mango.com/is/image/punto/27061311-32-002?wid=2048&hei=2867&fit=crop","https://media.mango.com/is/image/punto/27061311-32-001?wid=2048&hei=2867&fit=crop","https://media.mango.com/is/image/punto/27061311-32-003?wid=2048&hei=2867&fit=crop","https://media.mango.com/is/image/punto/27061311-32-004?wid=2048&hei=2867&fit=crop","Default","Size","XL","PERKINS-NECK-LONG-SLEEVED-T-SHIRT-109-XL",100,TRUE,FALSE,2303
"perkins-neck-long-sleeved-t-shirt-109","Perkins-neck long-sleeved t-shirt","Premium quality T-shirt from Mango.","published","https://media.mango.com/is/image/punto/27061311-32-002?wid=2048&hei=2867&fit=crop","https://media.mango.com/is/image/punto/27061311-32-001?wid=2048&hei=2867&fit=crop","https://media.mango.com/is/image/punto/27061311-32-003?wid=2048&hei=2867&fit=crop","https://media.mango.com/is/image/punto/27061311-32-004?wid=2048&hei=2867&fit=crop","Default","Size","XXL","PERKINS-NECK-LONG-SLEEVED-T-SHIRT-109-XXL",100,TRUE,FALSE,2303
"perkins-neck-long-sleeved-t-shirt-110","Perkins-neck long-sleeved t-shirt","Premium quality T-shirt from Mango.","published","https://media.mango.com/is/image/punto/27061311-99-002?wid=2048&hei=2867&fit=crop","https://media.mango.com/is/image/punto/27061311-99-001?wid=2048&hei=2867&fit=crop","https://media.mango.com/is/image/punto/27061311-99-003?wid=2048&hei=2867&fit=crop","https://media.mango.com/is/image/punto/27061311-99-004?wid=2048&hei=2867&fit=crop","Default","Size","XS","PERKINS-NECK-LONG-SLEEVED-T-SHIRT-110-XS",100,TRUE,FALSE,2303
"perkins-neck-long-sleeved-t-shirt-110","Perkins-neck long-sleeved t-shirt","Premium quality T-shirt from Mango.","published","https://media.mango.com/is/image/punto/27061311-99-002?wid=2048&hei=2867&fit=crop","https://media.mango.com/is/image/punto/27061311-99-001?wid=2048&hei=2867&fit=crop","https://media.mango.com/is/image/punto/27061311-99-003?wid=2048&hei=2867&fit=crop","https://media.mango.com/is/image/punto/27061311-99-004?wid=2048&hei=2867&fit=crop","Default","Size","S","PERKINS-NECK-LONG-SLEEVED-T-SHIRT-110-S",100,TRUE,FALSE,2303
"perkins-neck-long-sleeved-t-shirt-110","Perkins-neck long-sleeved t-shirt","Premium quality T-shirt from Mango.","published","https://media.mango.com/is/image/punto/27061311-99-002?wid=2048&hei=2867&fit=crop","https://media.mango.com/is/image/punto/27061311-99-001?wid=2048&hei=2867&fit=crop","https://media.mango.com/is/image/punto/27061311-99-003?wid=2048&hei=2867&fit=crop","https://media.mango.com/is/image/punto/27061311-99-004?wid=2048&hei=2867&fit=crop","Default","Size","M","PERKINS-NECK-LONG-SLEEVED-T-SHIRT-110-M",100,TRUE,FALSE,2303
"perkins-neck-long-sleeved-t-shirt-110","Perkins-neck long-sleeved t-shirt","Premium quality T-shirt from Mango.","published","https://media.mango.com/is/image/punto/27061311-99-002?wid=2048&hei=2867&fit=crop","https://media.mango.com/is/image/punto/27061311-99-001?wid=2048&hei=2867&fit=crop","https://media.mango.com/is/image/punto/27061311-99-003?wid=2048&hei=2867&fit=crop","https://media.mango.com/is/image/punto/27061311-99-004?wid=2048&hei=2867&fit=crop","Default","Size","L","PERKINS-NECK-LONG-SLEEVED-T-SHIRT-110-L",100,TRUE,FALSE,2303
"perkins-neck-long-sleeved-t-shirt-110","Perkins-neck long-sleeved t-shirt","Premium quality T-shirt from Mango.","published","https://media.mango.com/is/image/punto/27061311-99-002?wid=2048&hei=2867&fit=crop","https://media.mango.com/is/image/punto/27061311-99-001?wid=2048&hei=2867&fit=crop","https://media.mango.com/is/image/punto/27061311-99-003?wid=2048&hei=2867&fit=crop","https://media.mango.com/is/image/punto/27061311-99-004?wid=2048&hei=2867&fit=crop","Default","Size","XL","PERKINS-NECK-LONG-SLEEVED-T-SHIRT-110-XL",100,TRUE,FALSE,2303
"perkins-neck-long-sleeved-t-shirt-110","Perkins-neck long-sleeved t-shirt","Premium quality T-shirt from Mango.","published","https://media.mango.com/is/image/punto/27061311-99-002?wid=2048&hei=2867&fit=crop","https://media.mango.com/is/image/punto/27061311-99-001?wid=2048&hei=2867&fit=crop","https://media.mango.com/is/image/punto/27061311-99-003?wid=2048&hei=2867&fit=crop","https://media.mango.com/is/image/punto/27061311-99-004?wid=2048&hei=2867&fit=crop","Default","Size","XXL","PERKINS-NECK-LONG-SLEEVED-T-SHIRT-110-XXL",100,TRUE,FALSE,2303
"heavy-weight-relaxed-fit-t-shirt-111","Heavy weight relaxed fit T-shirt","Premium quality T-shirt from Mango.","published","https://media.mango.com/is/image/punto/27054430-36-002?wid=2048&hei=2867&fit=crop","https://media.mango.com/is/image/punto/27054430-36-001?wid=2048&hei=2867&fit=crop","https://media.mango.com/is/image/punto/27054430-36-003?wid=2048&hei=2867&fit=crop","https://media.mango.com/is/image/punto/27054430-36-004?wid=2048&hei=2867&fit=crop","Default","Size","XS","HEAVY-WEIGHT-RELAXED-FIT-T-SHIRT-111-XS",100,TRUE,FALSE,1592
"heavy-weight-relaxed-fit-t-shirt-111","Heavy weight relaxed fit T-shirt","Premium quality T-shirt from Mango.","published","https://media.mango.com/is/image/punto/27054430-36-002?wid=2048&hei=2867&fit=crop","https://media.mango.com/is/image/punto/27054430-36-001?wid=2048&hei=2867&fit=crop","https://media.mango.com/is/image/punto/27054430-36-003?wid=2048&hei=2867&fit=crop","https://media.mango.com/is/image/punto/27054430-36-004?wid=2048&hei=2867&fit=crop","Default","Size","S","HEAVY-WEIGHT-RELAXED-FIT-T-SHIRT-111-S",100,TRUE,FALSE,1592
"heavy-weight-relaxed-fit-t-shirt-111","Heavy weight relaxed fit T-shirt","Premium quality T-shirt from Mango.","published","https://media.mango.com/is/image/punto/27054430-36-002?wid=2048&hei=2867&fit=crop","https://media.mango.com/is/image/punto/27054430-36-001?wid=2048&hei=2867&fit=crop","https://media.mango.com/is/image/punto/27054430-36-003?wid=2048&hei=2867&fit=crop","https://media.mango.com/is/image/punto/27054430-36-004?wid=2048&hei=2867&fit=crop","Default","Size","M","HEAVY-WEIGHT-RELAXED-FIT-T-SHIRT-111-M",100,TRUE,FALSE,1592
"heavy-weight-relaxed-fit-t-shirt-111","Heavy weight relaxed fit T-shirt","Premium quality T-shirt from Mango.","published","https://media.mango.com/is/image/punto/27054430-36-002?wid=2048&hei=2867&fit=crop","https://media.mango.com/is/image/punto/27054430-36-001?wid=2048&hei=2867&fit=crop","https://media.mango.com/is/image/punto/27054430-36-003?wid=2048&hei=2867&fit=crop","https://media.mango.com/is/image/punto/27054430-36-004?wid=2048&hei=2867&fit=crop","Default","Size","L","HEAVY-WEIGHT-RELAXED-FIT-T-SHIRT-111-L",100,TRUE,FALSE,1592
"heavy-weight-relaxed-fit-t-shirt-111","Heavy weight relaxed fit T-shirt","Premium quality T-shirt from Mango.","published","https://media.mango.com/is/image/punto/27054430-36-002?wid=2048&hei=2867&fit=crop","https://media.mango.com/is/image/punto/27054430-36-001?wid=2048&hei=2867&fit=crop","https://media.mango.com/is/image/punto/27054430-36-003?wid=2048&hei=2867&fit=crop","https://media.mango.com/is/image/punto/27054430-36-004?wid=2048&hei=2867&fit=crop","Default","Size","XL","HEAVY-WEIGHT-RELAXED-FIT-T-SHIRT-111-XL",100,TRUE,FALSE,1592
"heavy-weight-relaxed-fit-t-shirt-111","Heavy weight relaxed fit T-shirt","Premium quality T-shirt from Mango.","published","https://media.mango.com/is/image/punto/27054430-36-002?wid=2048&hei=2867&fit=crop","https://media.mango.com/is/image/punto/27054430-36-001?wid=2048&hei=2867&fit=crop","https://media.mango.com/is/image/punto/27054430-36-003?wid=2048&hei=2867&fit=crop","https://media.mango.com/is/image/punto/27054430-36-004?wid=2048&hei=2867&fit=crop","Default","Size","XXL","HEAVY-WEIGHT-RELAXED-FIT-T-SHIRT-111-XXL",100,TRUE,FALSE,1592
"100-cotton-t-shirt-regular-fit-112","100% cotton T-shirt regular fit","Premium quality T-shirt from Mango.","published","https://media.mango.com/is/image/punto/27041264-75-002?wid=2048&hei=2867&fit=crop","https://media.mango.com/is/image/punto/27041264-75-001?wid=2048&hei=2867&fit=crop","https://media.mango.com/is/image/punto/27041264-75-003?wid=2048&hei=2867&fit=crop","https://media.mango.com/is/image/punto/27041264-75-004?wid=2048&hei=2867&fit=crop","Default","Size","XS","100-COTTON-T-SHIRT-REGULAR-FIT-112-XS",100,TRUE,FALSE,1992
"100-cotton-t-shirt-regular-fit-112","100% cotton T-shirt regular fit","Premium quality T-shirt from Mango.","published","https://media.mango.com/is/image/punto/27041264-75-002?wid=2048&hei=2867&fit=crop","https://media.mango.com/is/image/punto/27041264-75-001?wid=2048&hei=2867&fit=crop","https://media.mango.com/is/image/punto/27041264-75-003?wid=2048&hei=2867&fit=crop","https://media.mango.com/is/image/punto/27041264-75-004?wid=2048&hei=2867&fit=crop","Default","Size","S","100-COTTON-T-SHIRT-REGULAR-FIT-112-S",100,TRUE,FALSE,1992
"100-cotton-t-shirt-regular-fit-112","100% cotton T-shirt regular fit","Premium quality T-shirt from Mango.","published","https://media.mango.com/is/image/punto/27041264-75-002?wid=2048&hei=2867&fit=crop","https://media.mango.com/is/image/punto/27041264-75-001?wid=2048&hei=2867&fit=crop","https://media.mango.com/is/image/punto/27041264-75-003?wid=2048&hei=2867&fit=crop","https://media.mango.com/is/image/punto/27041264-75-004?wid=2048&hei=2867&fit=crop","Default","Size","M","100-COTTON-T-SHIRT-REGULAR-FIT-112-M",100,TRUE,FALSE,1992
"100-cotton-t-shirt-regular-fit-112","100% cotton T-shirt regular fit","Premium quality T-shirt from Mango.","published","https://media.mango.com/is/image/punto/27041264-75-002?wid=2048&hei=2867&fit=crop","https://media.mango.com/is/image/punto/27041264-75-001?wid=2048&hei=2867&fit=crop","https://media.mango.com/is/image/punto/27041264-75-003?wid=2048&hei=2867&fit=crop","https://media.mango.com/is/image/punto/27041264-75-004?wid=2048&hei=2867&fit=crop","Default","Size","L","100-COTTON-T-SHIRT-REGULAR-FIT-112-L",100,TRUE,FALSE,1992
"100-cotton-t-shirt-regular-fit-112","100% cotton T-shirt regular fit","Premium quality T-shirt from Mango.","published","https://media.mango.com/is/image/punto/27041264-75-002?wid=2048&hei=2867&fit=crop","https://media.mango.com/is/image/punto/27041264-75-001?wid=2048&hei=2867&fit=crop","https://media.mango.com/is/image/punto/27041264-75-003?wid=2048&hei=2867&fit=crop","https://media.mango.com/is/image/punto/27041264-75-004?wid=2048&hei=2867&fit=crop","Default","Size","XL","100-COTTON-T-SHIRT-REGULAR-FIT-112-XL",100,TRUE,FALSE,1992
"100-cotton-t-shirt-regular-fit-112","100% cotton T-shirt regular fit","Premium quality T-shirt from Mango.","published","https://media.mango.com/is/image/punto/27041264-75-002?wid=2048&hei=2867&fit=crop","https://media.mango.com/is/image/punto/27041264-75-001?wid=2048&hei=2867&fit=crop","https://media.mango.com/is/image/punto/27041264-75-003?wid=2048&hei=2867&fit=crop","https://media.mango.com/is/image/punto/27041264-75-004?wid=2048&hei=2867&fit=crop","Default","Size","XXL","100-COTTON-T-SHIRT-REGULAR-FIT-112-XXL",100,TRUE,FALSE,1992
"slim-fit-ribbed-tank-top-113","Slim fit ribbed tank top","Premium quality T-shirt from Mango.","published","https://media.mango.com/is/image/punto/27027915-99-002?wid=2048&hei=2867&fit=crop","https://media.mango.com/is/image/punto/27027915-99-001?wid=2048&hei=2867&fit=crop","https://media.mango.com/is/image/punto/27027915-99-003?wid=2048&hei=2867&fit=crop","https://media.mango.com/is/image/punto/27027915-99-004?wid=2048&hei=2867&fit=crop","Default","Size","S","SLIM-FIT-RIBBED-TANK-TOP-113-S",100,TRUE,FALSE,3590
"slim-fit-ribbed-tank-top-113","Slim fit ribbed tank top","Premium quality T-shirt from Mango.","published","https://media.mango.com/is/image/punto/27027915-99-002?wid=2048&hei=2867&fit=crop","https://media.mango.com/is/image/punto/27027915-99-001?wid=2048&hei=2867&fit=crop","https://media.mango.com/is/image/punto/27027915-99-003?wid=2048&hei=2867&fit=crop","https://media.mango.com/is/image/punto/27027915-99-004?wid=2048&hei=2867&fit=crop","Default","Size","M","SLIM-FIT-RIBBED-TANK-TOP-113-M",100,TRUE,FALSE,3590
"slim-fit-ribbed-tank-top-113","Slim fit ribbed tank top","Premium quality T-shirt from Mango.","published","https://media.mango.com/is/image/punto/27027915-99-002?wid=2048&hei=2867&fit=crop","https://media.mango.com/is/image/punto/27027915-99-001?wid=2048&hei=2867&fit=crop","https://media.mango.com/is/image/punto/27027915-99-003?wid=2048&hei=2867&fit=crop","https://media.mango.com/is/image/punto/27027915-99-004?wid=2048&hei=2867&fit=crop","Default","Size","L","SLIM-FIT-RIBBED-TANK-TOP-113-L",100,TRUE,FALSE,3590
"slim-fit-ribbed-tank-top-113","Slim fit ribbed tank top","Premium quality T-shirt from Mango.","published","https://media.mango.com/is/image/punto/27027915-99-002?wid=2048&hei=2867&fit=crop","https://media.mango.com/is/image/punto/27027915-99-001?wid=2048&hei=2867&fit=crop","https://media.mango.com/is/image/punto/27027915-99-003?wid=2048&hei=2867&fit=crop","https://media.mango.com/is/image/punto/27027915-99-004?wid=2048&hei=2867&fit=crop","Default","Size","XL","SLIM-FIT-RIBBED-TANK-TOP-113-XL",100,TRUE,FALSE,3590
"slim-fit-ribbed-tank-top-113","Slim fit ribbed tank top","Premium quality T-shirt from Mango.","published","https://media.mango.com/is/image/punto/27027915-99-002?wid=2048&hei=2867&fit=crop","https://media.mango.com/is/image/punto/27027915-99-001?wid=2048&hei=2867&fit=crop","https://media.mango.com/is/image/punto/27027915-99-003?wid=2048&hei=2867&fit=crop","https://media.mango.com/is/image/punto/27027915-99-004?wid=2048&hei=2867&fit=crop","Default","Size","XXL","SLIM-FIT-RIBBED-TANK-TOP-113-XXL",100,TRUE,FALSE,3590
"100-cotton-t-shirt-regular-fit-114","100% cotton T-shirt regular fit","Premium quality T-shirt from Mango.","published","https://media.mango.com/is/image/punto/27041264-43-002?wid=2048&hei=2867&fit=crop","https://media.mango.com/is/image/punto/27041264-43-001?wid=2048&hei=2867&fit=crop","https://media.mango.com/is/image/punto/27041264-43-003?wid=2048&hei=2867&fit=crop","https://media.mango.com/is/image/punto/27041264-43-004?wid=2048&hei=2867&fit=crop","Default","Size","XS","100-COTTON-T-SHIRT-REGULAR-FIT-114-XS",100,TRUE,FALSE,1992
"100-cotton-t-shirt-regular-fit-114","100% cotton T-shirt regular fit","Premium quality T-shirt from Mango.","published","https://media.mango.com/is/image/punto/27041264-43-002?wid=2048&hei=2867&fit=crop","https://media.mango.com/is/image/punto/27041264-43-001?wid=2048&hei=2867&fit=crop","https://media.mango.com/is/image/punto/27041264-43-003?wid=2048&hei=2867&fit=crop","https://media.mango.com/is/image/punto/27041264-43-004?wid=2048&hei=2867&fit=crop","Default","Size","S","100-COTTON-T-SHIRT-REGULAR-FIT-114-S",100,TRUE,FALSE,1992
"100-cotton-t-shirt-regular-fit-114","100% cotton T-shirt regular fit","Premium quality T-shirt from Mango.","published","https://media.mango.com/is/image/punto/27041264-43-002?wid=2048&hei=2867&fit=crop","https://media.mango.com/is/image/punto/27041264-43-001?wid=2048&hei=2867&fit=crop","https://media.mango.com/is/image/punto/27041264-43-003?wid=2048&hei=2867&fit=crop","https://media.mango.com/is/image/punto/27041264-43-004?wid=2048&hei=2867&fit=crop","Default","Size","M","100-COTTON-T-SHIRT-REGULAR-FIT-114-M",100,TRUE,FALSE,1992
"100-cotton-t-shirt-regular-fit-114","100% cotton T-shirt regular fit","Premium quality T-shirt from Mango.","published","https://media.mango.com/is/image/punto/27041264-43-002?wid=2048&hei=2867&fit=crop","https://media.mango.com/is/image/punto/27041264-43-001?wid=2048&hei=2867&fit=crop","https://media.mango.com/is/image/punto/27041264-43-003?wid=2048&hei=2867&fit=crop","https://media.mango.com/is/image/punto/27041264-43-004?wid=2048&hei=2867&fit=crop","Default","Size","L","100-COTTON-T-SHIRT-REGULAR-FIT-114-L",100,TRUE,FALSE,1992
"100-cotton-t-shirt-regular-fit-114","100% cotton T-shirt regular fit","Premium quality T-shirt from Mango.","published","https://media.mango.com/is/image/punto/27041264-43-002?wid=2048&hei=2867&fit=crop","https://media.mango.com/is/image/punto/27041264-43-001?wid=2048&hei=2867&fit=crop","https://media.mango.com/is/image/punto/27041264-43-003?wid=2048&hei=2867&fit=crop","https://media.mango.com/is/image/punto/27041264-43-004?wid=2048&hei=2867&fit=crop","Default","Size","XL","100-COTTON-T-SHIRT-REGULAR-FIT-114-XL",100,TRUE,FALSE,1992
"100-cotton-t-shirt-regular-fit-114","100% cotton T-shirt regular fit","Premium quality T-shirt from Mango.","published","https://media.mango.com/is/image/punto/27041264-43-002?wid=2048&hei=2867&fit=crop","https://media.mango.com/is/image/punto/27041264-43-001?wid=2048&hei=2867&fit=crop","https://media.mango.com/is/image/punto/27041264-43-003?wid=2048&hei=2867&fit=crop","https://media.mango.com/is/image/punto/27041264-43-004?wid=2048&hei=2867&fit=crop","Default","Size","XXL","100-COTTON-T-SHIRT-REGULAR-FIT-114-XXL",100,TRUE,FALSE,1992
"coolmax-slim-fit-t-shirt-115","COOLMAX® slim fit T-shirt","Premium quality T-shirt from Mango.","published","https://media.mango.com/is/image/punto/27067909-70-002?wid=2048&hei=2867&fit=crop","https://media.mango.com/is/image/punto/27067909-70-001?wid=2048&hei=2867&fit=crop","https://media.mango.com/is/image/punto/27067909-70-003?wid=2048&hei=2867&fit=crop","https://media.mango.com/is/image/punto/27067909-70-004?wid=2048&hei=2867&fit=crop","Default","Size","XS","COOLMAX-SLIM-FIT-T-SHIRT-115-XS",100,TRUE,FALSE,3890
"coolmax-slim-fit-t-shirt-115","COOLMAX® slim fit T-shirt","Premium quality T-shirt from Mango.","published","https://media.mango.com/is/image/punto/27067909-70-002?wid=2048&hei=2867&fit=crop","https://media.mango.com/is/image/punto/27067909-70-001?wid=2048&hei=2867&fit=crop","https://media.mango.com/is/image/punto/27067909-70-003?wid=2048&hei=2867&fit=crop","https://media.mango.com/is/image/punto/27067909-70-004?wid=2048&hei=2867&fit=crop","Default","Size","S","COOLMAX-SLIM-FIT-T-SHIRT-115-S",100,TRUE,FALSE,3890
"coolmax-slim-fit-t-shirt-115","COOLMAX® slim fit T-shirt","Premium quality T-shirt from Mango.","published","https://media.mango.com/is/image/punto/27067909-70-002?wid=2048&hei=2867&fit=crop","https://media.mango.com/is/image/punto/27067909-70-001?wid=2048&hei=2867&fit=crop","https://media.mango.com/is/image/punto/27067909-70-003?wid=2048&hei=2867&fit=crop","https://media.mango.com/is/image/punto/27067909-70-004?wid=2048&hei=2867&fit=crop","Default","Size","M","COOLMAX-SLIM-FIT-T-SHIRT-115-M",100,TRUE,FALSE,3890
"coolmax-slim-fit-t-shirt-115","COOLMAX® slim fit T-shirt","Premium quality T-shirt from Mango.","published","https://media.mango.com/is/image/punto/27067909-70-002?wid=2048&hei=2867&fit=crop","https://media.mango.com/is/image/punto/27067909-70-001?wid=2048&hei=2867&fit=crop","https://media.mango.com/is/image/punto/27067909-70-003?wid=2048&hei=2867&fit=crop","https://media.mango.com/is/image/punto/27067909-70-004?wid=2048&hei=2867&fit=crop","Default","Size","L","COOLMAX-SLIM-FIT-T-SHIRT-115-L",100,TRUE,FALSE,3890
"coolmax-slim-fit-t-shirt-115","COOLMAX® slim fit T-shirt","Premium quality T-shirt from Mango.","published","https://media.mango.com/is/image/punto/27067909-70-002?wid=2048&hei=2867&fit=crop","https://media.mango.com/is/image/punto/27067909-70-001?wid=2048&hei=2867&fit=crop","https://media.mango.com/is/image/punto/27067909-70-003?wid=2048&hei=2867&fit=crop","https://media.mango.com/is/image/punto/27067909-70-004?wid=2048&hei=2867&fit=crop","Default","Size","XL","COOLMAX-SLIM-FIT-T-SHIRT-115-XL",100,TRUE,FALSE,3890
"coolmax-slim-fit-t-shirt-115","COOLMAX® slim fit T-shirt","Premium quality T-shirt from Mango.","published","https://media.mango.com/is/image/punto/27067909-70-002?wid=2048&hei=2867&fit=crop","https://media.mango.com/is/image/punto/27067909-70-001?wid=2048&hei=2867&fit=crop","https://media.mango.com/is/image/punto/27067909-70-003?wid=2048&hei=2867&fit=crop","https://media.mango.com/is/image/punto/27067909-70-004?wid=2048&hei=2867&fit=crop","Default","Size","XXL","COOLMAX-SLIM-FIT-T-SHIRT-115-XXL",100,TRUE,FALSE,3890
"slim-fit-comfort-stretch-coolmax-t-shirt-116","Slim fit comfort stretch Coolmax ® T-shirt","Premium quality T-shirt from Mango.","published","https://media.mango.com/is/image/punto/27034426-51-002?wid=2048&hei=2867&fit=crop","https://media.mango.com/is/image/punto/27034426-51-001?wid=2048&hei=2867&fit=crop","https://media.mango.com/is/image/punto/27034426-51-003?wid=2048&hei=2867&fit=crop","https://media.mango.com/is/image/punto/27034426-51-004?wid=2048&hei=2867&fit=crop","Default","Size","XS","SLIM-FIT-COMFORT-STRETCH-COOLMAX-T-SHIRT-116-XS",100,TRUE,FALSE,2334
"slim-fit-comfort-stretch-coolmax-t-shirt-116","Slim fit comfort stretch Coolmax ® T-shirt","Premium quality T-shirt from Mango.","published","https://media.mango.com/is/image/punto/27034426-51-002?wid=2048&hei=2867&fit=crop","https://media.mango.com/is/image/punto/27034426-51-001?wid=2048&hei=2867&fit=crop","https://media.mango.com/is/image/punto/27034426-51-003?wid=2048&hei=2867&fit=crop","https://media.mango.com/is/image/punto/27034426-51-004?wid=2048&hei=2867&fit=crop","Default","Size","S","SLIM-FIT-COMFORT-STRETCH-COOLMAX-T-SHIRT-116-S",100,TRUE,FALSE,2334
"slim-fit-comfort-stretch-coolmax-t-shirt-116","Slim fit comfort stretch Coolmax ® T-shirt","Premium quality T-shirt from Mango.","published","https://media.mango.com/is/image/punto/27034426-51-002?wid=2048&hei=2867&fit=crop","https://media.mango.com/is/image/punto/27034426-51-001?wid=2048&hei=2867&fit=crop","https://media.mango.com/is/image/punto/27034426-51-003?wid=2048&hei=2867&fit=crop","https://media.mango.com/is/image/punto/27034426-51-004?wid=2048&hei=2867&fit=crop","Default","Size","M","SLIM-FIT-COMFORT-STRETCH-COOLMAX-T-SHIRT-116-M",100,TRUE,FALSE,2334
"slim-fit-comfort-stretch-coolmax-t-shirt-116","Slim fit comfort stretch Coolmax ® T-shirt","Premium quality T-shirt from Mango.","published","https://media.mango.com/is/image/punto/27034426-51-002?wid=2048&hei=2867&fit=crop","https://media.mango.com/is/image/punto/27034426-51-001?wid=2048&hei=2867&fit=crop","https://media.mango.com/is/image/punto/27034426-51-003?wid=2048&hei=2867&fit=crop","https://media.mango.com/is/image/punto/27034426-51-004?wid=2048&hei=2867&fit=crop","Default","Size","L","SLIM-FIT-COMFORT-STRETCH-COOLMAX-T-SHIRT-116-L",100,TRUE,FALSE,2334
"slim-fit-comfort-stretch-coolmax-t-shirt-116","Slim fit comfort stretch Coolmax ® T-shirt","Premium quality T-shirt from Mango.","published","https://media.mango.com/is/image/punto/27034426-51-002?wid=2048&hei=2867&fit=crop","https://media.mango.com/is/image/punto/27034426-51-001?wid=2048&hei=2867&fit=crop","https://media.mango.com/is/image/punto/27034426-51-003?wid=2048&hei=2867&fit=crop","https://media.mango.com/is/image/punto/27034426-51-004?wid=2048&hei=2867&fit=crop","Default","Size","XL","SLIM-FIT-COMFORT-STRETCH-COOLMAX-T-SHIRT-116-XL",100,TRUE,FALSE,2334
"slim-fit-comfort-stretch-coolmax-t-shirt-116","Slim fit comfort stretch Coolmax ® T-shirt","Premium quality T-shirt from Mango.","published","https://media.mango.com/is/image/punto/27034426-51-002?wid=2048&hei=2867&fit=crop","https://media.mango.com/is/image/punto/27034426-51-001?wid=2048&hei=2867&fit=crop","https://media.mango.com/is/image/punto/27034426-51-003?wid=2048&hei=2867&fit=crop","https://media.mango.com/is/image/punto/27034426-51-004?wid=2048&hei=2867&fit=crop","Default","Size","XXL","SLIM-FIT-COMFORT-STRETCH-COOLMAX-T-SHIRT-116-XXL",100,TRUE,FALSE,2334
"100-cotton-t-shirt-text-117","100% cotton t-shirt text","Premium quality T-shirt from Mango.","published","https://media.mango.com/is/image/punto/27021241-50-002?wid=2048&hei=2867&fit=crop","https://media.mango.com/is/image/punto/27021241-50-001?wid=2048&hei=2867&fit=crop","https://media.mango.com/is/image/punto/27021241-50-003?wid=2048&hei=2867&fit=crop","https://media.mango.com/is/image/punto/27021241-50-004?wid=2048&hei=2867&fit=crop","Default","Size","XS","100-COTTON-T-SHIRT-TEXT-117-XS",100,TRUE,FALSE,2023
"100-cotton-t-shirt-text-117","100% cotton t-shirt text","Premium quality T-shirt from Mango.","published","https://media.mango.com/is/image/punto/27021241-50-002?wid=2048&hei=2867&fit=crop","https://media.mango.com/is/image/punto/27021241-50-001?wid=2048&hei=2867&fit=crop","https://media.mango.com/is/image/punto/27021241-50-003?wid=2048&hei=2867&fit=crop","https://media.mango.com/is/image/punto/27021241-50-004?wid=2048&hei=2867&fit=crop","Default","Size","S","100-COTTON-T-SHIRT-TEXT-117-S",100,TRUE,FALSE,2023
"100-cotton-t-shirt-text-117","100% cotton t-shirt text","Premium quality T-shirt from Mango.","published","https://media.mango.com/is/image/punto/27021241-50-002?wid=2048&hei=2867&fit=crop","https://media.mango.com/is/image/punto/27021241-50-001?wid=2048&hei=2867&fit=crop","https://media.mango.com/is/image/punto/27021241-50-003?wid=2048&hei=2867&fit=crop","https://media.mango.com/is/image/punto/27021241-50-004?wid=2048&hei=2867&fit=crop","Default","Size","M","100-COTTON-T-SHIRT-TEXT-117-M",100,TRUE,FALSE,2023
"100-cotton-t-shirt-text-117","100% cotton t-shirt text","Premium quality T-shirt from Mango.","published","https://media.mango.com/is/image/punto/27021241-50-002?wid=2048&hei=2867&fit=crop","https://media.mango.com/is/image/punto/27021241-50-001?wid=2048&hei=2867&fit=crop","https://media.mango.com/is/image/punto/27021241-50-003?wid=2048&hei=2867&fit=crop","https://media.mango.com/is/image/punto/27021241-50-004?wid=2048&hei=2867&fit=crop","Default","Size","L","100-COTTON-T-SHIRT-TEXT-117-L",100,TRUE,FALSE,2023
"100-cotton-t-shirt-text-117","100% cotton t-shirt text","Premium quality T-shirt from Mango.","published","https://media.mango.com/is/image/punto/27021241-50-002?wid=2048&hei=2867&fit=crop","https://media.mango.com/is/image/punto/27021241-50-001?wid=2048&hei=2867&fit=crop","https://media.mango.com/is/image/punto/27021241-50-003?wid=2048&hei=2867&fit=crop","https://media.mango.com/is/image/punto/27021241-50-004?wid=2048&hei=2867&fit=crop","Default","Size","XL","100-COTTON-T-SHIRT-TEXT-117-XL",100,TRUE,FALSE,2023
"100-cotton-t-shirt-text-117","100% cotton t-shirt text","Premium quality T-shirt from Mango.","published","https://media.mango.com/is/image/punto/27021241-50-002?wid=2048&hei=2867&fit=crop","https://media.mango.com/is/image/punto/27021241-50-001?wid=2048&hei=2867&fit=crop","https://media.mango.com/is/image/punto/27021241-50-003?wid=2048&hei=2867&fit=crop","https://media.mango.com/is/image/punto/27021241-50-004?wid=2048&hei=2867&fit=crop","Default","Size","XXL","100-COTTON-T-SHIRT-TEXT-117-XXL",100,TRUE,FALSE,2023
"slim-fit-short-sleeved-t-shirt-118","Slim-fit short-sleeved t-shirt","Premium quality T-shirt from Mango.","published","https://media.mango.com/is/image/punto/27021243-70-002?wid=2048&hei=2867&fit=crop","https://media.mango.com/is/image/punto/27021243-70-001?wid=2048&hei=2867&fit=crop","https://media.mango.com/is/image/punto/27021243-70-003?wid=2048&hei=2867&fit=crop","https://media.mango.com/is/image/punto/27021243-70-004?wid=2048&hei=2867&fit=crop","Default","Size","XS","SLIM-FIT-SHORT-SLEEVED-T-SHIRT-118-XS",100,TRUE,FALSE,1043
"slim-fit-short-sleeved-t-shirt-118","Slim-fit short-sleeved t-shirt","Premium quality T-shirt from Mango.","published","https://media.mango.com/is/image/punto/27021243-70-002?wid=2048&hei=2867&fit=crop","https://media.mango.com/is/image/punto/27021243-70-001?wid=2048&hei=2867&fit=crop","https://media.mango.com/is/image/punto/27021243-70-003?wid=2048&hei=2867&fit=crop","https://media.mango.com/is/image/punto/27021243-70-004?wid=2048&hei=2867&fit=crop","Default","Size","S","SLIM-FIT-SHORT-SLEEVED-T-SHIRT-118-S",100,TRUE,FALSE,1043
"slim-fit-short-sleeved-t-shirt-118","Slim-fit short-sleeved t-shirt","Premium quality T-shirt from Mango.","published","https://media.mango.com/is/image/punto/27021243-70-002?wid=2048&hei=2867&fit=crop","https://media.mango.com/is/image/punto/27021243-70-001?wid=2048&hei=2867&fit=crop","https://media.mango.com/is/image/punto/27021243-70-003?wid=2048&hei=2867&fit=crop","https://media.mango.com/is/image/punto/27021243-70-004?wid=2048&hei=2867&fit=crop","Default","Size","M","SLIM-FIT-SHORT-SLEEVED-T-SHIRT-118-M",100,TRUE,FALSE,1043
"slim-fit-short-sleeved-t-shirt-118","Slim-fit short-sleeved t-shirt","Premium quality T-shirt from Mango.","published","https://media.mango.com/is/image/punto/27021243-70-002?wid=2048&hei=2867&fit=crop","https://media.mango.com/is/image/punto/27021243-70-001?wid=2048&hei=2867&fit=crop","https://media.mango.com/is/image/punto/27021243-70-003?wid=2048&hei=2867&fit=crop","https://media.mango.com/is/image/punto/27021243-70-004?wid=2048&hei=2867&fit=crop","Default","Size","L","SLIM-FIT-SHORT-SLEEVED-T-SHIRT-118-L",100,TRUE,FALSE,1043
"slim-fit-short-sleeved-t-shirt-118","Slim-fit short-sleeved t-shirt","Premium quality T-shirt from Mango.","published","https://media.mango.com/is/image/punto/27021243-70-002?wid=2048&hei=2867&fit=crop","https://media.mango.com/is/image/punto/27021243-70-001?wid=2048&hei=2867&fit=crop","https://media.mango.com/is/image/punto/27021243-70-003?wid=2048&hei=2867&fit=crop","https://media.mango.com/is/image/punto/27021243-70-004?wid=2048&hei=2867&fit=crop","Default","Size","XL","SLIM-FIT-SHORT-SLEEVED-T-SHIRT-118-XL",100,TRUE,FALSE,1043
"slim-fit-short-sleeved-t-shirt-118","Slim-fit short-sleeved t-shirt","Premium quality T-shirt from Mango.","published","https://media.mango.com/is/image/punto/27021243-70-002?wid=2048&hei=2867&fit=crop","https://media.mango.com/is/image/punto/27021243-70-001?wid=2048&hei=2867&fit=crop","https://media.mango.com/is/image/punto/27021243-70-003?wid=2048&hei=2867&fit=crop","https://media.mango.com/is/image/punto/27021243-70-004?wid=2048&hei=2867&fit=crop","Default","Size","XXL","SLIM-FIT-SHORT-SLEEVED-T-SHIRT-118-XXL",100,TRUE,FALSE,1043
"slim-fit-short-sleeved-t-shirt-119","Slim-fit short-sleeved t-shirt","Premium quality T-shirt from Mango.","published","https://media.mango.com/is/image/punto/27037911-49-002?wid=2048&hei=2867&fit=crop","https://media.mango.com/is/image/punto/27037911-49-001?wid=2048&hei=2867&fit=crop","https://media.mango.com/is/image/punto/27037911-49-003?wid=2048&hei=2867&fit=crop","https://media.mango.com/is/image/punto/27037911-49-004?wid=2048&hei=2867&fit=crop","Default","Size","XS","SLIM-FIT-SHORT-SLEEVED-T-SHIRT-119-XS",100,TRUE,FALSE,2303
"slim-fit-short-sleeved-t-shirt-119","Slim-fit short-sleeved t-shirt","Premium quality T-shirt from Mango.","published","https://media.mango.com/is/image/punto/27037911-49-002?wid=2048&hei=2867&fit=crop","https://media.mango.com/is/image/punto/27037911-49-001?wid=2048&hei=2867&fit=crop","https://media.mango.com/is/image/punto/27037911-49-003?wid=2048&hei=2867&fit=crop","https://media.mango.com/is/image/punto/27037911-49-004?wid=2048&hei=2867&fit=crop","Default","Size","S","SLIM-FIT-SHORT-SLEEVED-T-SHIRT-119-S",100,TRUE,FALSE,2303
"slim-fit-short-sleeved-t-shirt-119","Slim-fit short-sleeved t-shirt","Premium quality T-shirt from Mango.","published","https://media.mango.com/is/image/punto/27037911-49-002?wid=2048&hei=2867&fit=crop","https://media.mango.com/is/image/punto/27037911-49-001?wid=2048&hei=2867&fit=crop","https://media.mango.com/is/image/punto/27037911-49-003?wid=2048&hei=2867&fit=crop","https://media.mango.com/is/image/punto/27037911-49-004?wid=2048&hei=2867&fit=crop","Default","Size","M","SLIM-FIT-SHORT-SLEEVED-T-SHIRT-119-M",100,TRUE,FALSE,2303
"slim-fit-short-sleeved-t-shirt-119","Slim-fit short-sleeved t-shirt","Premium quality T-shirt from Mango.","published","https://media.mango.com/is/image/punto/27037911-49-002?wid=2048&hei=2867&fit=crop","https://media.mango.com/is/image/punto/27037911-49-001?wid=2048&hei=2867&fit=crop","https://media.mango.com/is/image/punto/27037911-49-003?wid=2048&hei=2867&fit=crop","https://media.mango.com/is/image/punto/27037911-49-004?wid=2048&hei=2867&fit=crop","Default","Size","L","SLIM-FIT-SHORT-SLEEVED-T-SHIRT-119-L",100,TRUE,FALSE,2303
"slim-fit-short-sleeved-t-shirt-119","Slim-fit short-sleeved t-shirt","Premium quality T-shirt from Mango.","published","https://media.mango.com/is/image/punto/27037911-49-002?wid=2048&hei=2867&fit=crop","https://media.mango.com/is/image/punto/27037911-49-001?wid=2048&hei=2867&fit=crop","https://media.mango.com/is/image/punto/27037911-49-003?wid=2048&hei=2867&fit=crop","https://media.mango.com/is/image/punto/27037911-49-004?wid=2048&hei=2867&fit=crop","Default","Size","XL","SLIM-FIT-SHORT-SLEEVED-T-SHIRT-119-XL",100,TRUE,FALSE,2303
"slim-fit-short-sleeved-t-shirt-119","Slim-fit short-sleeved t-shirt","Premium quality T-shirt from Mango.","published","https://media.mango.com/is/image/punto/27037911-49-002?wid=2048&hei=2867&fit=crop","https://media.mango.com/is/image/punto/27037911-49-001?wid=2048&hei=2867&fit=crop","https://media.mango.com/is/image/punto/27037911-49-003?wid=2048&hei=2867&fit=crop","https://media.mango.com/is/image/punto/27037911-49-004?wid=2048&hei=2867&fit=crop","Default","Size","XXL","SLIM-FIT-SHORT-SLEEVED-T-SHIRT-119-XXL",100,TRUE,FALSE,2303
"coolmax-slim-fit-t-shirt-120","COOLMAX® slim fit T-shirt","Premium quality T-shirt from Mango.","published","https://media.mango.com/is/image/punto/27067909-50-002?wid=2048&hei=2867&fit=crop","https://media.mango.com/is/image/punto/27067909-50-001?wid=2048&hei=2867&fit=crop","https://media.mango.com/is/image/punto/27067909-50-003?wid=2048&hei=2867&fit=crop","https://media.mango.com/is/image/punto/27067909-50-004?wid=2048&hei=2867&fit=crop","Default","Size","XS","COOLMAX-SLIM-FIT-T-SHIRT-120-XS",100,TRUE,FALSE,3890
"coolmax-slim-fit-t-shirt-120","COOLMAX® slim fit T-shirt","Premium quality T-shirt from Mango.","published","https://media.mango.com/is/image/punto/27067909-50-002?wid=2048&hei=2867&fit=crop","https://media.mango.com/is/image/punto/27067909-50-001?wid=2048&hei=2867&fit=crop","https://media.mango.com/is/image/punto/27067909-50-003?wid=2048&hei=2867&fit=crop","https://media.mango.com/is/image/punto/27067909-50-004?wid=2048&hei=2867&fit=crop","Default","Size","S","COOLMAX-SLIM-FIT-T-SHIRT-120-S",100,TRUE,FALSE,3890
"coolmax-slim-fit-t-shirt-120","COOLMAX® slim fit T-shirt","Premium quality T-shirt from Mango.","published","https://media.mango.com/is/image/punto/27067909-50-002?wid=2048&hei=2867&fit=crop","https://media.mango.com/is/image/punto/27067909-50-001?wid=2048&hei=2867&fit=crop","https://media.mango.com/is/image/punto/27067909-50-003?wid=2048&hei=2867&fit=crop","https://media.mango.com/is/image/punto/27067909-50-004?wid=2048&hei=2867&fit=crop","Default","Size","M","COOLMAX-SLIM-FIT-T-SHIRT-120-M",100,TRUE,FALSE,3890
"coolmax-slim-fit-t-shirt-120","COOLMAX® slim fit T-shirt","Premium quality T-shirt from Mango.","published","https://media.mango.com/is/image/punto/27067909-50-002?wid=2048&hei=2867&fit=crop","https://media.mango.com/is/image/punto/27067909-50-001?wid=2048&hei=2867&fit=crop","https://media.mango.com/is/image/punto/27067909-50-003?wid=2048&hei=2867&fit=crop","https://media.mango.com/is/image/punto/27067909-50-004?wid=2048&hei=2867&fit=crop","Default","Size","L","COOLMAX-SLIM-FIT-T-SHIRT-120-L",100,TRUE,FALSE,3890
"coolmax-slim-fit-t-shirt-120","COOLMAX® slim fit T-shirt","Premium quality T-shirt from Mango.","published","https://media.mango.com/is/image/punto/27067909-50-002?wid=2048&hei=2867&fit=crop","https://media.mango.com/is/image/punto/27067909-50-001?wid=2048&hei=2867&fit=crop","https://media.mango.com/is/image/punto/27067909-50-003?wid=2048&hei=2867&fit=crop","https://media.mango.com/is/image/punto/27067909-50-004?wid=2048&hei=2867&fit=crop","Default","Size","XL","COOLMAX-SLIM-FIT-T-SHIRT-120-XL",100,TRUE,FALSE,3890
"coolmax-slim-fit-t-shirt-120","COOLMAX® slim fit T-shirt","Premium quality T-shirt from Mango.","published","https://media.mango.com/is/image/punto/27067909-50-002?wid=2048&hei=2867&fit=crop","https://media.mango.com/is/image/punto/27067909-50-001?wid=2048&hei=2867&fit=crop","https://media.mango.com/is/image/punto/27067909-50-003?wid=2048&hei=2867&fit=crop","https://media.mango.com/is/image/punto/27067909-50-004?wid=2048&hei=2867&fit=crop","Default","Size","XXL","COOLMAX-SLIM-FIT-T-SHIRT-120-XXL",100,TRUE,FALSE,3890
"100-cotton-t-shirt-with-embroidered-graphic-pocket-121","100% cotton T-shirt with embroidered graphic pocket","Premium quality T-shirt from Mango.","published","https://media.mango.com/is/image/punto/27036000-01-002?wid=2048&hei=2867&fit=crop","https://media.mango.com/is/image/punto/27036000-01-001?wid=2048&hei=2867&fit=crop","https://media.mango.com/is/image/punto/27036000-01-003?wid=2048&hei=2867&fit=crop","https://media.mango.com/is/image/punto/27036000-01-004?wid=2048&hei=2867&fit=crop","Default","Size","XS","100-COTTON-T-SHIRT-WITH-EMBROIDERED-GRAPHIC-POCKET-121-XS",100,TRUE,FALSE,2640
"100-cotton-t-shirt-with-embroidered-graphic-pocket-121","100% cotton T-shirt with embroidered graphic pocket","Premium quality T-shirt from Mango.","published","https://media.mango.com/is/image/punto/27036000-01-002?wid=2048&hei=2867&fit=crop","https://media.mango.com/is/image/punto/27036000-01-001?wid=2048&hei=2867&fit=crop","https://media.mango.com/is/image/punto/27036000-01-003?wid=2048&hei=2867&fit=crop","https://media.mango.com/is/image/punto/27036000-01-004?wid=2048&hei=2867&fit=crop","Default","Size","S","100-COTTON-T-SHIRT-WITH-EMBROIDERED-GRAPHIC-POCKET-121-S",100,TRUE,FALSE,2640
"100-cotton-t-shirt-with-embroidered-graphic-pocket-121","100% cotton T-shirt with embroidered graphic pocket","Premium quality T-shirt from Mango.","published","https://media.mango.com/is/image/punto/27036000-01-002?wid=2048&hei=2867&fit=crop","https://media.mango.com/is/image/punto/27036000-01-001?wid=2048&hei=2867&fit=crop","https://media.mango.com/is/image/punto/27036000-01-003?wid=2048&hei=2867&fit=crop","https://media.mango.com/is/image/punto/27036000-01-004?wid=2048&hei=2867&fit=crop","Default","Size","M","100-COTTON-T-SHIRT-WITH-EMBROIDERED-GRAPHIC-POCKET-121-M",100,TRUE,FALSE,2640
"100-cotton-t-shirt-with-embroidered-graphic-pocket-121","100% cotton T-shirt with embroidered graphic pocket","Premium quality T-shirt from Mango.","published","https://media.mango.com/is/image/punto/27036000-01-002?wid=2048&hei=2867&fit=crop","https://media.mango.com/is/image/punto/27036000-01-001?wid=2048&hei=2867&fit=crop","https://media.mango.com/is/image/punto/27036000-01-003?wid=2048&hei=2867&fit=crop","https://media.mango.com/is/image/punto/27036000-01-004?wid=2048&hei=2867&fit=crop","Default","Size","L","100-COTTON-T-SHIRT-WITH-EMBROIDERED-GRAPHIC-POCKET-121-L",100,TRUE,FALSE,2640
"100-cotton-t-shirt-with-embroidered-graphic-pocket-121","100% cotton T-shirt with embroidered graphic pocket","Premium quality T-shirt from Mango.","published","https://media.mango.com/is/image/punto/27036000-01-002?wid=2048&hei=2867&fit=crop","https://media.mango.com/is/image/punto/27036000-01-001?wid=2048&hei=2867&fit=crop","https://media.mango.com/is/image/punto/27036000-01-003?wid=2048&hei=2867&fit=crop","https://media.mango.com/is/image/punto/27036000-01-004?wid=2048&hei=2867&fit=crop","Default","Size","XL","100-COTTON-T-SHIRT-WITH-EMBROIDERED-GRAPHIC-POCKET-121-XL",100,TRUE,FALSE,2640
"100-cotton-t-shirt-with-embroidered-graphic-pocket-121","100% cotton T-shirt with embroidered graphic pocket","Premium quality T-shirt from Mango.","published","https://media.mango.com/is/image/punto/27036000-01-002?wid=2048&hei=2867&fit=crop","https://media.mango.com/is/image/punto/27036000-01-001?wid=2048&hei=2867&fit=crop","https://media.mango.com/is/image/punto/27036000-01-003?wid=2048&hei=2867&fit=crop","https://media.mango.com/is/image/punto/27036000-01-004?wid=2048&hei=2867&fit=crop","Default","Size","XXL","100-COTTON-T-SHIRT-WITH-EMBROIDERED-GRAPHIC-POCKET-121-XXL",100,TRUE,FALSE,2640
"slim-fit-comfort-stretch-coolmax-t-shirt-122","Slim fit comfort stretch Coolmax ® T-shirt","Premium quality T-shirt from Mango.","published","https://media.mango.com/is/image/punto/27064425-97-002?wid=2048&hei=2867&fit=crop","https://media.mango.com/is/image/punto/27064425-97-001?wid=2048&hei=2867&fit=crop","https://media.mango.com/is/image/punto/27064425-97-003?wid=2048&hei=2867&fit=crop","https://media.mango.com/is/image/punto/27064425-97-004?wid=2048&hei=2867&fit=crop","Default","Size","XS","SLIM-FIT-COMFORT-STRETCH-COOLMAX-T-SHIRT-122-XS",100,TRUE,FALSE,2334
"slim-fit-comfort-stretch-coolmax-t-shirt-122","Slim fit comfort stretch Coolmax ® T-shirt","Premium quality T-shirt from Mango.","published","https://media.mango.com/is/image/punto/27064425-97-002?wid=2048&hei=2867&fit=crop","https://media.mango.com/is/image/punto/27064425-97-001?wid=2048&hei=2867&fit=crop","https://media.mango.com/is/image/punto/27064425-97-003?wid=2048&hei=2867&fit=crop","https://media.mango.com/is/image/punto/27064425-97-004?wid=2048&hei=2867&fit=crop","Default","Size","S","SLIM-FIT-COMFORT-STRETCH-COOLMAX-T-SHIRT-122-S",100,TRUE,FALSE,2334
"slim-fit-comfort-stretch-coolmax-t-shirt-122","Slim fit comfort stretch Coolmax ® T-shirt","Premium quality T-shirt from Mango.","published","https://media.mango.com/is/image/punto/27064425-97-002?wid=2048&hei=2867&fit=crop","https://media.mango.com/is/image/punto/27064425-97-001?wid=2048&hei=2867&fit=crop","https://media.mango.com/is/image/punto/27064425-97-003?wid=2048&hei=2867&fit=crop","https://media.mango.com/is/image/punto/27064425-97-004?wid=2048&hei=2867&fit=crop","Default","Size","M","SLIM-FIT-COMFORT-STRETCH-COOLMAX-T-SHIRT-122-M",100,TRUE,FALSE,2334
"slim-fit-comfort-stretch-coolmax-t-shirt-122","Slim fit comfort stretch Coolmax ® T-shirt","Premium quality T-shirt from Mango.","published","https://media.mango.com/is/image/punto/27064425-97-002?wid=2048&hei=2867&fit=crop","https://media.mango.com/is/image/punto/27064425-97-001?wid=2048&hei=2867&fit=crop","https://media.mango.com/is/image/punto/27064425-97-003?wid=2048&hei=2867&fit=crop","https://media.mango.com/is/image/punto/27064425-97-004?wid=2048&hei=2867&fit=crop","Default","Size","L","SLIM-FIT-COMFORT-STRETCH-COOLMAX-T-SHIRT-122-L",100,TRUE,FALSE,2334
"slim-fit-comfort-stretch-coolmax-t-shirt-122","Slim fit comfort stretch Coolmax ® T-shirt","Premium quality T-shirt from Mango.","published","https://media.mango.com/is/image/punto/27064425-97-002?wid=2048&hei=2867&fit=crop","https://media.mango.com/is/image/punto/27064425-97-001?wid=2048&hei=2867&fit=crop","https://media.mango.com/is/image/punto/27064425-97-003?wid=2048&hei=2867&fit=crop","https://media.mango.com/is/image/punto/27064425-97-004?wid=2048&hei=2867&fit=crop","Default","Size","XL","SLIM-FIT-COMFORT-STRETCH-COOLMAX-T-SHIRT-122-XL",100,TRUE,FALSE,2334
"slim-fit-comfort-stretch-coolmax-t-shirt-122","Slim fit comfort stretch Coolmax ® T-shirt","Premium quality T-shirt from Mango.","published","https://media.mango.com/is/image/punto/27064425-97-002?wid=2048&hei=2867&fit=crop","https://media.mango.com/is/image/punto/27064425-97-001?wid=2048&hei=2867&fit=crop","https://media.mango.com/is/image/punto/27064425-97-003?wid=2048&hei=2867&fit=crop","https://media.mango.com/is/image/punto/27064425-97-004?wid=2048&hei=2867&fit=crop","Default","Size","XXL","SLIM-FIT-COMFORT-STRETCH-COOLMAX-T-SHIRT-122-XXL",100,TRUE,FALSE,2334
"100-cotton-striped-jersey-t-shirt-123","100% cotton striped jersey T-shirt","Premium quality T-shirt from Mango.","published","https://media.mango.com/is/image/punto/27047914-08-002?wid=2048&hei=2867&fit=crop","https://media.mango.com/is/image/punto/27047914-08-001?wid=2048&hei=2867&fit=crop","https://media.mango.com/is/image/punto/27047914-08-003?wid=2048&hei=2867&fit=crop","https://media.mango.com/is/image/punto/27047914-08-004?wid=2048&hei=2867&fit=crop","Default","Size","S","100-COTTON-STRIPED-JERSEY-T-SHIRT-123-S",100,TRUE,FALSE,2334
"100-cotton-striped-jersey-t-shirt-123","100% cotton striped jersey T-shirt","Premium quality T-shirt from Mango.","published","https://media.mango.com/is/image/punto/27047914-08-002?wid=2048&hei=2867&fit=crop","https://media.mango.com/is/image/punto/27047914-08-001?wid=2048&hei=2867&fit=crop","https://media.mango.com/is/image/punto/27047914-08-003?wid=2048&hei=2867&fit=crop","https://media.mango.com/is/image/punto/27047914-08-004?wid=2048&hei=2867&fit=crop","Default","Size","M","100-COTTON-STRIPED-JERSEY-T-SHIRT-123-M",100,TRUE,FALSE,2334
"100-cotton-striped-jersey-t-shirt-123","100% cotton striped jersey T-shirt","Premium quality T-shirt from Mango.","published","https://media.mango.com/is/image/punto/27047914-08-002?wid=2048&hei=2867&fit=crop","https://media.mango.com/is/image/punto/27047914-08-001?wid=2048&hei=2867&fit=crop","https://media.mango.com/is/image/punto/27047914-08-003?wid=2048&hei=2867&fit=crop","https://media.mango.com/is/image/punto/27047914-08-004?wid=2048&hei=2867&fit=crop","Default","Size","L","100-COTTON-STRIPED-JERSEY-T-SHIRT-123-L",100,TRUE,FALSE,2334
"100-cotton-striped-jersey-t-shirt-123","100% cotton striped jersey T-shirt","Premium quality T-shirt from Mango.","published","https://media.mango.com/is/image/punto/27047914-08-002?wid=2048&hei=2867&fit=crop","https://media.mango.com/is/image/punto/27047914-08-001?wid=2048&hei=2867&fit=crop","https://media.mango.com/is/image/punto/27047914-08-003?wid=2048&hei=2867&fit=crop","https://media.mango.com/is/image/punto/27047914-08-004?wid=2048&hei=2867&fit=crop","Default","Size","XL","100-COTTON-STRIPED-JERSEY-T-SHIRT-123-XL",100,TRUE,FALSE,2334
"100-cotton-striped-jersey-t-shirt-123","100% cotton striped jersey T-shirt","Premium quality T-shirt from Mango.","published","https://media.mango.com/is/image/punto/27047914-08-002?wid=2048&hei=2867&fit=crop","https://media.mango.com/is/image/punto/27047914-08-001?wid=2048&hei=2867&fit=crop","https://media.mango.com/is/image/punto/27047914-08-003?wid=2048&hei=2867&fit=crop","https://media.mango.com/is/image/punto/27047914-08-004?wid=2048&hei=2867&fit=crop","Default","Size","XXL","100-COTTON-STRIPED-JERSEY-T-SHIRT-123-XXL",100,TRUE,FALSE,2334
"100-cotton-t-shirt-regular-fit-124","100% cotton T-shirt regular fit","Premium quality T-shirt from Mango.","published","https://media.mango.com/is/image/punto/27045964-56-002?wid=2048&hei=2867&fit=crop","https://media.mango.com/is/image/punto/27045964-56-001?wid=2048&hei=2867&fit=crop","https://media.mango.com/is/image/punto/27045964-56-003?wid=2048&hei=2867&fit=crop","https://media.mango.com/is/image/punto/27045964-56-004?wid=2048&hei=2867&fit=crop","Default","Size","XS","100-COTTON-T-SHIRT-REGULAR-FIT-124-XS",100,TRUE,FALSE,2303
"100-cotton-t-shirt-regular-fit-124","100% cotton T-shirt regular fit","Premium quality T-shirt from Mango.","published","https://media.mango.com/is/image/punto/27045964-56-002?wid=2048&hei=2867&fit=crop","https://media.mango.com/is/image/punto/27045964-56-001?wid=2048&hei=2867&fit=crop","https://media.mango.com/is/image/punto/27045964-56-003?wid=2048&hei=2867&fit=crop","https://media.mango.com/is/image/punto/27045964-56-004?wid=2048&hei=2867&fit=crop","Default","Size","S","100-COTTON-T-SHIRT-REGULAR-FIT-124-S",100,TRUE,FALSE,2303
"100-cotton-t-shirt-regular-fit-124","100% cotton T-shirt regular fit","Premium quality T-shirt from Mango.","published","https://media.mango.com/is/image/punto/27045964-56-002?wid=2048&hei=2867&fit=crop","https://media.mango.com/is/image/punto/27045964-56-001?wid=2048&hei=2867&fit=crop","https://media.mango.com/is/image/punto/27045964-56-003?wid=2048&hei=2867&fit=crop","https://media.mango.com/is/image/punto/27045964-56-004?wid=2048&hei=2867&fit=crop","Default","Size","M","100-COTTON-T-SHIRT-REGULAR-FIT-124-M",100,TRUE,FALSE,2303
"100-cotton-t-shirt-regular-fit-124","100% cotton T-shirt regular fit","Premium quality T-shirt from Mango.","published","https://media.mango.com/is/image/punto/27045964-56-002?wid=2048&hei=2867&fit=crop","https://media.mango.com/is/image/punto/27045964-56-001?wid=2048&hei=2867&fit=crop","https://media.mango.com/is/image/punto/27045964-56-003?wid=2048&hei=2867&fit=crop","https://media.mango.com/is/image/punto/27045964-56-004?wid=2048&hei=2867&fit=crop","Default","Size","L","100-COTTON-T-SHIRT-REGULAR-FIT-124-L",100,TRUE,FALSE,2303
"100-cotton-t-shirt-regular-fit-124","100% cotton T-shirt regular fit","Premium quality T-shirt from Mango.","published","https://media.mango.com/is/image/punto/27045964-56-002?wid=2048&hei=2867&fit=crop","https://media.mango.com/is/image/punto/27045964-56-001?wid=2048&hei=2867&fit=crop","https://media.mango.com/is/image/punto/27045964-56-003?wid=2048&hei=2867&fit=crop","https://media.mango.com/is/image/punto/27045964-56-004?wid=2048&hei=2867&fit=crop","Default","Size","XL","100-COTTON-T-SHIRT-REGULAR-FIT-124-XL",100,TRUE,FALSE,2303
"100-cotton-t-shirt-regular-fit-124","100% cotton T-shirt regular fit","Premium quality T-shirt from Mango.","published","https://media.mango.com/is/image/punto/27045964-56-002?wid=2048&hei=2867&fit=crop","https://media.mango.com/is/image/punto/27045964-56-001?wid=2048&hei=2867&fit=crop","https://media.mango.com/is/image/punto/27045964-56-003?wid=2048&hei=2867&fit=crop","https://media.mango.com/is/image/punto/27045964-56-004?wid=2048&hei=2867&fit=crop","Default","Size","XXL","100-COTTON-T-SHIRT-REGULAR-FIT-124-XXL",100,TRUE,FALSE,2303
"regular-fit-striped-t-shirt-125","Regular fit striped T-shirt","Premium quality T-shirt from Mango.","published","https://media.mango.com/is/image/punto/27075987-56-002?wid=2048&hei=2867&fit=crop","https://media.mango.com/is/image/punto/27075987-56-001?wid=2048&hei=2867&fit=crop","https://media.mango.com/is/image/punto/27075987-56-003?wid=2048&hei=2867&fit=crop","https://media.mango.com/is/image/punto/27075987-56-004?wid=2048&hei=2867&fit=crop","Default","Size","XS","REGULAR-FIT-STRIPED-T-SHIRT-125-XS",100,TRUE,FALSE,2990
"regular-fit-striped-t-shirt-125","Regular fit striped T-shirt","Premium quality T-shirt from Mango.","published","https://media.mango.com/is/image/punto/27075987-56-002?wid=2048&hei=2867&fit=crop","https://media.mango.com/is/image/punto/27075987-56-001?wid=2048&hei=2867&fit=crop","https://media.mango.com/is/image/punto/27075987-56-003?wid=2048&hei=2867&fit=crop","https://media.mango.com/is/image/punto/27075987-56-004?wid=2048&hei=2867&fit=crop","Default","Size","S","REGULAR-FIT-STRIPED-T-SHIRT-125-S",100,TRUE,FALSE,2990
"regular-fit-striped-t-shirt-125","Regular fit striped T-shirt","Premium quality T-shirt from Mango.","published","https://media.mango.com/is/image/punto/27075987-56-002?wid=2048&hei=2867&fit=crop","https://media.mango.com/is/image/punto/27075987-56-001?wid=2048&hei=2867&fit=crop","https://media.mango.com/is/image/punto/27075987-56-003?wid=2048&hei=2867&fit=crop","https://media.mango.com/is/image/punto/27075987-56-004?wid=2048&hei=2867&fit=crop","Default","Size","M","REGULAR-FIT-STRIPED-T-SHIRT-125-M",100,TRUE,FALSE,2990
"regular-fit-striped-t-shirt-125","Regular fit striped T-shirt","Premium quality T-shirt from Mango.","published","https://media.mango.com/is/image/punto/27075987-56-002?wid=2048&hei=2867&fit=crop","https://media.mango.com/is/image/punto/27075987-56-001?wid=2048&hei=2867&fit=crop","https://media.mango.com/is/image/punto/27075987-56-003?wid=2048&hei=2867&fit=crop","https://media.mango.com/is/image/punto/27075987-56-004?wid=2048&hei=2867&fit=crop","Default","Size","L","REGULAR-FIT-STRIPED-T-SHIRT-125-L",100,TRUE,FALSE,2990
"regular-fit-striped-t-shirt-125","Regular fit striped T-shirt","Premium quality T-shirt from Mango.","published","https://media.mango.com/is/image/punto/27075987-56-002?wid=2048&hei=2867&fit=crop","https://media.mango.com/is/image/punto/27075987-56-001?wid=2048&hei=2867&fit=crop","https://media.mango.com/is/image/punto/27075987-56-003?wid=2048&hei=2867&fit=crop","https://media.mango.com/is/image/punto/27075987-56-004?wid=2048&hei=2867&fit=crop","Default","Size","XL","REGULAR-FIT-STRIPED-T-SHIRT-125-XL",100,TRUE,FALSE,2990
"regular-fit-striped-t-shirt-125","Regular fit striped T-shirt","Premium quality T-shirt from Mango.","published","https://media.mango.com/is/image/punto/27075987-56-002?wid=2048&hei=2867&fit=crop","https://media.mango.com/is/image/punto/27075987-56-001?wid=2048&hei=2867&fit=crop","https://media.mango.com/is/image/punto/27075987-56-003?wid=2048&hei=2867&fit=crop","https://media.mango.com/is/image/punto/27075987-56-004?wid=2048&hei=2867&fit=crop","Default","Size","XXL","REGULAR-FIT-STRIPED-T-SHIRT-125-XXL",100,TRUE,FALSE,2990
"cotton-fine-knit-t-shirt-126","Cotton fine-knit t-shirt","Premium quality T-shirt from Mango.","published","https://media.mango.com/is/image/punto/27037918-56-002?wid=2048&hei=2867&fit=crop","https://media.mango.com/is/image/punto/27037918-56-001?wid=2048&hei=2867&fit=crop","https://media.mango.com/is/image/punto/27037918-56-003?wid=2048&hei=2867&fit=crop","https://media.mango.com/is/image/punto/27037918-56-004?wid=2048&hei=2867&fit=crop","Default","Size","S","COTTON-FINE-KNIT-T-SHIRT-126-S",100,TRUE,FALSE,5540
"cotton-fine-knit-t-shirt-126","Cotton fine-knit t-shirt","Premium quality T-shirt from Mango.","published","https://media.mango.com/is/image/punto/27037918-56-002?wid=2048&hei=2867&fit=crop","https://media.mango.com/is/image/punto/27037918-56-001?wid=2048&hei=2867&fit=crop","https://media.mango.com/is/image/punto/27037918-56-003?wid=2048&hei=2867&fit=crop","https://media.mango.com/is/image/punto/27037918-56-004?wid=2048&hei=2867&fit=crop","Default","Size","M","COTTON-FINE-KNIT-T-SHIRT-126-M",100,TRUE,FALSE,5540
"cotton-fine-knit-t-shirt-126","Cotton fine-knit t-shirt","Premium quality T-shirt from Mango.","published","https://media.mango.com/is/image/punto/27037918-56-002?wid=2048&hei=2867&fit=crop","https://media.mango.com/is/image/punto/27037918-56-001?wid=2048&hei=2867&fit=crop","https://media.mango.com/is/image/punto/27037918-56-003?wid=2048&hei=2867&fit=crop","https://media.mango.com/is/image/punto/27037918-56-004?wid=2048&hei=2867&fit=crop","Default","Size","L","COTTON-FINE-KNIT-T-SHIRT-126-L",100,TRUE,FALSE,5540
"cotton-fine-knit-t-shirt-126","Cotton fine-knit t-shirt","Premium quality T-shirt from Mango.","published","https://media.mango.com/is/image/punto/27037918-56-002?wid=2048&hei=2867&fit=crop","https://media.mango.com/is/image/punto/27037918-56-001?wid=2048&hei=2867&fit=crop","https://media.mango.com/is/image/punto/27037918-56-003?wid=2048&hei=2867&fit=crop","https://media.mango.com/is/image/punto/27037918-56-004?wid=2048&hei=2867&fit=crop","Default","Size","XL","COTTON-FINE-KNIT-T-SHIRT-126-XL",100,TRUE,FALSE,5540
"slim-fit-short-sleeved-t-shirt-127","Slim-fit short-sleeved t-shirt","Premium quality T-shirt from Mango.","published","https://media.mango.com/is/image/punto/27037911-01-002?wid=2048&hei=2867&fit=crop","https://media.mango.com/is/image/punto/27037911-01-001?wid=2048&hei=2867&fit=crop","https://media.mango.com/is/image/punto/27037911-01-003?wid=2048&hei=2867&fit=crop","https://media.mango.com/is/image/punto/27037911-01-004?wid=2048&hei=2867&fit=crop","Default","Size","XS","SLIM-FIT-SHORT-SLEEVED-T-SHIRT-127-XS",100,TRUE,FALSE,2303
"slim-fit-short-sleeved-t-shirt-127","Slim-fit short-sleeved t-shirt","Premium quality T-shirt from Mango.","published","https://media.mango.com/is/image/punto/27037911-01-002?wid=2048&hei=2867&fit=crop","https://media.mango.com/is/image/punto/27037911-01-001?wid=2048&hei=2867&fit=crop","https://media.mango.com/is/image/punto/27037911-01-003?wid=2048&hei=2867&fit=crop","https://media.mango.com/is/image/punto/27037911-01-004?wid=2048&hei=2867&fit=crop","Default","Size","S","SLIM-FIT-SHORT-SLEEVED-T-SHIRT-127-S",100,TRUE,FALSE,2303
"slim-fit-short-sleeved-t-shirt-127","Slim-fit short-sleeved t-shirt","Premium quality T-shirt from Mango.","published","https://media.mango.com/is/image/punto/27037911-01-002?wid=2048&hei=2867&fit=crop","https://media.mango.com/is/image/punto/27037911-01-001?wid=2048&hei=2867&fit=crop","https://media.mango.com/is/image/punto/27037911-01-003?wid=2048&hei=2867&fit=crop","https://media.mango.com/is/image/punto/27037911-01-004?wid=2048&hei=2867&fit=crop","Default","Size","M","SLIM-FIT-SHORT-SLEEVED-T-SHIRT-127-M",100,TRUE,FALSE,2303
"slim-fit-short-sleeved-t-shirt-127","Slim-fit short-sleeved t-shirt","Premium quality T-shirt from Mango.","published","https://media.mango.com/is/image/punto/27037911-01-002?wid=2048&hei=2867&fit=crop","https://media.mango.com/is/image/punto/27037911-01-001?wid=2048&hei=2867&fit=crop","https://media.mango.com/is/image/punto/27037911-01-003?wid=2048&hei=2867&fit=crop","https://media.mango.com/is/image/punto/27037911-01-004?wid=2048&hei=2867&fit=crop","Default","Size","L","SLIM-FIT-SHORT-SLEEVED-T-SHIRT-127-L",100,TRUE,FALSE,2303
"slim-fit-short-sleeved-t-shirt-127","Slim-fit short-sleeved t-shirt","Premium quality T-shirt from Mango.","published","https://media.mango.com/is/image/punto/27037911-01-002?wid=2048&hei=2867&fit=crop","https://media.mango.com/is/image/punto/27037911-01-001?wid=2048&hei=2867&fit=crop","https://media.mango.com/is/image/punto/27037911-01-003?wid=2048&hei=2867&fit=crop","https://media.mango.com/is/image/punto/27037911-01-004?wid=2048&hei=2867&fit=crop","Default","Size","XL","SLIM-FIT-SHORT-SLEEVED-T-SHIRT-127-XL",100,TRUE,FALSE,2303
"slim-fit-short-sleeved-t-shirt-127","Slim-fit short-sleeved t-shirt","Premium quality T-shirt from Mango.","published","https://media.mango.com/is/image/punto/27037911-01-002?wid=2048&hei=2867&fit=crop","https://media.mango.com/is/image/punto/27037911-01-001?wid=2048&hei=2867&fit=crop","https://media.mango.com/is/image/punto/27037911-01-003?wid=2048&hei=2867&fit=crop","https://media.mango.com/is/image/punto/27037911-01-004?wid=2048&hei=2867&fit=crop","Default","Size","XXL","SLIM-FIT-SHORT-SLEEVED-T-SHIRT-127-XXL",100,TRUE,FALSE,2303
"medium-weight-regular-fit-t-shirt-128","Medium weight regular fit T-shirt","Premium quality T-shirt from Mango.","published","https://media.mango.com/is/image/punto/27041262-51-002?wid=2048&hei=2867&fit=crop","https://media.mango.com/is/image/punto/27041262-51-001?wid=2048&hei=2867&fit=crop","https://media.mango.com/is/image/punto/27041262-51-003?wid=2048&hei=2867&fit=crop","https://media.mango.com/is/image/punto/27041262-51-004?wid=2048&hei=2867&fit=crop","Default","Size","XS","MEDIUM-WEIGHT-REGULAR-FIT-T-SHIRT-128-XS",100,TRUE,FALSE,1992
"medium-weight-regular-fit-t-shirt-128","Medium weight regular fit T-shirt","Premium quality T-shirt from Mango.","published","https://media.mango.com/is/image/punto/27041262-51-002?wid=2048&hei=2867&fit=crop","https://media.mango.com/is/image/punto/27041262-51-001?wid=2048&hei=2867&fit=crop","https://media.mango.com/is/image/punto/27041262-51-003?wid=2048&hei=2867&fit=crop","https://media.mango.com/is/image/punto/27041262-51-004?wid=2048&hei=2867&fit=crop","Default","Size","S","MEDIUM-WEIGHT-REGULAR-FIT-T-SHIRT-128-S",100,TRUE,FALSE,1992
"medium-weight-regular-fit-t-shirt-128","Medium weight regular fit T-shirt","Premium quality T-shirt from Mango.","published","https://media.mango.com/is/image/punto/27041262-51-002?wid=2048&hei=2867&fit=crop","https://media.mango.com/is/image/punto/27041262-51-001?wid=2048&hei=2867&fit=crop","https://media.mango.com/is/image/punto/27041262-51-003?wid=2048&hei=2867&fit=crop","https://media.mango.com/is/image/punto/27041262-51-004?wid=2048&hei=2867&fit=crop","Default","Size","M","MEDIUM-WEIGHT-REGULAR-FIT-T-SHIRT-128-M",100,TRUE,FALSE,1992
"medium-weight-regular-fit-t-shirt-128","Medium weight regular fit T-shirt","Premium quality T-shirt from Mango.","published","https://media.mango.com/is/image/punto/27041262-51-002?wid=2048&hei=2867&fit=crop","https://media.mango.com/is/image/punto/27041262-51-001?wid=2048&hei=2867&fit=crop","https://media.mango.com/is/image/punto/27041262-51-003?wid=2048&hei=2867&fit=crop","https://media.mango.com/is/image/punto/27041262-51-004?wid=2048&hei=2867&fit=crop","Default","Size","L","MEDIUM-WEIGHT-REGULAR-FIT-T-SHIRT-128-L",100,TRUE,FALSE,1992
"medium-weight-regular-fit-t-shirt-128","Medium weight regular fit T-shirt","Premium quality T-shirt from Mango.","published","https://media.mango.com/is/image/punto/27041262-51-002?wid=2048&hei=2867&fit=crop","https://media.mango.com/is/image/punto/27041262-51-001?wid=2048&hei=2867&fit=crop","https://media.mango.com/is/image/punto/27041262-51-003?wid=2048&hei=2867&fit=crop","https://media.mango.com/is/image/punto/27041262-51-004?wid=2048&hei=2867&fit=crop","Default","Size","XL","MEDIUM-WEIGHT-REGULAR-FIT-T-SHIRT-128-XL",100,TRUE,FALSE,1992
"medium-weight-regular-fit-t-shirt-128","Medium weight regular fit T-shirt","Premium quality T-shirt from Mango.","published","https://media.mango.com/is/image/punto/27041262-51-002?wid=2048&hei=2867&fit=crop","https://media.mango.com/is/image/punto/27041262-51-001?wid=2048&hei=2867&fit=crop","https://media.mango.com/is/image/punto/27041262-51-003?wid=2048&hei=2867&fit=crop","https://media.mango.com/is/image/punto/27041262-51-004?wid=2048&hei=2867&fit=crop","Default","Size","XXL","MEDIUM-WEIGHT-REGULAR-FIT-T-SHIRT-128-XXL",100,TRUE,FALSE,1992
"slim-fit-striped-coolmax-t-shirt-129","Slim fit striped COOLMAX® T-shirt","Premium quality T-shirt from Mango.","published","https://media.mango.com/is/image/punto/27057910-56-002?wid=2048&hei=2867&fit=crop","https://media.mango.com/is/image/punto/27057910-56-001?wid=2048&hei=2867&fit=crop","https://media.mango.com/is/image/punto/27057910-56-003?wid=2048&hei=2867&fit=crop","https://media.mango.com/is/image/punto/27057910-56-004?wid=2048&hei=2867&fit=crop","Default","Size","XS","SLIM-FIT-STRIPED-COOLMAX-T-SHIRT-129-XS",100,TRUE,FALSE,3890
"slim-fit-striped-coolmax-t-shirt-129","Slim fit striped COOLMAX® T-shirt","Premium quality T-shirt from Mango.","published","https://media.mango.com/is/image/punto/27057910-56-002?wid=2048&hei=2867&fit=crop","https://media.mango.com/is/image/punto/27057910-56-001?wid=2048&hei=2867&fit=crop","https://media.mango.com/is/image/punto/27057910-56-003?wid=2048&hei=2867&fit=crop","https://media.mango.com/is/image/punto/27057910-56-004?wid=2048&hei=2867&fit=crop","Default","Size","S","SLIM-FIT-STRIPED-COOLMAX-T-SHIRT-129-S",100,TRUE,FALSE,3890
"slim-fit-striped-coolmax-t-shirt-129","Slim fit striped COOLMAX® T-shirt","Premium quality T-shirt from Mango.","published","https://media.mango.com/is/image/punto/27057910-56-002?wid=2048&hei=2867&fit=crop","https://media.mango.com/is/image/punto/27057910-56-001?wid=2048&hei=2867&fit=crop","https://media.mango.com/is/image/punto/27057910-56-003?wid=2048&hei=2867&fit=crop","https://media.mango.com/is/image/punto/27057910-56-004?wid=2048&hei=2867&fit=crop","Default","Size","M","SLIM-FIT-STRIPED-COOLMAX-T-SHIRT-129-M",100,TRUE,FALSE,3890
"slim-fit-striped-coolmax-t-shirt-129","Slim fit striped COOLMAX® T-shirt","Premium quality T-shirt from Mango.","published","https://media.mango.com/is/image/punto/27057910-56-002?wid=2048&hei=2867&fit=crop","https://media.mango.com/is/image/punto/27057910-56-001?wid=2048&hei=2867&fit=crop","https://media.mango.com/is/image/punto/27057910-56-003?wid=2048&hei=2867&fit=crop","https://media.mango.com/is/image/punto/27057910-56-004?wid=2048&hei=2867&fit=crop","Default","Size","L","SLIM-FIT-STRIPED-COOLMAX-T-SHIRT-129-L",100,TRUE,FALSE,3890
"slim-fit-striped-coolmax-t-shirt-129","Slim fit striped COOLMAX® T-shirt","Premium quality T-shirt from Mango.","published","https://media.mango.com/is/image/punto/27057910-56-002?wid=2048&hei=2867&fit=crop","https://media.mango.com/is/image/punto/27057910-56-001?wid=2048&hei=2867&fit=crop","https://media.mango.com/is/image/punto/27057910-56-003?wid=2048&hei=2867&fit=crop","https://media.mango.com/is/image/punto/27057910-56-004?wid=2048&hei=2867&fit=crop","Default","Size","XL","SLIM-FIT-STRIPED-COOLMAX-T-SHIRT-129-XL",100,TRUE,FALSE,3890
"slim-fit-striped-coolmax-t-shirt-129","Slim fit striped COOLMAX® T-shirt","Premium quality T-shirt from Mango.","published","https://media.mango.com/is/image/punto/27057910-56-002?wid=2048&hei=2867&fit=crop","https://media.mango.com/is/image/punto/27057910-56-001?wid=2048&hei=2867&fit=crop","https://media.mango.com/is/image/punto/27057910-56-003?wid=2048&hei=2867&fit=crop","https://media.mango.com/is/image/punto/27057910-56-004?wid=2048&hei=2867&fit=crop","Default","Size","XXL","SLIM-FIT-STRIPED-COOLMAX-T-SHIRT-129-XXL",100,TRUE,FALSE,3890
"slim-fit-short-sleeved-t-shirt-130","Slim-fit short-sleeved t-shirt","Premium quality T-shirt from Mango.","published","https://media.mango.com/is/image/punto/27021243-15-002?wid=2048&hei=2867&fit=crop","https://media.mango.com/is/image/punto/27021243-15-001?wid=2048&hei=2867&fit=crop","https://media.mango.com/is/image/punto/27021243-15-003?wid=2048&hei=2867&fit=crop","https://media.mango.com/is/image/punto/27021243-15-004?wid=2048&hei=2867&fit=crop","Default","Size","XS","SLIM-FIT-SHORT-SLEEVED-T-SHIRT-130-XS",100,TRUE,FALSE,1043
"slim-fit-short-sleeved-t-shirt-130","Slim-fit short-sleeved t-shirt","Premium quality T-shirt from Mango.","published","https://media.mango.com/is/image/punto/27021243-15-002?wid=2048&hei=2867&fit=crop","https://media.mango.com/is/image/punto/27021243-15-001?wid=2048&hei=2867&fit=crop","https://media.mango.com/is/image/punto/27021243-15-003?wid=2048&hei=2867&fit=crop","https://media.mango.com/is/image/punto/27021243-15-004?wid=2048&hei=2867&fit=crop","Default","Size","S","SLIM-FIT-SHORT-SLEEVED-T-SHIRT-130-S",100,TRUE,FALSE,1043
"slim-fit-short-sleeved-t-shirt-130","Slim-fit short-sleeved t-shirt","Premium quality T-shirt from Mango.","published","https://media.mango.com/is/image/punto/27021243-15-002?wid=2048&hei=2867&fit=crop","https://media.mango.com/is/image/punto/27021243-15-001?wid=2048&hei=2867&fit=crop","https://media.mango.com/is/image/punto/27021243-15-003?wid=2048&hei=2867&fit=crop","https://media.mango.com/is/image/punto/27021243-15-004?wid=2048&hei=2867&fit=crop","Default","Size","M","SLIM-FIT-SHORT-SLEEVED-T-SHIRT-130-M",100,TRUE,FALSE,1043
"slim-fit-short-sleeved-t-shirt-130","Slim-fit short-sleeved t-shirt","Premium quality T-shirt from Mango.","published","https://media.mango.com/is/image/punto/27021243-15-002?wid=2048&hei=2867&fit=crop","https://media.mango.com/is/image/punto/27021243-15-001?wid=2048&hei=2867&fit=crop","https://media.mango.com/is/image/punto/27021243-15-003?wid=2048&hei=2867&fit=crop","https://media.mango.com/is/image/punto/27021243-15-004?wid=2048&hei=2867&fit=crop","Default","Size","L","SLIM-FIT-SHORT-SLEEVED-T-SHIRT-130-L",100,TRUE,FALSE,1043
"slim-fit-short-sleeved-t-shirt-130","Slim-fit short-sleeved t-shirt","Premium quality T-shirt from Mango.","published","https://media.mango.com/is/image/punto/27021243-15-002?wid=2048&hei=2867&fit=crop","https://media.mango.com/is/image/punto/27021243-15-001?wid=2048&hei=2867&fit=crop","https://media.mango.com/is/image/punto/27021243-15-003?wid=2048&hei=2867&fit=crop","https://media.mango.com/is/image/punto/27021243-15-004?wid=2048&hei=2867&fit=crop","Default","Size","XL","SLIM-FIT-SHORT-SLEEVED-T-SHIRT-130-XL",100,TRUE,FALSE,1043
"slim-fit-short-sleeved-t-shirt-130","Slim-fit short-sleeved t-shirt","Premium quality T-shirt from Mango.","published","https://media.mango.com/is/image/punto/27021243-15-002?wid=2048&hei=2867&fit=crop","https://media.mango.com/is/image/punto/27021243-15-001?wid=2048&hei=2867&fit=crop","https://media.mango.com/is/image/punto/27021243-15-003?wid=2048&hei=2867&fit=crop","https://media.mango.com/is/image/punto/27021243-15-004?wid=2048&hei=2867&fit=crop","Default","Size","XXL","SLIM-FIT-SHORT-SLEEVED-T-SHIRT-130-XXL",100,TRUE,FALSE,1043
"100-cotton-slim-fit-t-shirt-131","100% cotton slim-fit t-shirt","Premium quality T-shirt from Mango.","published","https://media.mango.com/is/image/punto/27008284-56-002?wid=2048&hei=2867&fit=crop","https://media.mango.com/is/image/punto/27008284-56-001?wid=2048&hei=2867&fit=crop","https://media.mango.com/is/image/punto/27008284-56-003?wid=2048&hei=2867&fit=crop","https://media.mango.com/is/image/punto/27008284-56-004?wid=2048&hei=2867&fit=crop","Default","Size","XS","100-COTTON-SLIM-FIT-T-SHIRT-131-XS",100,TRUE,FALSE,3590
"100-cotton-slim-fit-t-shirt-131","100% cotton slim-fit t-shirt","Premium quality T-shirt from Mango.","published","https://media.mango.com/is/image/punto/27008284-56-002?wid=2048&hei=2867&fit=crop","https://media.mango.com/is/image/punto/27008284-56-001?wid=2048&hei=2867&fit=crop","https://media.mango.com/is/image/punto/27008284-56-003?wid=2048&hei=2867&fit=crop","https://media.mango.com/is/image/punto/27008284-56-004?wid=2048&hei=2867&fit=crop","Default","Size","S","100-COTTON-SLIM-FIT-T-SHIRT-131-S",100,TRUE,FALSE,3590
"100-cotton-slim-fit-t-shirt-131","100% cotton slim-fit t-shirt","Premium quality T-shirt from Mango.","published","https://media.mango.com/is/image/punto/27008284-56-002?wid=2048&hei=2867&fit=crop","https://media.mango.com/is/image/punto/27008284-56-001?wid=2048&hei=2867&fit=crop","https://media.mango.com/is/image/punto/27008284-56-003?wid=2048&hei=2867&fit=crop","https://media.mango.com/is/image/punto/27008284-56-004?wid=2048&hei=2867&fit=crop","Default","Size","M","100-COTTON-SLIM-FIT-T-SHIRT-131-M",100,TRUE,FALSE,3590
"100-cotton-slim-fit-t-shirt-131","100% cotton slim-fit t-shirt","Premium quality T-shirt from Mango.","published","https://media.mango.com/is/image/punto/27008284-56-002?wid=2048&hei=2867&fit=crop","https://media.mango.com/is/image/punto/27008284-56-001?wid=2048&hei=2867&fit=crop","https://media.mango.com/is/image/punto/27008284-56-003?wid=2048&hei=2867&fit=crop","https://media.mango.com/is/image/punto/27008284-56-004?wid=2048&hei=2867&fit=crop","Default","Size","L","100-COTTON-SLIM-FIT-T-SHIRT-131-L",100,TRUE,FALSE,3590
"100-cotton-slim-fit-t-shirt-131","100% cotton slim-fit t-shirt","Premium quality T-shirt from Mango.","published","https://media.mango.com/is/image/punto/27008284-56-002?wid=2048&hei=2867&fit=crop","https://media.mango.com/is/image/punto/27008284-56-001?wid=2048&hei=2867&fit=crop","https://media.mango.com/is/image/punto/27008284-56-003?wid=2048&hei=2867&fit=crop","https://media.mango.com/is/image/punto/27008284-56-004?wid=2048&hei=2867&fit=crop","Default","Size","XL","100-COTTON-SLIM-FIT-T-SHIRT-131-XL",100,TRUE,FALSE,3590
"100-cotton-slim-fit-t-shirt-131","100% cotton slim-fit t-shirt","Premium quality T-shirt from Mango.","published","https://media.mango.com/is/image/punto/27008284-56-002?wid=2048&hei=2867&fit=crop","https://media.mango.com/is/image/punto/27008284-56-001?wid=2048&hei=2867&fit=crop","https://media.mango.com/is/image/punto/27008284-56-003?wid=2048&hei=2867&fit=crop","https://media.mango.com/is/image/punto/27008284-56-004?wid=2048&hei=2867&fit=crop","Default","Size","XXL","100-COTTON-SLIM-FIT-T-SHIRT-131-XXL",100,TRUE,FALSE,3590
"regular-fit-striped-t-shirt-132","Regular fit striped T-shirt","Premium quality T-shirt from Mango.","published","https://media.mango.com/is/image/punto/27075987-01-002?wid=2048&hei=2867&fit=crop","https://media.mango.com/is/image/punto/27075987-01-001?wid=2048&hei=2867&fit=crop","https://media.mango.com/is/image/punto/27075987-01-003?wid=2048&hei=2867&fit=crop","https://media.mango.com/is/image/punto/27075987-01-004?wid=2048&hei=2867&fit=crop","Default","Size","XS","REGULAR-FIT-STRIPED-T-SHIRT-132-XS",100,TRUE,FALSE,2990
"regular-fit-striped-t-shirt-132","Regular fit striped T-shirt","Premium quality T-shirt from Mango.","published","https://media.mango.com/is/image/punto/27075987-01-002?wid=2048&hei=2867&fit=crop","https://media.mango.com/is/image/punto/27075987-01-001?wid=2048&hei=2867&fit=crop","https://media.mango.com/is/image/punto/27075987-01-003?wid=2048&hei=2867&fit=crop","https://media.mango.com/is/image/punto/27075987-01-004?wid=2048&hei=2867&fit=crop","Default","Size","S","REGULAR-FIT-STRIPED-T-SHIRT-132-S",100,TRUE,FALSE,2990
"regular-fit-striped-t-shirt-132","Regular fit striped T-shirt","Premium quality T-shirt from Mango.","published","https://media.mango.com/is/image/punto/27075987-01-002?wid=2048&hei=2867&fit=crop","https://media.mango.com/is/image/punto/27075987-01-001?wid=2048&hei=2867&fit=crop","https://media.mango.com/is/image/punto/27075987-01-003?wid=2048&hei=2867&fit=crop","https://media.mango.com/is/image/punto/27075987-01-004?wid=2048&hei=2867&fit=crop","Default","Size","M","REGULAR-FIT-STRIPED-T-SHIRT-132-M",100,TRUE,FALSE,2990
"regular-fit-striped-t-shirt-132","Regular fit striped T-shirt","Premium quality T-shirt from Mango.","published","https://media.mango.com/is/image/punto/27075987-01-002?wid=2048&hei=2867&fit=crop","https://media.mango.com/is/image/punto/27075987-01-001?wid=2048&hei=2867&fit=crop","https://media.mango.com/is/image/punto/27075987-01-003?wid=2048&hei=2867&fit=crop","https://media.mango.com/is/image/punto/27075987-01-004?wid=2048&hei=2867&fit=crop","Default","Size","L","REGULAR-FIT-STRIPED-T-SHIRT-132-L",100,TRUE,FALSE,2990
"regular-fit-striped-t-shirt-132","Regular fit striped T-shirt","Premium quality T-shirt from Mango.","published","https://media.mango.com/is/image/punto/27075987-01-002?wid=2048&hei=2867&fit=crop","https://media.mango.com/is/image/punto/27075987-01-001?wid=2048&hei=2867&fit=crop","https://media.mango.com/is/image/punto/27075987-01-003?wid=2048&hei=2867&fit=crop","https://media.mango.com/is/image/punto/27075987-01-004?wid=2048&hei=2867&fit=crop","Default","Size","XL","REGULAR-FIT-STRIPED-T-SHIRT-132-XL",100,TRUE,FALSE,2990
"regular-fit-striped-t-shirt-132","Regular fit striped T-shirt","Premium quality T-shirt from Mango.","published","https://media.mango.com/is/image/punto/27075987-01-002?wid=2048&hei=2867&fit=crop","https://media.mango.com/is/image/punto/27075987-01-001?wid=2048&hei=2867&fit=crop","https://media.mango.com/is/image/punto/27075987-01-003?wid=2048&hei=2867&fit=crop","https://media.mango.com/is/image/punto/27075987-01-004?wid=2048&hei=2867&fit=crop","Default","Size","XXL","REGULAR-FIT-STRIPED-T-SHIRT-132-XXL",100,TRUE,FALSE,2990
"medium-weight-regular-fit-t-shirt-133","Medium weight regular fit T-shirt","Premium quality T-shirt from Mango.","published","https://media.mango.com/is/image/punto/27041262-09-002?wid=2048&hei=2867&fit=crop","https://media.mango.com/is/image/punto/27041262-09-001?wid=2048&hei=2867&fit=crop","https://media.mango.com/is/image/punto/27041262-09-003?wid=2048&hei=2867&fit=crop","https://media.mango.com/is/image/punto/27041262-09-004?wid=2048&hei=2867&fit=crop","Default","Size","XS","MEDIUM-WEIGHT-REGULAR-FIT-T-SHIRT-133-XS",100,TRUE,FALSE,1992
"medium-weight-regular-fit-t-shirt-133","Medium weight regular fit T-shirt","Premium quality T-shirt from Mango.","published","https://media.mango.com/is/image/punto/27041262-09-002?wid=2048&hei=2867&fit=crop","https://media.mango.com/is/image/punto/27041262-09-001?wid=2048&hei=2867&fit=crop","https://media.mango.com/is/image/punto/27041262-09-003?wid=2048&hei=2867&fit=crop","https://media.mango.com/is/image/punto/27041262-09-004?wid=2048&hei=2867&fit=crop","Default","Size","S","MEDIUM-WEIGHT-REGULAR-FIT-T-SHIRT-133-S",100,TRUE,FALSE,1992
"medium-weight-regular-fit-t-shirt-133","Medium weight regular fit T-shirt","Premium quality T-shirt from Mango.","published","https://media.mango.com/is/image/punto/27041262-09-002?wid=2048&hei=2867&fit=crop","https://media.mango.com/is/image/punto/27041262-09-001?wid=2048&hei=2867&fit=crop","https://media.mango.com/is/image/punto/27041262-09-003?wid=2048&hei=2867&fit=crop","https://media.mango.com/is/image/punto/27041262-09-004?wid=2048&hei=2867&fit=crop","Default","Size","M","MEDIUM-WEIGHT-REGULAR-FIT-T-SHIRT-133-M",100,TRUE,FALSE,1992
"medium-weight-regular-fit-t-shirt-133","Medium weight regular fit T-shirt","Premium quality T-shirt from Mango.","published","https://media.mango.com/is/image/punto/27041262-09-002?wid=2048&hei=2867&fit=crop","https://media.mango.com/is/image/punto/27041262-09-001?wid=2048&hei=2867&fit=crop","https://media.mango.com/is/image/punto/27041262-09-003?wid=2048&hei=2867&fit=crop","https://media.mango.com/is/image/punto/27041262-09-004?wid=2048&hei=2867&fit=crop","Default","Size","L","MEDIUM-WEIGHT-REGULAR-FIT-T-SHIRT-133-L",100,TRUE,FALSE,1992
"medium-weight-regular-fit-t-shirt-133","Medium weight regular fit T-shirt","Premium quality T-shirt from Mango.","published","https://media.mango.com/is/image/punto/27041262-09-002?wid=2048&hei=2867&fit=crop","https://media.mango.com/is/image/punto/27041262-09-001?wid=2048&hei=2867&fit=crop","https://media.mango.com/is/image/punto/27041262-09-003?wid=2048&hei=2867&fit=crop","https://media.mango.com/is/image/punto/27041262-09-004?wid=2048&hei=2867&fit=crop","Default","Size","XL","MEDIUM-WEIGHT-REGULAR-FIT-T-SHIRT-133-XL",100,TRUE,FALSE,1992
"medium-weight-regular-fit-t-shirt-133","Medium weight regular fit T-shirt","Premium quality T-shirt from Mango.","published","https://media.mango.com/is/image/punto/27041262-09-002?wid=2048&hei=2867&fit=crop","https://media.mango.com/is/image/punto/27041262-09-001?wid=2048&hei=2867&fit=crop","https://media.mango.com/is/image/punto/27041262-09-003?wid=2048&hei=2867&fit=crop","https://media.mango.com/is/image/punto/27041262-09-004?wid=2048&hei=2867&fit=crop","Default","Size","XXL","MEDIUM-WEIGHT-REGULAR-FIT-T-SHIRT-133-XXL",100,TRUE,FALSE,1992
"100-cotton-printed-t-shirt-134","100% cotton printed t-shirt","Premium quality T-shirt from Mango.","published","https://media.mango.com/is/image/punto/27067792-49-002?wid=2048&hei=2867&fit=crop","https://media.mango.com/is/image/punto/27067792-49-001?wid=2048&hei=2867&fit=crop","https://media.mango.com/is/image/punto/27067792-49-003?wid=2048&hei=2867&fit=crop","https://media.mango.com/is/image/punto/27067792-49-004?wid=2048&hei=2867&fit=crop","Default","Size","S","100-COTTON-PRINTED-T-SHIRT-134-S",100,TRUE,FALSE,3590
"100-cotton-printed-t-shirt-134","100% cotton printed t-shirt","Premium quality T-shirt from Mango.","published","https://media.mango.com/is/image/punto/27067792-49-002?wid=2048&hei=2867&fit=crop","https://media.mango.com/is/image/punto/27067792-49-001?wid=2048&hei=2867&fit=crop","https://media.mango.com/is/image/punto/27067792-49-003?wid=2048&hei=2867&fit=crop","https://media.mango.com/is/image/punto/27067792-49-004?wid=2048&hei=2867&fit=crop","Default","Size","M","100-COTTON-PRINTED-T-SHIRT-134-M",100,TRUE,FALSE,3590
"100-cotton-printed-t-shirt-134","100% cotton printed t-shirt","Premium quality T-shirt from Mango.","published","https://media.mango.com/is/image/punto/27067792-49-002?wid=2048&hei=2867&fit=crop","https://media.mango.com/is/image/punto/27067792-49-001?wid=2048&hei=2867&fit=crop","https://media.mango.com/is/image/punto/27067792-49-003?wid=2048&hei=2867&fit=crop","https://media.mango.com/is/image/punto/27067792-49-004?wid=2048&hei=2867&fit=crop","Default","Size","L","100-COTTON-PRINTED-T-SHIRT-134-L",100,TRUE,FALSE,3590
"100-cotton-printed-t-shirt-134","100% cotton printed t-shirt","Premium quality T-shirt from Mango.","published","https://media.mango.com/is/image/punto/27067792-49-002?wid=2048&hei=2867&fit=crop","https://media.mango.com/is/image/punto/27067792-49-001?wid=2048&hei=2867&fit=crop","https://media.mango.com/is/image/punto/27067792-49-003?wid=2048&hei=2867&fit=crop","https://media.mango.com/is/image/punto/27067792-49-004?wid=2048&hei=2867&fit=crop","Default","Size","XL","100-COTTON-PRINTED-T-SHIRT-134-XL",100,TRUE,FALSE,3590
"100-cotton-slim-fit-t-shirt-135","100% cotton slim-fit t-shirt","Premium quality T-shirt from Mango.","published","https://media.mango.com/is/image/punto/27041263-75-002?wid=2048&hei=2867&fit=crop","https://media.mango.com/is/image/punto/27041263-75-001?wid=2048&hei=2867&fit=crop","https://media.mango.com/is/image/punto/27041263-75-003?wid=2048&hei=2867&fit=crop","https://media.mango.com/is/image/punto/27041263-75-004?wid=2048&hei=2867&fit=crop","Default","Size","XS","100-COTTON-SLIM-FIT-T-SHIRT-135-XS",100,TRUE,FALSE,1192
"100-cotton-slim-fit-t-shirt-135","100% cotton slim-fit t-shirt","Premium quality T-shirt from Mango.","published","https://media.mango.com/is/image/punto/27041263-75-002?wid=2048&hei=2867&fit=crop","https://media.mango.com/is/image/punto/27041263-75-001?wid=2048&hei=2867&fit=crop","https://media.mango.com/is/image/punto/27041263-75-003?wid=2048&hei=2867&fit=crop","https://media.mango.com/is/image/punto/27041263-75-004?wid=2048&hei=2867&fit=crop","Default","Size","S","100-COTTON-SLIM-FIT-T-SHIRT-135-S",100,TRUE,FALSE,1192
"100-cotton-slim-fit-t-shirt-135","100% cotton slim-fit t-shirt","Premium quality T-shirt from Mango.","published","https://media.mango.com/is/image/punto/27041263-75-002?wid=2048&hei=2867&fit=crop","https://media.mango.com/is/image/punto/27041263-75-001?wid=2048&hei=2867&fit=crop","https://media.mango.com/is/image/punto/27041263-75-003?wid=2048&hei=2867&fit=crop","https://media.mango.com/is/image/punto/27041263-75-004?wid=2048&hei=2867&fit=crop","Default","Size","M","100-COTTON-SLIM-FIT-T-SHIRT-135-M",100,TRUE,FALSE,1192
"100-cotton-slim-fit-t-shirt-135","100% cotton slim-fit t-shirt","Premium quality T-shirt from Mango.","published","https://media.mango.com/is/image/punto/27041263-75-002?wid=2048&hei=2867&fit=crop","https://media.mango.com/is/image/punto/27041263-75-001?wid=2048&hei=2867&fit=crop","https://media.mango.com/is/image/punto/27041263-75-003?wid=2048&hei=2867&fit=crop","https://media.mango.com/is/image/punto/27041263-75-004?wid=2048&hei=2867&fit=crop","Default","Size","L","100-COTTON-SLIM-FIT-T-SHIRT-135-L",100,TRUE,FALSE,1192
"100-cotton-slim-fit-t-shirt-135","100% cotton slim-fit t-shirt","Premium quality T-shirt from Mango.","published","https://media.mango.com/is/image/punto/27041263-75-002?wid=2048&hei=2867&fit=crop","https://media.mango.com/is/image/punto/27041263-75-001?wid=2048&hei=2867&fit=crop","https://media.mango.com/is/image/punto/27041263-75-003?wid=2048&hei=2867&fit=crop","https://media.mango.com/is/image/punto/27041263-75-004?wid=2048&hei=2867&fit=crop","Default","Size","XL","100-COTTON-SLIM-FIT-T-SHIRT-135-XL",100,TRUE,FALSE,1192
"100-cotton-slim-fit-t-shirt-135","100% cotton slim-fit t-shirt","Premium quality T-shirt from Mango.","published","https://media.mango.com/is/image/punto/27041263-75-002?wid=2048&hei=2867&fit=crop","https://media.mango.com/is/image/punto/27041263-75-001?wid=2048&hei=2867&fit=crop","https://media.mango.com/is/image/punto/27041263-75-003?wid=2048&hei=2867&fit=crop","https://media.mango.com/is/image/punto/27041263-75-004?wid=2048&hei=2867&fit=crop","Default","Size","XXL","100-COTTON-SLIM-FIT-T-SHIRT-135-XXL",100,TRUE,FALSE,1192
"100-cotton-t-shirt-text-136","100% cotton t-shirt text","Premium quality T-shirt from Mango.","published","https://media.mango.com/is/image/punto/27021242-31-002?wid=2048&hei=2867&fit=crop","https://media.mango.com/is/image/punto/27021242-31-001?wid=2048&hei=2867&fit=crop","https://media.mango.com/is/image/punto/27021242-31-003?wid=2048&hei=2867&fit=crop","https://media.mango.com/is/image/punto/27021242-31-004?wid=2048&hei=2867&fit=crop","Default","Size","XS","100-COTTON-T-SHIRT-TEXT-136-XS",100,TRUE,FALSE,2023
"100-cotton-t-shirt-text-136","100% cotton t-shirt text","Premium quality T-shirt from Mango.","published","https://media.mango.com/is/image/punto/27021242-31-002?wid=2048&hei=2867&fit=crop","https://media.mango.com/is/image/punto/27021242-31-001?wid=2048&hei=2867&fit=crop","https://media.mango.com/is/image/punto/27021242-31-003?wid=2048&hei=2867&fit=crop","https://media.mango.com/is/image/punto/27021242-31-004?wid=2048&hei=2867&fit=crop","Default","Size","S","100-COTTON-T-SHIRT-TEXT-136-S",100,TRUE,FALSE,2023
"100-cotton-t-shirt-text-136","100% cotton t-shirt text","Premium quality T-shirt from Mango.","published","https://media.mango.com/is/image/punto/27021242-31-002?wid=2048&hei=2867&fit=crop","https://media.mango.com/is/image/punto/27021242-31-001?wid=2048&hei=2867&fit=crop","https://media.mango.com/is/image/punto/27021242-31-003?wid=2048&hei=2867&fit=crop","https://media.mango.com/is/image/punto/27021242-31-004?wid=2048&hei=2867&fit=crop","Default","Size","M","100-COTTON-T-SHIRT-TEXT-136-M",100,TRUE,FALSE,2023
"100-cotton-t-shirt-text-136","100% cotton t-shirt text","Premium quality T-shirt from Mango.","published","https://media.mango.com/is/image/punto/27021242-31-002?wid=2048&hei=2867&fit=crop","https://media.mango.com/is/image/punto/27021242-31-001?wid=2048&hei=2867&fit=crop","https://media.mango.com/is/image/punto/27021242-31-003?wid=2048&hei=2867&fit=crop","https://media.mango.com/is/image/punto/27021242-31-004?wid=2048&hei=2867&fit=crop","Default","Size","L","100-COTTON-T-SHIRT-TEXT-136-L",100,TRUE,FALSE,2023
"100-cotton-t-shirt-text-136","100% cotton t-shirt text","Premium quality T-shirt from Mango.","published","https://media.mango.com/is/image/punto/27021242-31-002?wid=2048&hei=2867&fit=crop","https://media.mango.com/is/image/punto/27021242-31-001?wid=2048&hei=2867&fit=crop","https://media.mango.com/is/image/punto/27021242-31-003?wid=2048&hei=2867&fit=crop","https://media.mango.com/is/image/punto/27021242-31-004?wid=2048&hei=2867&fit=crop","Default","Size","XL","100-COTTON-T-SHIRT-TEXT-136-XL",100,TRUE,FALSE,2023
"100-cotton-t-shirt-text-136","100% cotton t-shirt text","Premium quality T-shirt from Mango.","published","https://media.mango.com/is/image/punto/27021242-31-002?wid=2048&hei=2867&fit=crop","https://media.mango.com/is/image/punto/27021242-31-001?wid=2048&hei=2867&fit=crop","https://media.mango.com/is/image/punto/27021242-31-003?wid=2048&hei=2867&fit=crop","https://media.mango.com/is/image/punto/27021242-31-004?wid=2048&hei=2867&fit=crop","Default","Size","XXL","100-COTTON-T-SHIRT-TEXT-136-XXL",100,TRUE,FALSE,2023
"relaxed-fit-printed-t-shirt-137","Relaxed-fit printed t-shirt","Premium quality T-shirt from Mango.","published","https://media.mango.com/is/image/punto/27051239-05-002?wid=2048&hei=2867&fit=crop","https://media.mango.com/is/image/punto/27051239-05-001?wid=2048&hei=2867&fit=crop","https://media.mango.com/is/image/punto/27051239-05-003?wid=2048&hei=2867&fit=crop","https://media.mango.com/is/image/punto/27051239-05-004?wid=2048&hei=2867&fit=crop","Default","Size","XS","RELAXED-FIT-PRINTED-T-SHIRT-137-XS",100,TRUE,FALSE,2890
"relaxed-fit-printed-t-shirt-137","Relaxed-fit printed t-shirt","Premium quality T-shirt from Mango.","published","https://media.mango.com/is/image/punto/27051239-05-002?wid=2048&hei=2867&fit=crop","https://media.mango.com/is/image/punto/27051239-05-001?wid=2048&hei=2867&fit=crop","https://media.mango.com/is/image/punto/27051239-05-003?wid=2048&hei=2867&fit=crop","https://media.mango.com/is/image/punto/27051239-05-004?wid=2048&hei=2867&fit=crop","Default","Size","S","RELAXED-FIT-PRINTED-T-SHIRT-137-S",100,TRUE,FALSE,2890
"relaxed-fit-printed-t-shirt-137","Relaxed-fit printed t-shirt","Premium quality T-shirt from Mango.","published","https://media.mango.com/is/image/punto/27051239-05-002?wid=2048&hei=2867&fit=crop","https://media.mango.com/is/image/punto/27051239-05-001?wid=2048&hei=2867&fit=crop","https://media.mango.com/is/image/punto/27051239-05-003?wid=2048&hei=2867&fit=crop","https://media.mango.com/is/image/punto/27051239-05-004?wid=2048&hei=2867&fit=crop","Default","Size","M","RELAXED-FIT-PRINTED-T-SHIRT-137-M",100,TRUE,FALSE,2890
"relaxed-fit-printed-t-shirt-137","Relaxed-fit printed t-shirt","Premium quality T-shirt from Mango.","published","https://media.mango.com/is/image/punto/27051239-05-002?wid=2048&hei=2867&fit=crop","https://media.mango.com/is/image/punto/27051239-05-001?wid=2048&hei=2867&fit=crop","https://media.mango.com/is/image/punto/27051239-05-003?wid=2048&hei=2867&fit=crop","https://media.mango.com/is/image/punto/27051239-05-004?wid=2048&hei=2867&fit=crop","Default","Size","L","RELAXED-FIT-PRINTED-T-SHIRT-137-L",100,TRUE,FALSE,2890
"relaxed-fit-printed-t-shirt-137","Relaxed-fit printed t-shirt","Premium quality T-shirt from Mango.","published","https://media.mango.com/is/image/punto/27051239-05-002?wid=2048&hei=2867&fit=crop","https://media.mango.com/is/image/punto/27051239-05-001?wid=2048&hei=2867&fit=crop","https://media.mango.com/is/image/punto/27051239-05-003?wid=2048&hei=2867&fit=crop","https://media.mango.com/is/image/punto/27051239-05-004?wid=2048&hei=2867&fit=crop","Default","Size","XL","RELAXED-FIT-PRINTED-T-SHIRT-137-XL",100,TRUE,FALSE,2890
"relaxed-fit-printed-t-shirt-137","Relaxed-fit printed t-shirt","Premium quality T-shirt from Mango.","published","https://media.mango.com/is/image/punto/27051239-05-002?wid=2048&hei=2867&fit=crop","https://media.mango.com/is/image/punto/27051239-05-001?wid=2048&hei=2867&fit=crop","https://media.mango.com/is/image/punto/27051239-05-003?wid=2048&hei=2867&fit=crop","https://media.mango.com/is/image/punto/27051239-05-004?wid=2048&hei=2867&fit=crop","Default","Size","XXL","RELAXED-FIT-PRINTED-T-SHIRT-137-XXL",100,TRUE,FALSE,2890
"100-cotton-slim-fit-v-neck-t-shirt-138","100% cotton slim-fit V-neck t-shirt","Premium quality T-shirt from Mango.","published","https://media.mango.com/is/image/punto/27061261-08-002?wid=2048&hei=2867&fit=crop","https://media.mango.com/is/image/punto/27061261-08-001?wid=2048&hei=2867&fit=crop","https://media.mango.com/is/image/punto/27061261-08-003?wid=2048&hei=2867&fit=crop","https://media.mango.com/is/image/punto/27061261-08-004?wid=2048&hei=2867&fit=crop","Default","Size","XS","100-COTTON-SLIM-FIT-V-NECK-T-SHIRT-138-XS",100,TRUE,FALSE,1192
"100-cotton-slim-fit-v-neck-t-shirt-138","100% cotton slim-fit V-neck t-shirt","Premium quality T-shirt from Mango.","published","https://media.mango.com/is/image/punto/27061261-08-002?wid=2048&hei=2867&fit=crop","https://media.mango.com/is/image/punto/27061261-08-001?wid=2048&hei=2867&fit=crop","https://media.mango.com/is/image/punto/27061261-08-003?wid=2048&hei=2867&fit=crop","https://media.mango.com/is/image/punto/27061261-08-004?wid=2048&hei=2867&fit=crop","Default","Size","S","100-COTTON-SLIM-FIT-V-NECK-T-SHIRT-138-S",100,TRUE,FALSE,1192
"100-cotton-slim-fit-v-neck-t-shirt-138","100% cotton slim-fit V-neck t-shirt","Premium quality T-shirt from Mango.","published","https://media.mango.com/is/image/punto/27061261-08-002?wid=2048&hei=2867&fit=crop","https://media.mango.com/is/image/punto/27061261-08-001?wid=2048&hei=2867&fit=crop","https://media.mango.com/is/image/punto/27061261-08-003?wid=2048&hei=2867&fit=crop","https://media.mango.com/is/image/punto/27061261-08-004?wid=2048&hei=2867&fit=crop","Default","Size","M","100-COTTON-SLIM-FIT-V-NECK-T-SHIRT-138-M",100,TRUE,FALSE,1192
"100-cotton-slim-fit-v-neck-t-shirt-138","100% cotton slim-fit V-neck t-shirt","Premium quality T-shirt from Mango.","published","https://media.mango.com/is/image/punto/27061261-08-002?wid=2048&hei=2867&fit=crop","https://media.mango.com/is/image/punto/27061261-08-001?wid=2048&hei=2867&fit=crop","https://media.mango.com/is/image/punto/27061261-08-003?wid=2048&hei=2867&fit=crop","https://media.mango.com/is/image/punto/27061261-08-004?wid=2048&hei=2867&fit=crop","Default","Size","L","100-COTTON-SLIM-FIT-V-NECK-T-SHIRT-138-L",100,TRUE,FALSE,1192
"100-cotton-slim-fit-v-neck-t-shirt-138","100% cotton slim-fit V-neck t-shirt","Premium quality T-shirt from Mango.","published","https://media.mango.com/is/image/punto/27061261-08-002?wid=2048&hei=2867&fit=crop","https://media.mango.com/is/image/punto/27061261-08-001?wid=2048&hei=2867&fit=crop","https://media.mango.com/is/image/punto/27061261-08-003?wid=2048&hei=2867&fit=crop","https://media.mango.com/is/image/punto/27061261-08-004?wid=2048&hei=2867&fit=crop","Default","Size","XL","100-COTTON-SLIM-FIT-V-NECK-T-SHIRT-138-XL",100,TRUE,FALSE,1192
"100-cotton-slim-fit-v-neck-t-shirt-138","100% cotton slim-fit V-neck t-shirt","Premium quality T-shirt from Mango.","published","https://media.mango.com/is/image/punto/27061261-08-002?wid=2048&hei=2867&fit=crop","https://media.mango.com/is/image/punto/27061261-08-001?wid=2048&hei=2867&fit=crop","https://media.mango.com/is/image/punto/27061261-08-003?wid=2048&hei=2867&fit=crop","https://media.mango.com/is/image/punto/27061261-08-004?wid=2048&hei=2867&fit=crop","Default","Size","XXL","100-COTTON-SLIM-FIT-V-NECK-T-SHIRT-138-XXL",100,TRUE,FALSE,1192
"100-cotton-t-shirt-regular-fit-139","100% cotton T-shirt regular fit","Premium quality T-shirt from Mango.","published","https://media.mango.com/is/image/punto/27041264-32-002?wid=2048&hei=2867&fit=crop","https://media.mango.com/is/image/punto/27041264-32-001?wid=2048&hei=2867&fit=crop","https://media.mango.com/is/image/punto/27041264-32-003?wid=2048&hei=2867&fit=crop","https://media.mango.com/is/image/punto/27041264-32-004?wid=2048&hei=2867&fit=crop","Default","Size","XS","100-COTTON-T-SHIRT-REGULAR-FIT-139-XS",100,TRUE,FALSE,1992
"100-cotton-t-shirt-regular-fit-139","100% cotton T-shirt regular fit","Premium quality T-shirt from Mango.","published","https://media.mango.com/is/image/punto/27041264-32-002?wid=2048&hei=2867&fit=crop","https://media.mango.com/is/image/punto/27041264-32-001?wid=2048&hei=2867&fit=crop","https://media.mango.com/is/image/punto/27041264-32-003?wid=2048&hei=2867&fit=crop","https://media.mango.com/is/image/punto/27041264-32-004?wid=2048&hei=2867&fit=crop","Default","Size","S","100-COTTON-T-SHIRT-REGULAR-FIT-139-S",100,TRUE,FALSE,1992
"100-cotton-t-shirt-regular-fit-139","100% cotton T-shirt regular fit","Premium quality T-shirt from Mango.","published","https://media.mango.com/is/image/punto/27041264-32-002?wid=2048&hei=2867&fit=crop","https://media.mango.com/is/image/punto/27041264-32-001?wid=2048&hei=2867&fit=crop","https://media.mango.com/is/image/punto/27041264-32-003?wid=2048&hei=2867&fit=crop","https://media.mango.com/is/image/punto/27041264-32-004?wid=2048&hei=2867&fit=crop","Default","Size","M","100-COTTON-T-SHIRT-REGULAR-FIT-139-M",100,TRUE,FALSE,1992
"100-cotton-t-shirt-regular-fit-139","100% cotton T-shirt regular fit","Premium quality T-shirt from Mango.","published","https://media.mango.com/is/image/punto/27041264-32-002?wid=2048&hei=2867&fit=crop","https://media.mango.com/is/image/punto/27041264-32-001?wid=2048&hei=2867&fit=crop","https://media.mango.com/is/image/punto/27041264-32-003?wid=2048&hei=2867&fit=crop","https://media.mango.com/is/image/punto/27041264-32-004?wid=2048&hei=2867&fit=crop","Default","Size","L","100-COTTON-T-SHIRT-REGULAR-FIT-139-L",100,TRUE,FALSE,1992
"100-cotton-t-shirt-regular-fit-139","100% cotton T-shirt regular fit","Premium quality T-shirt from Mango.","published","https://media.mango.com/is/image/punto/27041264-32-002?wid=2048&hei=2867&fit=crop","https://media.mango.com/is/image/punto/27041264-32-001?wid=2048&hei=2867&fit=crop","https://media.mango.com/is/image/punto/27041264-32-003?wid=2048&hei=2867&fit=crop","https://media.mango.com/is/image/punto/27041264-32-004?wid=2048&hei=2867&fit=crop","Default","Size","XL","100-COTTON-T-SHIRT-REGULAR-FIT-139-XL",100,TRUE,FALSE,1992
"100-cotton-t-shirt-regular-fit-139","100% cotton T-shirt regular fit","Premium quality T-shirt from Mango.","published","https://media.mango.com/is/image/punto/27041264-32-002?wid=2048&hei=2867&fit=crop","https://media.mango.com/is/image/punto/27041264-32-001?wid=2048&hei=2867&fit=crop","https://media.mango.com/is/image/punto/27041264-32-003?wid=2048&hei=2867&fit=crop","https://media.mango.com/is/image/punto/27041264-32-004?wid=2048&hei=2867&fit=crop","Default","Size","XXL","100-COTTON-T-SHIRT-REGULAR-FIT-139-XXL",100,TRUE,FALSE,1992
"linen-blend-slim-fit-striped-t-shirt-140","Linen blend slim fit striped T-shirt","Premium quality T-shirt from Mango.","published","https://media.mango.com/is/image/punto/27067896-55-002?wid=2048&hei=2867&fit=crop","https://media.mango.com/is/image/punto/27067896-55-001?wid=2048&hei=2867&fit=crop","https://media.mango.com/is/image/punto/27067896-55-003?wid=2048&hei=2867&fit=crop","https://media.mango.com/is/image/punto/27067896-55-004?wid=2048&hei=2867&fit=crop","Default","Size","XS","LINEN-BLEND-SLIM-FIT-STRIPED-T-SHIRT-140-XS",100,TRUE,FALSE,3890
"linen-blend-slim-fit-striped-t-shirt-140","Linen blend slim fit striped T-shirt","Premium quality T-shirt from Mango.","published","https://media.mango.com/is/image/punto/27067896-55-002?wid=2048&hei=2867&fit=crop","https://media.mango.com/is/image/punto/27067896-55-001?wid=2048&hei=2867&fit=crop","https://media.mango.com/is/image/punto/27067896-55-003?wid=2048&hei=2867&fit=crop","https://media.mango.com/is/image/punto/27067896-55-004?wid=2048&hei=2867&fit=crop","Default","Size","S","LINEN-BLEND-SLIM-FIT-STRIPED-T-SHIRT-140-S",100,TRUE,FALSE,3890
"linen-blend-slim-fit-striped-t-shirt-140","Linen blend slim fit striped T-shirt","Premium quality T-shirt from Mango.","published","https://media.mango.com/is/image/punto/27067896-55-002?wid=2048&hei=2867&fit=crop","https://media.mango.com/is/image/punto/27067896-55-001?wid=2048&hei=2867&fit=crop","https://media.mango.com/is/image/punto/27067896-55-003?wid=2048&hei=2867&fit=crop","https://media.mango.com/is/image/punto/27067896-55-004?wid=2048&hei=2867&fit=crop","Default","Size","M","LINEN-BLEND-SLIM-FIT-STRIPED-T-SHIRT-140-M",100,TRUE,FALSE,3890
"linen-blend-slim-fit-striped-t-shirt-140","Linen blend slim fit striped T-shirt","Premium quality T-shirt from Mango.","published","https://media.mango.com/is/image/punto/27067896-55-002?wid=2048&hei=2867&fit=crop","https://media.mango.com/is/image/punto/27067896-55-001?wid=2048&hei=2867&fit=crop","https://media.mango.com/is/image/punto/27067896-55-003?wid=2048&hei=2867&fit=crop","https://media.mango.com/is/image/punto/27067896-55-004?wid=2048&hei=2867&fit=crop","Default","Size","L","LINEN-BLEND-SLIM-FIT-STRIPED-T-SHIRT-140-L",100,TRUE,FALSE,3890
"linen-blend-slim-fit-striped-t-shirt-140","Linen blend slim fit striped T-shirt","Premium quality T-shirt from Mango.","published","https://media.mango.com/is/image/punto/27067896-55-002?wid=2048&hei=2867&fit=crop","https://media.mango.com/is/image/punto/27067896-55-001?wid=2048&hei=2867&fit=crop","https://media.mango.com/is/image/punto/27067896-55-003?wid=2048&hei=2867&fit=crop","https://media.mango.com/is/image/punto/27067896-55-004?wid=2048&hei=2867&fit=crop","Default","Size","XL","LINEN-BLEND-SLIM-FIT-STRIPED-T-SHIRT-140-XL",100,TRUE,FALSE,3890
"linen-blend-slim-fit-striped-t-shirt-140","Linen blend slim fit striped T-shirt","Premium quality T-shirt from Mango.","published","https://media.mango.com/is/image/punto/27067896-55-002?wid=2048&hei=2867&fit=crop","https://media.mango.com/is/image/punto/27067896-55-001?wid=2048&hei=2867&fit=crop","https://media.mango.com/is/image/punto/27067896-55-003?wid=2048&hei=2867&fit=crop","https://media.mango.com/is/image/punto/27067896-55-004?wid=2048&hei=2867&fit=crop","Default","Size","XXL","LINEN-BLEND-SLIM-FIT-STRIPED-T-SHIRT-140-XXL",100,TRUE,FALSE,3890
"heavy-weight-relaxed-fit-t-shirt-141","Heavy weight relaxed fit T-shirt","Premium quality T-shirt from Mango.","published","https://media.mango.com/is/image/punto/27054430-39-002?wid=2048&hei=2867&fit=crop","https://media.mango.com/is/image/punto/27054430-39-001?wid=2048&hei=2867&fit=crop","https://media.mango.com/is/image/punto/27054430-39-003?wid=2048&hei=2867&fit=crop","https://media.mango.com/is/image/punto/27054430-39-004?wid=2048&hei=2867&fit=crop","Default","Size","XS","HEAVY-WEIGHT-RELAXED-FIT-T-SHIRT-141-XS",100,TRUE,FALSE,1592
"heavy-weight-relaxed-fit-t-shirt-141","Heavy weight relaxed fit T-shirt","Premium quality T-shirt from Mango.","published","https://media.mango.com/is/image/punto/27054430-39-002?wid=2048&hei=2867&fit=crop","https://media.mango.com/is/image/punto/27054430-39-001?wid=2048&hei=2867&fit=crop","https://media.mango.com/is/image/punto/27054430-39-003?wid=2048&hei=2867&fit=crop","https://media.mango.com/is/image/punto/27054430-39-004?wid=2048&hei=2867&fit=crop","Default","Size","S","HEAVY-WEIGHT-RELAXED-FIT-T-SHIRT-141-S",100,TRUE,FALSE,1592
"heavy-weight-relaxed-fit-t-shirt-141","Heavy weight relaxed fit T-shirt","Premium quality T-shirt from Mango.","published","https://media.mango.com/is/image/punto/27054430-39-002?wid=2048&hei=2867&fit=crop","https://media.mango.com/is/image/punto/27054430-39-001?wid=2048&hei=2867&fit=crop","https://media.mango.com/is/image/punto/27054430-39-003?wid=2048&hei=2867&fit=crop","https://media.mango.com/is/image/punto/27054430-39-004?wid=2048&hei=2867&fit=crop","Default","Size","M","HEAVY-WEIGHT-RELAXED-FIT-T-SHIRT-141-M",100,TRUE,FALSE,1592
"heavy-weight-relaxed-fit-t-shirt-141","Heavy weight relaxed fit T-shirt","Premium quality T-shirt from Mango.","published","https://media.mango.com/is/image/punto/27054430-39-002?wid=2048&hei=2867&fit=crop","https://media.mango.com/is/image/punto/27054430-39-001?wid=2048&hei=2867&fit=crop","https://media.mango.com/is/image/punto/27054430-39-003?wid=2048&hei=2867&fit=crop","https://media.mango.com/is/image/punto/27054430-39-004?wid=2048&hei=2867&fit=crop","Default","Size","L","HEAVY-WEIGHT-RELAXED-FIT-T-SHIRT-141-L",100,TRUE,FALSE,1592
"heavy-weight-relaxed-fit-t-shirt-141","Heavy weight relaxed fit T-shirt","Premium quality T-shirt from Mango.","published","https://media.mango.com/is/image/punto/27054430-39-002?wid=2048&hei=2867&fit=crop","https://media.mango.com/is/image/punto/27054430-39-001?wid=2048&hei=2867&fit=crop","https://media.mango.com/is/image/punto/27054430-39-003?wid=2048&hei=2867&fit=crop","https://media.mango.com/is/image/punto/27054430-39-004?wid=2048&hei=2867&fit=crop","Default","Size","XL","HEAVY-WEIGHT-RELAXED-FIT-T-SHIRT-141-XL",100,TRUE,FALSE,1592
"heavy-weight-relaxed-fit-t-shirt-141","Heavy weight relaxed fit T-shirt","Premium quality T-shirt from Mango.","published","https://media.mango.com/is/image/punto/27054430-39-002?wid=2048&hei=2867&fit=crop","https://media.mango.com/is/image/punto/27054430-39-001?wid=2048&hei=2867&fit=crop","https://media.mango.com/is/image/punto/27054430-39-003?wid=2048&hei=2867&fit=crop","https://media.mango.com/is/image/punto/27054430-39-004?wid=2048&hei=2867&fit=crop","Default","Size","XXL","HEAVY-WEIGHT-RELAXED-FIT-T-SHIRT-141-XXL",100,TRUE,FALSE,1592
"text-cotton-t-shirt-142","Text cotton T-shirt","Premium quality T-shirt from Mango.","published","https://media.mango.com/is/image/punto/27071238-70-002?wid=2048&hei=2867&fit=crop","https://media.mango.com/is/image/punto/27071238-70-001?wid=2048&hei=2867&fit=crop","https://media.mango.com/is/image/punto/27071238-70-003?wid=2048&hei=2867&fit=crop","https://media.mango.com/is/image/punto/27071238-70-004?wid=2048&hei=2867&fit=crop","Default","Size","XS","TEXT-COTTON-T-SHIRT-142-XS",100,TRUE,FALSE,2890
"text-cotton-t-shirt-142","Text cotton T-shirt","Premium quality T-shirt from Mango.","published","https://media.mango.com/is/image/punto/27071238-70-002?wid=2048&hei=2867&fit=crop","https://media.mango.com/is/image/punto/27071238-70-001?wid=2048&hei=2867&fit=crop","https://media.mango.com/is/image/punto/27071238-70-003?wid=2048&hei=2867&fit=crop","https://media.mango.com/is/image/punto/27071238-70-004?wid=2048&hei=2867&fit=crop","Default","Size","S","TEXT-COTTON-T-SHIRT-142-S",100,TRUE,FALSE,2890
"text-cotton-t-shirt-142","Text cotton T-shirt","Premium quality T-shirt from Mango.","published","https://media.mango.com/is/image/punto/27071238-70-002?wid=2048&hei=2867&fit=crop","https://media.mango.com/is/image/punto/27071238-70-001?wid=2048&hei=2867&fit=crop","https://media.mango.com/is/image/punto/27071238-70-003?wid=2048&hei=2867&fit=crop","https://media.mango.com/is/image/punto/27071238-70-004?wid=2048&hei=2867&fit=crop","Default","Size","M","TEXT-COTTON-T-SHIRT-142-M",100,TRUE,FALSE,2890
"text-cotton-t-shirt-142","Text cotton T-shirt","Premium quality T-shirt from Mango.","published","https://media.mango.com/is/image/punto/27071238-70-002?wid=2048&hei=2867&fit=crop","https://media.mango.com/is/image/punto/27071238-70-001?wid=2048&hei=2867&fit=crop","https://media.mango.com/is/image/punto/27071238-70-003?wid=2048&hei=2867&fit=crop","https://media.mango.com/is/image/punto/27071238-70-004?wid=2048&hei=2867&fit=crop","Default","Size","L","TEXT-COTTON-T-SHIRT-142-L",100,TRUE,FALSE,2890
"text-cotton-t-shirt-142","Text cotton T-shirt","Premium quality T-shirt from Mango.","published","https://media.mango.com/is/image/punto/27071238-70-002?wid=2048&hei=2867&fit=crop","https://media.mango.com/is/image/punto/27071238-70-001?wid=2048&hei=2867&fit=crop","https://media.mango.com/is/image/punto/27071238-70-003?wid=2048&hei=2867&fit=crop","https://media.mango.com/is/image/punto/27071238-70-004?wid=2048&hei=2867&fit=crop","Default","Size","XL","TEXT-COTTON-T-SHIRT-142-XL",100,TRUE,FALSE,2890
"text-cotton-t-shirt-142","Text cotton T-shirt","Premium quality T-shirt from Mango.","published","https://media.mango.com/is/image/punto/27071238-70-002?wid=2048&hei=2867&fit=crop","https://media.mango.com/is/image/punto/27071238-70-001?wid=2048&hei=2867&fit=crop","https://media.mango.com/is/image/punto/27071238-70-003?wid=2048&hei=2867&fit=crop","https://media.mango.com/is/image/punto/27071238-70-004?wid=2048&hei=2867&fit=crop","Default","Size","XXL","TEXT-COTTON-T-SHIRT-142-XXL",100,TRUE,FALSE,2890
"100-cotton-t-shirt-regular-fit-143","100% cotton T-shirt regular fit","Premium quality T-shirt from Mango.","published","https://media.mango.com/is/image/punto/27041264-50-002?wid=2048&hei=2867&fit=crop","https://media.mango.com/is/image/punto/27041264-50-001?wid=2048&hei=2867&fit=crop","https://media.mango.com/is/image/punto/27041264-50-003?wid=2048&hei=2867&fit=crop","https://media.mango.com/is/image/punto/27041264-50-004?wid=2048&hei=2867&fit=crop","Default","Size","XS","100-COTTON-T-SHIRT-REGULAR-FIT-143-XS",100,TRUE,FALSE,1992
"100-cotton-t-shirt-regular-fit-143","100% cotton T-shirt regular fit","Premium quality T-shirt from Mango.","published","https://media.mango.com/is/image/punto/27041264-50-002?wid=2048&hei=2867&fit=crop","https://media.mango.com/is/image/punto/27041264-50-001?wid=2048&hei=2867&fit=crop","https://media.mango.com/is/image/punto/27041264-50-003?wid=2048&hei=2867&fit=crop","https://media.mango.com/is/image/punto/27041264-50-004?wid=2048&hei=2867&fit=crop","Default","Size","S","100-COTTON-T-SHIRT-REGULAR-FIT-143-S",100,TRUE,FALSE,1992
"100-cotton-t-shirt-regular-fit-143","100% cotton T-shirt regular fit","Premium quality T-shirt from Mango.","published","https://media.mango.com/is/image/punto/27041264-50-002?wid=2048&hei=2867&fit=crop","https://media.mango.com/is/image/punto/27041264-50-001?wid=2048&hei=2867&fit=crop","https://media.mango.com/is/image/punto/27041264-50-003?wid=2048&hei=2867&fit=crop","https://media.mango.com/is/image/punto/27041264-50-004?wid=2048&hei=2867&fit=crop","Default","Size","M","100-COTTON-T-SHIRT-REGULAR-FIT-143-M",100,TRUE,FALSE,1992
"100-cotton-t-shirt-regular-fit-143","100% cotton T-shirt regular fit","Premium quality T-shirt from Mango.","published","https://media.mango.com/is/image/punto/27041264-50-002?wid=2048&hei=2867&fit=crop","https://media.mango.com/is/image/punto/27041264-50-001?wid=2048&hei=2867&fit=crop","https://media.mango.com/is/image/punto/27041264-50-003?wid=2048&hei=2867&fit=crop","https://media.mango.com/is/image/punto/27041264-50-004?wid=2048&hei=2867&fit=crop","Default","Size","L","100-COTTON-T-SHIRT-REGULAR-FIT-143-L",100,TRUE,FALSE,1992
"100-cotton-t-shirt-regular-fit-143","100% cotton T-shirt regular fit","Premium quality T-shirt from Mango.","published","https://media.mango.com/is/image/punto/27041264-50-002?wid=2048&hei=2867&fit=crop","https://media.mango.com/is/image/punto/27041264-50-001?wid=2048&hei=2867&fit=crop","https://media.mango.com/is/image/punto/27041264-50-003?wid=2048&hei=2867&fit=crop","https://media.mango.com/is/image/punto/27041264-50-004?wid=2048&hei=2867&fit=crop","Default","Size","XL","100-COTTON-T-SHIRT-REGULAR-FIT-143-XL",100,TRUE,FALSE,1992
"100-cotton-t-shirt-regular-fit-143","100% cotton T-shirt regular fit","Premium quality T-shirt from Mango.","published","https://media.mango.com/is/image/punto/27041264-50-002?wid=2048&hei=2867&fit=crop","https://media.mango.com/is/image/punto/27041264-50-001?wid=2048&hei=2867&fit=crop","https://media.mango.com/is/image/punto/27041264-50-003?wid=2048&hei=2867&fit=crop","https://media.mango.com/is/image/punto/27041264-50-004?wid=2048&hei=2867&fit=crop","Default","Size","XXL","100-COTTON-T-SHIRT-REGULAR-FIT-143-XXL",100,TRUE,FALSE,1992
"100-cotton-slim-fit-t-shirt-144","100% cotton slim-fit t-shirt","Premium quality T-shirt from Mango.","published","https://media.mango.com/is/image/punto/27041263-50-002?wid=2048&hei=2867&fit=crop","https://media.mango.com/is/image/punto/27041263-50-001?wid=2048&hei=2867&fit=crop","https://media.mango.com/is/image/punto/27041263-50-003?wid=2048&hei=2867&fit=crop","https://media.mango.com/is/image/punto/27041263-50-004?wid=2048&hei=2867&fit=crop","Default","Size","XS","100-COTTON-SLIM-FIT-T-SHIRT-144-XS",100,TRUE,FALSE,1192
"100-cotton-slim-fit-t-shirt-144","100% cotton slim-fit t-shirt","Premium quality T-shirt from Mango.","published","https://media.mango.com/is/image/punto/27041263-50-002?wid=2048&hei=2867&fit=crop","https://media.mango.com/is/image/punto/27041263-50-001?wid=2048&hei=2867&fit=crop","https://media.mango.com/is/image/punto/27041263-50-003?wid=2048&hei=2867&fit=crop","https://media.mango.com/is/image/punto/27041263-50-004?wid=2048&hei=2867&fit=crop","Default","Size","S","100-COTTON-SLIM-FIT-T-SHIRT-144-S",100,TRUE,FALSE,1192
"100-cotton-slim-fit-t-shirt-144","100% cotton slim-fit t-shirt","Premium quality T-shirt from Mango.","published","https://media.mango.com/is/image/punto/27041263-50-002?wid=2048&hei=2867&fit=crop","https://media.mango.com/is/image/punto/27041263-50-001?wid=2048&hei=2867&fit=crop","https://media.mango.com/is/image/punto/27041263-50-003?wid=2048&hei=2867&fit=crop","https://media.mango.com/is/image/punto/27041263-50-004?wid=2048&hei=2867&fit=crop","Default","Size","M","100-COTTON-SLIM-FIT-T-SHIRT-144-M",100,TRUE,FALSE,1192
"100-cotton-slim-fit-t-shirt-144","100% cotton slim-fit t-shirt","Premium quality T-shirt from Mango.","published","https://media.mango.com/is/image/punto/27041263-50-002?wid=2048&hei=2867&fit=crop","https://media.mango.com/is/image/punto/27041263-50-001?wid=2048&hei=2867&fit=crop","https://media.mango.com/is/image/punto/27041263-50-003?wid=2048&hei=2867&fit=crop","https://media.mango.com/is/image/punto/27041263-50-004?wid=2048&hei=2867&fit=crop","Default","Size","L","100-COTTON-SLIM-FIT-T-SHIRT-144-L",100,TRUE,FALSE,1192
"100-cotton-slim-fit-t-shirt-144","100% cotton slim-fit t-shirt","Premium quality T-shirt from Mango.","published","https://media.mango.com/is/image/punto/27041263-50-002?wid=2048&hei=2867&fit=crop","https://media.mango.com/is/image/punto/27041263-50-001?wid=2048&hei=2867&fit=crop","https://media.mango.com/is/image/punto/27041263-50-003?wid=2048&hei=2867&fit=crop","https://media.mango.com/is/image/punto/27041263-50-004?wid=2048&hei=2867&fit=crop","Default","Size","XL","100-COTTON-SLIM-FIT-T-SHIRT-144-XL",100,TRUE,FALSE,1192
"100-cotton-slim-fit-t-shirt-144","100% cotton slim-fit t-shirt","Premium quality T-shirt from Mango.","published","https://media.mango.com/is/image/punto/27041263-50-002?wid=2048&hei=2867&fit=crop","https://media.mango.com/is/image/punto/27041263-50-001?wid=2048&hei=2867&fit=crop","https://media.mango.com/is/image/punto/27041263-50-003?wid=2048&hei=2867&fit=crop","https://media.mango.com/is/image/punto/27041263-50-004?wid=2048&hei=2867&fit=crop","Default","Size","XXL","100-COTTON-SLIM-FIT-T-SHIRT-144-XXL",100,TRUE,FALSE,1192
"slim-fit-short-sleeved-t-shirt-145","Slim-fit short-sleeved t-shirt","Premium quality T-shirt from Mango.","published","https://media.mango.com/is/image/punto/27021243-50-002?wid=2048&hei=2867&fit=crop","https://media.mango.com/is/image/punto/27021243-50-001?wid=2048&hei=2867&fit=crop","https://media.mango.com/is/image/punto/27021243-50-003?wid=2048&hei=2867&fit=crop","https://media.mango.com/is/image/punto/27021243-50-004?wid=2048&hei=2867&fit=crop","Default","Size","XS","SLIM-FIT-SHORT-SLEEVED-T-SHIRT-145-XS",100,TRUE,FALSE,1043
"slim-fit-short-sleeved-t-shirt-145","Slim-fit short-sleeved t-shirt","Premium quality T-shirt from Mango.","published","https://media.mango.com/is/image/punto/27021243-50-002?wid=2048&hei=2867&fit=crop","https://media.mango.com/is/image/punto/27021243-50-001?wid=2048&hei=2867&fit=crop","https://media.mango.com/is/image/punto/27021243-50-003?wid=2048&hei=2867&fit=crop","https://media.mango.com/is/image/punto/27021243-50-004?wid=2048&hei=2867&fit=crop","Default","Size","S","SLIM-FIT-SHORT-SLEEVED-T-SHIRT-145-S",100,TRUE,FALSE,1043
"slim-fit-short-sleeved-t-shirt-145","Slim-fit short-sleeved t-shirt","Premium quality T-shirt from Mango.","published","https://media.mango.com/is/image/punto/27021243-50-002?wid=2048&hei=2867&fit=crop","https://media.mango.com/is/image/punto/27021243-50-001?wid=2048&hei=2867&fit=crop","https://media.mango.com/is/image/punto/27021243-50-003?wid=2048&hei=2867&fit=crop","https://media.mango.com/is/image/punto/27021243-50-004?wid=2048&hei=2867&fit=crop","Default","Size","M","SLIM-FIT-SHORT-SLEEVED-T-SHIRT-145-M",100,TRUE,FALSE,1043
"slim-fit-short-sleeved-t-shirt-145","Slim-fit short-sleeved t-shirt","Premium quality T-shirt from Mango.","published","https://media.mango.com/is/image/punto/27021243-50-002?wid=2048&hei=2867&fit=crop","https://media.mango.com/is/image/punto/27021243-50-001?wid=2048&hei=2867&fit=crop","https://media.mango.com/is/image/punto/27021243-50-003?wid=2048&hei=2867&fit=crop","https://media.mango.com/is/image/punto/27021243-50-004?wid=2048&hei=2867&fit=crop","Default","Size","L","SLIM-FIT-SHORT-SLEEVED-T-SHIRT-145-L",100,TRUE,FALSE,1043
"slim-fit-short-sleeved-t-shirt-145","Slim-fit short-sleeved t-shirt","Premium quality T-shirt from Mango.","published","https://media.mango.com/is/image/punto/27021243-50-002?wid=2048&hei=2867&fit=crop","https://media.mango.com/is/image/punto/27021243-50-001?wid=2048&hei=2867&fit=crop","https://media.mango.com/is/image/punto/27021243-50-003?wid=2048&hei=2867&fit=crop","https://media.mango.com/is/image/punto/27021243-50-004?wid=2048&hei=2867&fit=crop","Default","Size","XL","SLIM-FIT-SHORT-SLEEVED-T-SHIRT-145-XL",100,TRUE,FALSE,1043
"slim-fit-short-sleeved-t-shirt-145","Slim-fit short-sleeved t-shirt","Premium quality T-shirt from Mango.","published","https://media.mango.com/is/image/punto/27021243-50-002?wid=2048&hei=2867&fit=crop","https://media.mango.com/is/image/punto/27021243-50-001?wid=2048&hei=2867&fit=crop","https://media.mango.com/is/image/punto/27021243-50-003?wid=2048&hei=2867&fit=crop","https://media.mango.com/is/image/punto/27021243-50-004?wid=2048&hei=2867&fit=crop","Default","Size","XXL","SLIM-FIT-SHORT-SLEEVED-T-SHIRT-145-XXL",100,TRUE,FALSE,1043
"100-cotton-slim-fit-v-neck-t-shirt-146","100% cotton slim-fit V-neck t-shirt","Premium quality T-shirt from Mango.","published","https://media.mango.com/is/image/punto/27061261-78-002?wid=2048&hei=2867&fit=crop","https://media.mango.com/is/image/punto/27061261-78-001?wid=2048&hei=2867&fit=crop","https://media.mango.com/is/image/punto/27061261-78-003?wid=2048&hei=2867&fit=crop","https://media.mango.com/is/image/punto/27061261-78-004?wid=2048&hei=2867&fit=crop","Default","Size","XS","100-COTTON-SLIM-FIT-V-NECK-T-SHIRT-146-XS",100,TRUE,FALSE,1192
"100-cotton-slim-fit-v-neck-t-shirt-146","100% cotton slim-fit V-neck t-shirt","Premium quality T-shirt from Mango.","published","https://media.mango.com/is/image/punto/27061261-78-002?wid=2048&hei=2867&fit=crop","https://media.mango.com/is/image/punto/27061261-78-001?wid=2048&hei=2867&fit=crop","https://media.mango.com/is/image/punto/27061261-78-003?wid=2048&hei=2867&fit=crop","https://media.mango.com/is/image/punto/27061261-78-004?wid=2048&hei=2867&fit=crop","Default","Size","S","100-COTTON-SLIM-FIT-V-NECK-T-SHIRT-146-S",100,TRUE,FALSE,1192
"100-cotton-slim-fit-v-neck-t-shirt-146","100% cotton slim-fit V-neck t-shirt","Premium quality T-shirt from Mango.","published","https://media.mango.com/is/image/punto/27061261-78-002?wid=2048&hei=2867&fit=crop","https://media.mango.com/is/image/punto/27061261-78-001?wid=2048&hei=2867&fit=crop","https://media.mango.com/is/image/punto/27061261-78-003?wid=2048&hei=2867&fit=crop","https://media.mango.com/is/image/punto/27061261-78-004?wid=2048&hei=2867&fit=crop","Default","Size","M","100-COTTON-SLIM-FIT-V-NECK-T-SHIRT-146-M",100,TRUE,FALSE,1192
"100-cotton-slim-fit-v-neck-t-shirt-146","100% cotton slim-fit V-neck t-shirt","Premium quality T-shirt from Mango.","published","https://media.mango.com/is/image/punto/27061261-78-002?wid=2048&hei=2867&fit=crop","https://media.mango.com/is/image/punto/27061261-78-001?wid=2048&hei=2867&fit=crop","https://media.mango.com/is/image/punto/27061261-78-003?wid=2048&hei=2867&fit=crop","https://media.mango.com/is/image/punto/27061261-78-004?wid=2048&hei=2867&fit=crop","Default","Size","L","100-COTTON-SLIM-FIT-V-NECK-T-SHIRT-146-L",100,TRUE,FALSE,1192
"100-cotton-slim-fit-v-neck-t-shirt-146","100% cotton slim-fit V-neck t-shirt","Premium quality T-shirt from Mango.","published","https://media.mango.com/is/image/punto/27061261-78-002?wid=2048&hei=2867&fit=crop","https://media.mango.com/is/image/punto/27061261-78-001?wid=2048&hei=2867&fit=crop","https://media.mango.com/is/image/punto/27061261-78-003?wid=2048&hei=2867&fit=crop","https://media.mango.com/is/image/punto/27061261-78-004?wid=2048&hei=2867&fit=crop","Default","Size","XL","100-COTTON-SLIM-FIT-V-NECK-T-SHIRT-146-XL",100,TRUE,FALSE,1192
"100-cotton-slim-fit-v-neck-t-shirt-146","100% cotton slim-fit V-neck t-shirt","Premium quality T-shirt from Mango.","published","https://media.mango.com/is/image/punto/27061261-78-002?wid=2048&hei=2867&fit=crop","https://media.mango.com/is/image/punto/27061261-78-001?wid=2048&hei=2867&fit=crop","https://media.mango.com/is/image/punto/27061261-78-003?wid=2048&hei=2867&fit=crop","https://media.mango.com/is/image/punto/27061261-78-004?wid=2048&hei=2867&fit=crop","Default","Size","XXL","100-COTTON-SLIM-FIT-V-NECK-T-SHIRT-146-XXL",100,TRUE,FALSE,1192
"medium-weight-regular-fit-t-shirt-147","Medium weight regular fit T-shirt","Premium quality T-shirt from Mango.","published","https://media.mango.com/is/image/punto/27041262-58-002?wid=2048&hei=2867&fit=crop","https://media.mango.com/is/image/punto/27041262-58-001?wid=2048&hei=2867&fit=crop","https://media.mango.com/is/image/punto/27041262-58-003?wid=2048&hei=2867&fit=crop","https://media.mango.com/is/image/punto/27041262-58-004?wid=2048&hei=2867&fit=crop","Default","Size","XS","MEDIUM-WEIGHT-REGULAR-FIT-T-SHIRT-147-XS",100,TRUE,FALSE,1992
"medium-weight-regular-fit-t-shirt-147","Medium weight regular fit T-shirt","Premium quality T-shirt from Mango.","published","https://media.mango.com/is/image/punto/27041262-58-002?wid=2048&hei=2867&fit=crop","https://media.mango.com/is/image/punto/27041262-58-001?wid=2048&hei=2867&fit=crop","https://media.mango.com/is/image/punto/27041262-58-003?wid=2048&hei=2867&fit=crop","https://media.mango.com/is/image/punto/27041262-58-004?wid=2048&hei=2867&fit=crop","Default","Size","S","MEDIUM-WEIGHT-REGULAR-FIT-T-SHIRT-147-S",100,TRUE,FALSE,1992
"medium-weight-regular-fit-t-shirt-147","Medium weight regular fit T-shirt","Premium quality T-shirt from Mango.","published","https://media.mango.com/is/image/punto/27041262-58-002?wid=2048&hei=2867&fit=crop","https://media.mango.com/is/image/punto/27041262-58-001?wid=2048&hei=2867&fit=crop","https://media.mango.com/is/image/punto/27041262-58-003?wid=2048&hei=2867&fit=crop","https://media.mango.com/is/image/punto/27041262-58-004?wid=2048&hei=2867&fit=crop","Default","Size","M","MEDIUM-WEIGHT-REGULAR-FIT-T-SHIRT-147-M",100,TRUE,FALSE,1992
"medium-weight-regular-fit-t-shirt-147","Medium weight regular fit T-shirt","Premium quality T-shirt from Mango.","published","https://media.mango.com/is/image/punto/27041262-58-002?wid=2048&hei=2867&fit=crop","https://media.mango.com/is/image/punto/27041262-58-001?wid=2048&hei=2867&fit=crop","https://media.mango.com/is/image/punto/27041262-58-003?wid=2048&hei=2867&fit=crop","https://media.mango.com/is/image/punto/27041262-58-004?wid=2048&hei=2867&fit=crop","Default","Size","L","MEDIUM-WEIGHT-REGULAR-FIT-T-SHIRT-147-L",100,TRUE,FALSE,1992
"medium-weight-regular-fit-t-shirt-147","Medium weight regular fit T-shirt","Premium quality T-shirt from Mango.","published","https://media.mango.com/is/image/punto/27041262-58-002?wid=2048&hei=2867&fit=crop","https://media.mango.com/is/image/punto/27041262-58-001?wid=2048&hei=2867&fit=crop","https://media.mango.com/is/image/punto/27041262-58-003?wid=2048&hei=2867&fit=crop","https://media.mango.com/is/image/punto/27041262-58-004?wid=2048&hei=2867&fit=crop","Default","Size","XL","MEDIUM-WEIGHT-REGULAR-FIT-T-SHIRT-147-XL",100,TRUE,FALSE,1992
"medium-weight-regular-fit-t-shirt-147","Medium weight regular fit T-shirt","Premium quality T-shirt from Mango.","published","https://media.mango.com/is/image/punto/27041262-58-002?wid=2048&hei=2867&fit=crop","https://media.mango.com/is/image/punto/27041262-58-001?wid=2048&hei=2867&fit=crop","https://media.mango.com/is/image/punto/27041262-58-003?wid=2048&hei=2867&fit=crop","https://media.mango.com/is/image/punto/27041262-58-004?wid=2048&hei=2867&fit=crop","Default","Size","XXL","MEDIUM-WEIGHT-REGULAR-FIT-T-SHIRT-147-XXL",100,TRUE,FALSE,1992
"heavyweight-graphic-embroidered-t-shirt-148","Heavyweight graphic embroidered T-shirt","Premium quality T-shirt from Mango.","published","https://media.mango.com/is/image/punto/27054438-56-002?wid=2048&hei=2867&fit=crop","https://media.mango.com/is/image/punto/27054438-56-001?wid=2048&hei=2867&fit=crop","https://media.mango.com/is/image/punto/27054438-56-003?wid=2048&hei=2867&fit=crop","https://media.mango.com/is/image/punto/27054438-56-004?wid=2048&hei=2867&fit=crop","Default","Size","XS","HEAVYWEIGHT-GRAPHIC-EMBROIDERED-T-SHIRT-148-XS",100,TRUE,FALSE,3290
"heavyweight-graphic-embroidered-t-shirt-148","Heavyweight graphic embroidered T-shirt","Premium quality T-shirt from Mango.","published","https://media.mango.com/is/image/punto/27054438-56-002?wid=2048&hei=2867&fit=crop","https://media.mango.com/is/image/punto/27054438-56-001?wid=2048&hei=2867&fit=crop","https://media.mango.com/is/image/punto/27054438-56-003?wid=2048&hei=2867&fit=crop","https://media.mango.com/is/image/punto/27054438-56-004?wid=2048&hei=2867&fit=crop","Default","Size","S","HEAVYWEIGHT-GRAPHIC-EMBROIDERED-T-SHIRT-148-S",100,TRUE,FALSE,3290
"heavyweight-graphic-embroidered-t-shirt-148","Heavyweight graphic embroidered T-shirt","Premium quality T-shirt from Mango.","published","https://media.mango.com/is/image/punto/27054438-56-002?wid=2048&hei=2867&fit=crop","https://media.mango.com/is/image/punto/27054438-56-001?wid=2048&hei=2867&fit=crop","https://media.mango.com/is/image/punto/27054438-56-003?wid=2048&hei=2867&fit=crop","https://media.mango.com/is/image/punto/27054438-56-004?wid=2048&hei=2867&fit=crop","Default","Size","M","HEAVYWEIGHT-GRAPHIC-EMBROIDERED-T-SHIRT-148-M",100,TRUE,FALSE,3290
"heavyweight-graphic-embroidered-t-shirt-148","Heavyweight graphic embroidered T-shirt","Premium quality T-shirt from Mango.","published","https://media.mango.com/is/image/punto/27054438-56-002?wid=2048&hei=2867&fit=crop","https://media.mango.com/is/image/punto/27054438-56-001?wid=2048&hei=2867&fit=crop","https://media.mango.com/is/image/punto/27054438-56-003?wid=2048&hei=2867&fit=crop","https://media.mango.com/is/image/punto/27054438-56-004?wid=2048&hei=2867&fit=crop","Default","Size","L","HEAVYWEIGHT-GRAPHIC-EMBROIDERED-T-SHIRT-148-L",100,TRUE,FALSE,3290
"heavyweight-graphic-embroidered-t-shirt-148","Heavyweight graphic embroidered T-shirt","Premium quality T-shirt from Mango.","published","https://media.mango.com/is/image/punto/27054438-56-002?wid=2048&hei=2867&fit=crop","https://media.mango.com/is/image/punto/27054438-56-001?wid=2048&hei=2867&fit=crop","https://media.mango.com/is/image/punto/27054438-56-003?wid=2048&hei=2867&fit=crop","https://media.mango.com/is/image/punto/27054438-56-004?wid=2048&hei=2867&fit=crop","Default","Size","XL","HEAVYWEIGHT-GRAPHIC-EMBROIDERED-T-SHIRT-148-XL",100,TRUE,FALSE,3290
"heavyweight-graphic-embroidered-t-shirt-148","Heavyweight graphic embroidered T-shirt","Premium quality T-shirt from Mango.","published","https://media.mango.com/is/image/punto/27054438-56-002?wid=2048&hei=2867&fit=crop","https://media.mango.com/is/image/punto/27054438-56-001?wid=2048&hei=2867&fit=crop","https://media.mango.com/is/image/punto/27054438-56-003?wid=2048&hei=2867&fit=crop","https://media.mango.com/is/image/punto/27054438-56-004?wid=2048&hei=2867&fit=crop","Default","Size","XXL","HEAVYWEIGHT-GRAPHIC-EMBROIDERED-T-SHIRT-148-XXL",100,TRUE,FALSE,3290
"medium-weight-regular-fit-t-shirt-149","Medium weight regular fit T-shirt","Premium quality T-shirt from Mango.","published","https://media.mango.com/is/image/punto/27041262-83-002?wid=2048&hei=2867&fit=crop","https://media.mango.com/is/image/punto/27041262-83-001?wid=2048&hei=2867&fit=crop","https://media.mango.com/is/image/punto/27041262-83-003?wid=2048&hei=2867&fit=crop","https://media.mango.com/is/image/punto/27041262-83-004?wid=2048&hei=2867&fit=crop","Default","Size","XS","MEDIUM-WEIGHT-REGULAR-FIT-T-SHIRT-149-XS",100,TRUE,FALSE,1992
"medium-weight-regular-fit-t-shirt-149","Medium weight regular fit T-shirt","Premium quality T-shirt from Mango.","published","https://media.mango.com/is/image/punto/27041262-83-002?wid=2048&hei=2867&fit=crop","https://media.mango.com/is/image/punto/27041262-83-001?wid=2048&hei=2867&fit=crop","https://media.mango.com/is/image/punto/27041262-83-003?wid=2048&hei=2867&fit=crop","https://media.mango.com/is/image/punto/27041262-83-004?wid=2048&hei=2867&fit=crop","Default","Size","S","MEDIUM-WEIGHT-REGULAR-FIT-T-SHIRT-149-S",100,TRUE,FALSE,1992
"medium-weight-regular-fit-t-shirt-149","Medium weight regular fit T-shirt","Premium quality T-shirt from Mango.","published","https://media.mango.com/is/image/punto/27041262-83-002?wid=2048&hei=2867&fit=crop","https://media.mango.com/is/image/punto/27041262-83-001?wid=2048&hei=2867&fit=crop","https://media.mango.com/is/image/punto/27041262-83-003?wid=2048&hei=2867&fit=crop","https://media.mango.com/is/image/punto/27041262-83-004?wid=2048&hei=2867&fit=crop","Default","Size","M","MEDIUM-WEIGHT-REGULAR-FIT-T-SHIRT-149-M",100,TRUE,FALSE,1992
"medium-weight-regular-fit-t-shirt-149","Medium weight regular fit T-shirt","Premium quality T-shirt from Mango.","published","https://media.mango.com/is/image/punto/27041262-83-002?wid=2048&hei=2867&fit=crop","https://media.mango.com/is/image/punto/27041262-83-001?wid=2048&hei=2867&fit=crop","https://media.mango.com/is/image/punto/27041262-83-003?wid=2048&hei=2867&fit=crop","https://media.mango.com/is/image/punto/27041262-83-004?wid=2048&hei=2867&fit=crop","Default","Size","L","MEDIUM-WEIGHT-REGULAR-FIT-T-SHIRT-149-L",100,TRUE,FALSE,1992
"medium-weight-regular-fit-t-shirt-149","Medium weight regular fit T-shirt","Premium quality T-shirt from Mango.","published","https://media.mango.com/is/image/punto/27041262-83-002?wid=2048&hei=2867&fit=crop","https://media.mango.com/is/image/punto/27041262-83-001?wid=2048&hei=2867&fit=crop","https://media.mango.com/is/image/punto/27041262-83-003?wid=2048&hei=2867&fit=crop","https://media.mango.com/is/image/punto/27041262-83-004?wid=2048&hei=2867&fit=crop","Default","Size","XL","MEDIUM-WEIGHT-REGULAR-FIT-T-SHIRT-149-XL",100,TRUE,FALSE,1992
"medium-weight-regular-fit-t-shirt-149","Medium weight regular fit T-shirt","Premium quality T-shirt from Mango.","published","https://media.mango.com/is/image/punto/27041262-83-002?wid=2048&hei=2867&fit=crop","https://media.mango.com/is/image/punto/27041262-83-001?wid=2048&hei=2867&fit=crop","https://media.mango.com/is/image/punto/27041262-83-003?wid=2048&hei=2867&fit=crop","https://media.mango.com/is/image/punto/27041262-83-004?wid=2048&hei=2867&fit=crop","Default","Size","XXL","MEDIUM-WEIGHT-REGULAR-FIT-T-SHIRT-149-XXL",100,TRUE,FALSE,1992
"100-cotton-slim-fit-t-shirt-150","100% cotton slim-fit t-shirt","Premium quality T-shirt from Mango.","published","https://media.mango.com/is/image/punto/27041263-10-002?wid=2048&hei=2867&fit=crop","https://media.mango.com/is/image/punto/27041263-10-001?wid=2048&hei=2867&fit=crop","https://media.mango.com/is/image/punto/27041263-10-003?wid=2048&hei=2867&fit=crop","https://media.mango.com/is/image/punto/27041263-10-004?wid=2048&hei=2867&fit=crop","Default","Size","XS","100-COTTON-SLIM-FIT-T-SHIRT-150-XS",100,TRUE,FALSE,1192
"100-cotton-slim-fit-t-shirt-150","100% cotton slim-fit t-shirt","Premium quality T-shirt from Mango.","published","https://media.mango.com/is/image/punto/27041263-10-002?wid=2048&hei=2867&fit=crop","https://media.mango.com/is/image/punto/27041263-10-001?wid=2048&hei=2867&fit=crop","https://media.mango.com/is/image/punto/27041263-10-003?wid=2048&hei=2867&fit=crop","https://media.mango.com/is/image/punto/27041263-10-004?wid=2048&hei=2867&fit=crop","Default","Size","S","100-COTTON-SLIM-FIT-T-SHIRT-150-S",100,TRUE,FALSE,1192
"100-cotton-slim-fit-t-shirt-150","100% cotton slim-fit t-shirt","Premium quality T-shirt from Mango.","published","https://media.mango.com/is/image/punto/27041263-10-002?wid=2048&hei=2867&fit=crop","https://media.mango.com/is/image/punto/27041263-10-001?wid=2048&hei=2867&fit=crop","https://media.mango.com/is/image/punto/27041263-10-003?wid=2048&hei=2867&fit=crop","https://media.mango.com/is/image/punto/27041263-10-004?wid=2048&hei=2867&fit=crop","Default","Size","M","100-COTTON-SLIM-FIT-T-SHIRT-150-M",100,TRUE,FALSE,1192
"100-cotton-slim-fit-t-shirt-150","100% cotton slim-fit t-shirt","Premium quality T-shirt from Mango.","published","https://media.mango.com/is/image/punto/27041263-10-002?wid=2048&hei=2867&fit=crop","https://media.mango.com/is/image/punto/27041263-10-001?wid=2048&hei=2867&fit=crop","https://media.mango.com/is/image/punto/27041263-10-003?wid=2048&hei=2867&fit=crop","https://media.mango.com/is/image/punto/27041263-10-004?wid=2048&hei=2867&fit=crop","Default","Size","L","100-COTTON-SLIM-FIT-T-SHIRT-150-L",100,TRUE,FALSE,1192
"100-cotton-slim-fit-t-shirt-150","100% cotton slim-fit t-shirt","Premium quality T-shirt from Mango.","published","https://media.mango.com/is/image/punto/27041263-10-002?wid=2048&hei=2867&fit=crop","https://media.mango.com/is/image/punto/27041263-10-001?wid=2048&hei=2867&fit=crop","https://media.mango.com/is/image/punto/27041263-10-003?wid=2048&hei=2867&fit=crop","https://media.mango.com/is/image/punto/27041263-10-004?wid=2048&hei=2867&fit=crop","Default","Size","XL","100-COTTON-SLIM-FIT-T-SHIRT-150-XL",100,TRUE,FALSE,1192
"100-cotton-slim-fit-t-shirt-150","100% cotton slim-fit t-shirt","Premium quality T-shirt from Mango.","published","https://media.mango.com/is/image/punto/27041263-10-002?wid=2048&hei=2867&fit=crop","https://media.mango.com/is/image/punto/27041263-10-001?wid=2048&hei=2867&fit=crop","https://media.mango.com/is/image/punto/27041263-10-003?wid=2048&hei=2867&fit=crop","https://media.mango.com/is/image/punto/27041263-10-004?wid=2048&hei=2867&fit=crop","Default","Size","XXL","100-COTTON-SLIM-FIT-T-SHIRT-150-XXL",100,TRUE,FALSE,1192
"100-cotton-t-shirt-regular-fit-151","100% cotton T-shirt regular fit","Premium quality T-shirt from Mango.","published","https://media.mango.com/is/image/punto/27045964-41-002?wid=2048&hei=2867&fit=crop","https://media.mango.com/is/image/punto/27045964-41-001?wid=2048&hei=2867&fit=crop","https://media.mango.com/is/image/punto/27045964-41-003?wid=2048&hei=2867&fit=crop","https://media.mango.com/is/image/punto/27045964-41-004?wid=2048&hei=2867&fit=crop","Default","Size","XS","100-COTTON-T-SHIRT-REGULAR-FIT-151-XS",100,TRUE,FALSE,2303
"100-cotton-t-shirt-regular-fit-151","100% cotton T-shirt regular fit","Premium quality T-shirt from Mango.","published","https://media.mango.com/is/image/punto/27045964-41-002?wid=2048&hei=2867&fit=crop","https://media.mango.com/is/image/punto/27045964-41-001?wid=2048&hei=2867&fit=crop","https://media.mango.com/is/image/punto/27045964-41-003?wid=2048&hei=2867&fit=crop","https://media.mango.com/is/image/punto/27045964-41-004?wid=2048&hei=2867&fit=crop","Default","Size","S","100-COTTON-T-SHIRT-REGULAR-FIT-151-S",100,TRUE,FALSE,2303
"100-cotton-t-shirt-regular-fit-151","100% cotton T-shirt regular fit","Premium quality T-shirt from Mango.","published","https://media.mango.com/is/image/punto/27045964-41-002?wid=2048&hei=2867&fit=crop","https://media.mango.com/is/image/punto/27045964-41-001?wid=2048&hei=2867&fit=crop","https://media.mango.com/is/image/punto/27045964-41-003?wid=2048&hei=2867&fit=crop","https://media.mango.com/is/image/punto/27045964-41-004?wid=2048&hei=2867&fit=crop","Default","Size","M","100-COTTON-T-SHIRT-REGULAR-FIT-151-M",100,TRUE,FALSE,2303
"100-cotton-t-shirt-regular-fit-151","100% cotton T-shirt regular fit","Premium quality T-shirt from Mango.","published","https://media.mango.com/is/image/punto/27045964-41-002?wid=2048&hei=2867&fit=crop","https://media.mango.com/is/image/punto/27045964-41-001?wid=2048&hei=2867&fit=crop","https://media.mango.com/is/image/punto/27045964-41-003?wid=2048&hei=2867&fit=crop","https://media.mango.com/is/image/punto/27045964-41-004?wid=2048&hei=2867&fit=crop","Default","Size","L","100-COTTON-T-SHIRT-REGULAR-FIT-151-L",100,TRUE,FALSE,2303
"100-cotton-t-shirt-regular-fit-151","100% cotton T-shirt regular fit","Premium quality T-shirt from Mango.","published","https://media.mango.com/is/image/punto/27045964-41-002?wid=2048&hei=2867&fit=crop","https://media.mango.com/is/image/punto/27045964-41-001?wid=2048&hei=2867&fit=crop","https://media.mango.com/is/image/punto/27045964-41-003?wid=2048&hei=2867&fit=crop","https://media.mango.com/is/image/punto/27045964-41-004?wid=2048&hei=2867&fit=crop","Default","Size","XL","100-COTTON-T-SHIRT-REGULAR-FIT-151-XL",100,TRUE,FALSE,2303
"100-cotton-t-shirt-regular-fit-151","100% cotton T-shirt regular fit","Premium quality T-shirt from Mango.","published","https://media.mango.com/is/image/punto/27045964-41-002?wid=2048&hei=2867&fit=crop","https://media.mango.com/is/image/punto/27045964-41-001?wid=2048&hei=2867&fit=crop","https://media.mango.com/is/image/punto/27045964-41-003?wid=2048&hei=2867&fit=crop","https://media.mango.com/is/image/punto/27045964-41-004?wid=2048&hei=2867&fit=crop","Default","Size","XXL","100-COTTON-T-SHIRT-REGULAR-FIT-151-XXL",100,TRUE,FALSE,2303
"100-cotton-slim-fit-t-shirt-152","100% cotton slim-fit t-shirt","Premium quality T-shirt from Mango.","published","https://media.mango.com/is/image/punto/27041263-48-002?wid=2048&hei=2867&fit=crop","https://media.mango.com/is/image/punto/27041263-48-001?wid=2048&hei=2867&fit=crop","https://media.mango.com/is/image/punto/27041263-48-003?wid=2048&hei=2867&fit=crop","https://media.mango.com/is/image/punto/27041263-48-004?wid=2048&hei=2867&fit=crop","Default","Size","XS","100-COTTON-SLIM-FIT-T-SHIRT-152-XS",100,TRUE,FALSE,1192
"100-cotton-slim-fit-t-shirt-152","100% cotton slim-fit t-shirt","Premium quality T-shirt from Mango.","published","https://media.mango.com/is/image/punto/27041263-48-002?wid=2048&hei=2867&fit=crop","https://media.mango.com/is/image/punto/27041263-48-001?wid=2048&hei=2867&fit=crop","https://media.mango.com/is/image/punto/27041263-48-003?wid=2048&hei=2867&fit=crop","https://media.mango.com/is/image/punto/27041263-48-004?wid=2048&hei=2867&fit=crop","Default","Size","S","100-COTTON-SLIM-FIT-T-SHIRT-152-S",100,TRUE,FALSE,1192
"100-cotton-slim-fit-t-shirt-152","100% cotton slim-fit t-shirt","Premium quality T-shirt from Mango.","published","https://media.mango.com/is/image/punto/27041263-48-002?wid=2048&hei=2867&fit=crop","https://media.mango.com/is/image/punto/27041263-48-001?wid=2048&hei=2867&fit=crop","https://media.mango.com/is/image/punto/27041263-48-003?wid=2048&hei=2867&fit=crop","https://media.mango.com/is/image/punto/27041263-48-004?wid=2048&hei=2867&fit=crop","Default","Size","M","100-COTTON-SLIM-FIT-T-SHIRT-152-M",100,TRUE,FALSE,1192
"100-cotton-slim-fit-t-shirt-152","100% cotton slim-fit t-shirt","Premium quality T-shirt from Mango.","published","https://media.mango.com/is/image/punto/27041263-48-002?wid=2048&hei=2867&fit=crop","https://media.mango.com/is/image/punto/27041263-48-001?wid=2048&hei=2867&fit=crop","https://media.mango.com/is/image/punto/27041263-48-003?wid=2048&hei=2867&fit=crop","https://media.mango.com/is/image/punto/27041263-48-004?wid=2048&hei=2867&fit=crop","Default","Size","L","100-COTTON-SLIM-FIT-T-SHIRT-152-L",100,TRUE,FALSE,1192
"100-cotton-slim-fit-t-shirt-152","100% cotton slim-fit t-shirt","Premium quality T-shirt from Mango.","published","https://media.mango.com/is/image/punto/27041263-48-002?wid=2048&hei=2867&fit=crop","https://media.mango.com/is/image/punto/27041263-48-001?wid=2048&hei=2867&fit=crop","https://media.mango.com/is/image/punto/27041263-48-003?wid=2048&hei=2867&fit=crop","https://media.mango.com/is/image/punto/27041263-48-004?wid=2048&hei=2867&fit=crop","Default","Size","XL","100-COTTON-SLIM-FIT-T-SHIRT-152-XL",100,TRUE,FALSE,1192
"100-cotton-slim-fit-t-shirt-152","100% cotton slim-fit t-shirt","Premium quality T-shirt from Mango.","published","https://media.mango.com/is/image/punto/27041263-48-002?wid=2048&hei=2867&fit=crop","https://media.mango.com/is/image/punto/27041263-48-001?wid=2048&hei=2867&fit=crop","https://media.mango.com/is/image/punto/27041263-48-003?wid=2048&hei=2867&fit=crop","https://media.mango.com/is/image/punto/27041263-48-004?wid=2048&hei=2867&fit=crop","Default","Size","XXL","100-COTTON-SLIM-FIT-T-SHIRT-152-XXL",100,TRUE,FALSE,1192
"100-cotton-slim-fit-t-shirt-153","100% cotton slim-fit t-shirt","Premium quality T-shirt from Mango.","published","https://media.mango.com/is/image/punto/27008283-02-002?wid=2048&hei=2867&fit=crop","https://media.mango.com/is/image/punto/27008283-02-001?wid=2048&hei=2867&fit=crop","https://media.mango.com/is/image/punto/27008283-02-003?wid=2048&hei=2867&fit=crop","https://media.mango.com/is/image/punto/27008283-02-004?wid=2048&hei=2867&fit=crop","Default","Size","XS","100-COTTON-SLIM-FIT-T-SHIRT-153-XS",100,TRUE,FALSE,3240
"100-cotton-slim-fit-t-shirt-153","100% cotton slim-fit t-shirt","Premium quality T-shirt from Mango.","published","https://media.mango.com/is/image/punto/27008283-02-002?wid=2048&hei=2867&fit=crop","https://media.mango.com/is/image/punto/27008283-02-001?wid=2048&hei=2867&fit=crop","https://media.mango.com/is/image/punto/27008283-02-003?wid=2048&hei=2867&fit=crop","https://media.mango.com/is/image/punto/27008283-02-004?wid=2048&hei=2867&fit=crop","Default","Size","S","100-COTTON-SLIM-FIT-T-SHIRT-153-S",100,TRUE,FALSE,3240
"100-cotton-slim-fit-t-shirt-153","100% cotton slim-fit t-shirt","Premium quality T-shirt from Mango.","published","https://media.mango.com/is/image/punto/27008283-02-002?wid=2048&hei=2867&fit=crop","https://media.mango.com/is/image/punto/27008283-02-001?wid=2048&hei=2867&fit=crop","https://media.mango.com/is/image/punto/27008283-02-003?wid=2048&hei=2867&fit=crop","https://media.mango.com/is/image/punto/27008283-02-004?wid=2048&hei=2867&fit=crop","Default","Size","M","100-COTTON-SLIM-FIT-T-SHIRT-153-M",100,TRUE,FALSE,3240
"100-cotton-slim-fit-t-shirt-153","100% cotton slim-fit t-shirt","Premium quality T-shirt from Mango.","published","https://media.mango.com/is/image/punto/27008283-02-002?wid=2048&hei=2867&fit=crop","https://media.mango.com/is/image/punto/27008283-02-001?wid=2048&hei=2867&fit=crop","https://media.mango.com/is/image/punto/27008283-02-003?wid=2048&hei=2867&fit=crop","https://media.mango.com/is/image/punto/27008283-02-004?wid=2048&hei=2867&fit=crop","Default","Size","L","100-COTTON-SLIM-FIT-T-SHIRT-153-L",100,TRUE,FALSE,3240
"100-cotton-slim-fit-t-shirt-153","100% cotton slim-fit t-shirt","Premium quality T-shirt from Mango.","published","https://media.mango.com/is/image/punto/27008283-02-002?wid=2048&hei=2867&fit=crop","https://media.mango.com/is/image/punto/27008283-02-001?wid=2048&hei=2867&fit=crop","https://media.mango.com/is/image/punto/27008283-02-003?wid=2048&hei=2867&fit=crop","https://media.mango.com/is/image/punto/27008283-02-004?wid=2048&hei=2867&fit=crop","Default","Size","XL","100-COTTON-SLIM-FIT-T-SHIRT-153-XL",100,TRUE,FALSE,3240
"100-cotton-slim-fit-t-shirt-153","100% cotton slim-fit t-shirt","Premium quality T-shirt from Mango.","published","https://media.mango.com/is/image/punto/27008283-02-002?wid=2048&hei=2867&fit=crop","https://media.mango.com/is/image/punto/27008283-02-001?wid=2048&hei=2867&fit=crop","https://media.mango.com/is/image/punto/27008283-02-003?wid=2048&hei=2867&fit=crop","https://media.mango.com/is/image/punto/27008283-02-004?wid=2048&hei=2867&fit=crop","Default","Size","XXL","100-COTTON-SLIM-FIT-T-SHIRT-153-XXL",100,TRUE,FALSE,3240
"relaxed-fit-cotton-linen-t-shirt-154","Relaxed-fit cotton-linen t-shirt","Premium quality T-shirt from Mango.","published","https://media.mango.com/is/image/punto/17057767-13-002?wid=2048&hei=2867&fit=crop","https://media.mango.com/is/image/punto/17057767-13-001?wid=2048&hei=2867&fit=crop","https://media.mango.com/is/image/punto/17057767-13-003?wid=2048&hei=2867&fit=crop","https://media.mango.com/is/image/punto/17057767-13-004?wid=2048&hei=2867&fit=crop","Default","Size","XS","RELAXED-FIT-COTTON-LINEN-T-SHIRT-154-XS",100,TRUE,FALSE,1832
"relaxed-fit-cotton-linen-t-shirt-154","Relaxed-fit cotton-linen t-shirt","Premium quality T-shirt from Mango.","published","https://media.mango.com/is/image/punto/17057767-13-002?wid=2048&hei=2867&fit=crop","https://media.mango.com/is/image/punto/17057767-13-001?wid=2048&hei=2867&fit=crop","https://media.mango.com/is/image/punto/17057767-13-003?wid=2048&hei=2867&fit=crop","https://media.mango.com/is/image/punto/17057767-13-004?wid=2048&hei=2867&fit=crop","Default","Size","S","RELAXED-FIT-COTTON-LINEN-T-SHIRT-154-S",100,TRUE,FALSE,1832
"relaxed-fit-cotton-linen-t-shirt-154","Relaxed-fit cotton-linen t-shirt","Premium quality T-shirt from Mango.","published","https://media.mango.com/is/image/punto/17057767-13-002?wid=2048&hei=2867&fit=crop","https://media.mango.com/is/image/punto/17057767-13-001?wid=2048&hei=2867&fit=crop","https://media.mango.com/is/image/punto/17057767-13-003?wid=2048&hei=2867&fit=crop","https://media.mango.com/is/image/punto/17057767-13-004?wid=2048&hei=2867&fit=crop","Default","Size","M","RELAXED-FIT-COTTON-LINEN-T-SHIRT-154-M",100,TRUE,FALSE,1832
"relaxed-fit-cotton-linen-t-shirt-154","Relaxed-fit cotton-linen t-shirt","Premium quality T-shirt from Mango.","published","https://media.mango.com/is/image/punto/17057767-13-002?wid=2048&hei=2867&fit=crop","https://media.mango.com/is/image/punto/17057767-13-001?wid=2048&hei=2867&fit=crop","https://media.mango.com/is/image/punto/17057767-13-003?wid=2048&hei=2867&fit=crop","https://media.mango.com/is/image/punto/17057767-13-004?wid=2048&hei=2867&fit=crop","Default","Size","L","RELAXED-FIT-COTTON-LINEN-T-SHIRT-154-L",100,TRUE,FALSE,1832
"relaxed-fit-cotton-linen-t-shirt-154","Relaxed-fit cotton-linen t-shirt","Premium quality T-shirt from Mango.","published","https://media.mango.com/is/image/punto/17057767-13-002?wid=2048&hei=2867&fit=crop","https://media.mango.com/is/image/punto/17057767-13-001?wid=2048&hei=2867&fit=crop","https://media.mango.com/is/image/punto/17057767-13-003?wid=2048&hei=2867&fit=crop","https://media.mango.com/is/image/punto/17057767-13-004?wid=2048&hei=2867&fit=crop","Default","Size","XL","RELAXED-FIT-COTTON-LINEN-T-SHIRT-154-XL",100,TRUE,FALSE,1832
"relaxed-fit-cotton-linen-t-shirt-154","Relaxed-fit cotton-linen t-shirt","Premium quality T-shirt from Mango.","published","https://media.mango.com/is/image/punto/17057767-13-002?wid=2048&hei=2867&fit=crop","https://media.mango.com/is/image/punto/17057767-13-001?wid=2048&hei=2867&fit=crop","https://media.mango.com/is/image/punto/17057767-13-003?wid=2048&hei=2867&fit=crop","https://media.mango.com/is/image/punto/17057767-13-004?wid=2048&hei=2867&fit=crop","Default","Size","XXL","RELAXED-FIT-COTTON-LINEN-T-SHIRT-154-XXL",100,TRUE,FALSE,1832
"100-cotton-slim-fit-t-shirt-155","100% cotton slim-fit t-shirt","Premium quality T-shirt from Mango.","published","https://media.mango.com/is/image/punto/27041263-36-002?wid=2048&hei=2867&fit=crop","https://media.mango.com/is/image/punto/27041263-36-001?wid=2048&hei=2867&fit=crop","https://media.mango.com/is/image/punto/27041263-36-003?wid=2048&hei=2867&fit=crop","https://media.mango.com/is/image/punto/27041263-36-004?wid=2048&hei=2867&fit=crop","Default","Size","XS","100-COTTON-SLIM-FIT-T-SHIRT-155-XS",100,TRUE,FALSE,1192
"100-cotton-slim-fit-t-shirt-155","100% cotton slim-fit t-shirt","Premium quality T-shirt from Mango.","published","https://media.mango.com/is/image/punto/27041263-36-002?wid=2048&hei=2867&fit=crop","https://media.mango.com/is/image/punto/27041263-36-001?wid=2048&hei=2867&fit=crop","https://media.mango.com/is/image/punto/27041263-36-003?wid=2048&hei=2867&fit=crop","https://media.mango.com/is/image/punto/27041263-36-004?wid=2048&hei=2867&fit=crop","Default","Size","S","100-COTTON-SLIM-FIT-T-SHIRT-155-S",100,TRUE,FALSE,1192
"100-cotton-slim-fit-t-shirt-155","100% cotton slim-fit t-shirt","Premium quality T-shirt from Mango.","published","https://media.mango.com/is/image/punto/27041263-36-002?wid=2048&hei=2867&fit=crop","https://media.mango.com/is/image/punto/27041263-36-001?wid=2048&hei=2867&fit=crop","https://media.mango.com/is/image/punto/27041263-36-003?wid=2048&hei=2867&fit=crop","https://media.mango.com/is/image/punto/27041263-36-004?wid=2048&hei=2867&fit=crop","Default","Size","M","100-COTTON-SLIM-FIT-T-SHIRT-155-M",100,TRUE,FALSE,1192
"100-cotton-slim-fit-t-shirt-155","100% cotton slim-fit t-shirt","Premium quality T-shirt from Mango.","published","https://media.mango.com/is/image/punto/27041263-36-002?wid=2048&hei=2867&fit=crop","https://media.mango.com/is/image/punto/27041263-36-001?wid=2048&hei=2867&fit=crop","https://media.mango.com/is/image/punto/27041263-36-003?wid=2048&hei=2867&fit=crop","https://media.mango.com/is/image/punto/27041263-36-004?wid=2048&hei=2867&fit=crop","Default","Size","L","100-COTTON-SLIM-FIT-T-SHIRT-155-L",100,TRUE,FALSE,1192
"100-cotton-slim-fit-t-shirt-155","100% cotton slim-fit t-shirt","Premium quality T-shirt from Mango.","published","https://media.mango.com/is/image/punto/27041263-36-002?wid=2048&hei=2867&fit=crop","https://media.mango.com/is/image/punto/27041263-36-001?wid=2048&hei=2867&fit=crop","https://media.mango.com/is/image/punto/27041263-36-003?wid=2048&hei=2867&fit=crop","https://media.mango.com/is/image/punto/27041263-36-004?wid=2048&hei=2867&fit=crop","Default","Size","XL","100-COTTON-SLIM-FIT-T-SHIRT-155-XL",100,TRUE,FALSE,1192
"100-cotton-slim-fit-t-shirt-155","100% cotton slim-fit t-shirt","Premium quality T-shirt from Mango.","published","https://media.mango.com/is/image/punto/27041263-36-002?wid=2048&hei=2867&fit=crop","https://media.mango.com/is/image/punto/27041263-36-001?wid=2048&hei=2867&fit=crop","https://media.mango.com/is/image/punto/27041263-36-003?wid=2048&hei=2867&fit=crop","https://media.mango.com/is/image/punto/27041263-36-004?wid=2048&hei=2867&fit=crop","Default","Size","XXL","100-COTTON-SLIM-FIT-T-SHIRT-155-XXL",100,TRUE,FALSE,1192
"100-cotton-graphic-tee-156","100% cotton graphic tee","Premium quality T-shirt from Mango.","published","","","","","Default","Size","XS","100-COTTON-GRAPHIC-TEE-156-XS",100,TRUE,FALSE,2990
"100-cotton-graphic-tee-156","100% cotton graphic tee","Premium quality T-shirt from Mango.","published","","","","","Default","Size","S","100-COTTON-GRAPHIC-TEE-156-S",100,TRUE,FALSE,2990
"100-cotton-graphic-tee-156","100% cotton graphic tee","Premium quality T-shirt from Mango.","published","","","","","Default","Size","M","100-COTTON-GRAPHIC-TEE-156-M",100,TRUE,FALSE,2990
"100-cotton-graphic-tee-156","100% cotton graphic tee","Premium quality T-shirt from Mango.","published","","","","","Default","Size","L","100-COTTON-GRAPHIC-TEE-156-L",100,TRUE,FALSE,2990
"100-cotton-graphic-tee-156","100% cotton graphic tee","Premium quality T-shirt from Mango.","published","","","","","Default","Size","XL","100-COTTON-GRAPHIC-TEE-156-XL",100,TRUE,FALSE,2990
"100-cotton-graphic-tee-156","100% cotton graphic tee","Premium quality T-shirt from Mango.","published","","","","","Default","Size","XXL","100-COTTON-GRAPHIC-TEE-156-XXL",100,TRUE,FALSE,2990
"100-cotton-t-shirt-with-embroidered-detail-157","100% cotton t-shirt with embroidered detail","Premium quality T-shirt from Mango.","published","https://media.mango.com/is/image/punto/27035999-41-002?wid=2048&hei=2867&fit=crop","https://media.mango.com/is/image/punto/27035999-41-001?wid=2048&hei=2867&fit=crop","https://media.mango.com/is/image/punto/27035999-41-003?wid=2048&hei=2867&fit=crop","https://media.mango.com/is/image/punto/27035999-41-004?wid=2048&hei=2867&fit=crop","Default","Size","XS","100-COTTON-T-SHIRT-WITH-EMBROIDERED-DETAIL-157-XS",100,TRUE,FALSE,2640
"100-cotton-t-shirt-with-embroidered-detail-157","100% cotton t-shirt with embroidered detail","Premium quality T-shirt from Mango.","published","https://media.mango.com/is/image/punto/27035999-41-002?wid=2048&hei=2867&fit=crop","https://media.mango.com/is/image/punto/27035999-41-001?wid=2048&hei=2867&fit=crop","https://media.mango.com/is/image/punto/27035999-41-003?wid=2048&hei=2867&fit=crop","https://media.mango.com/is/image/punto/27035999-41-004?wid=2048&hei=2867&fit=crop","Default","Size","S","100-COTTON-T-SHIRT-WITH-EMBROIDERED-DETAIL-157-S",100,TRUE,FALSE,2640
"100-cotton-t-shirt-with-embroidered-detail-157","100% cotton t-shirt with embroidered detail","Premium quality T-shirt from Mango.","published","https://media.mango.com/is/image/punto/27035999-41-002?wid=2048&hei=2867&fit=crop","https://media.mango.com/is/image/punto/27035999-41-001?wid=2048&hei=2867&fit=crop","https://media.mango.com/is/image/punto/27035999-41-003?wid=2048&hei=2867&fit=crop","https://media.mango.com/is/image/punto/27035999-41-004?wid=2048&hei=2867&fit=crop","Default","Size","M","100-COTTON-T-SHIRT-WITH-EMBROIDERED-DETAIL-157-M",100,TRUE,FALSE,2640
"100-cotton-t-shirt-with-embroidered-detail-157","100% cotton t-shirt with embroidered detail","Premium quality T-shirt from Mango.","published","https://media.mango.com/is/image/punto/27035999-41-002?wid=2048&hei=2867&fit=crop","https://media.mango.com/is/image/punto/27035999-41-001?wid=2048&hei=2867&fit=crop","https://media.mango.com/is/image/punto/27035999-41-003?wid=2048&hei=2867&fit=crop","https://media.mango.com/is/image/punto/27035999-41-004?wid=2048&hei=2867&fit=crop","Default","Size","L","100-COTTON-T-SHIRT-WITH-EMBROIDERED-DETAIL-157-L",100,TRUE,FALSE,2640
"100-cotton-t-shirt-with-embroidered-detail-157","100% cotton t-shirt with embroidered detail","Premium quality T-shirt from Mango.","published","https://media.mango.com/is/image/punto/27035999-41-002?wid=2048&hei=2867&fit=crop","https://media.mango.com/is/image/punto/27035999-41-001?wid=2048&hei=2867&fit=crop","https://media.mango.com/is/image/punto/27035999-41-003?wid=2048&hei=2867&fit=crop","https://media.mango.com/is/image/punto/27035999-41-004?wid=2048&hei=2867&fit=crop","Default","Size","XL","100-COTTON-T-SHIRT-WITH-EMBROIDERED-DETAIL-157-XL",100,TRUE,FALSE,2640
"100-cotton-t-shirt-with-embroidered-detail-157","100% cotton t-shirt with embroidered detail","Premium quality T-shirt from Mango.","published","https://media.mango.com/is/image/punto/27035999-41-002?wid=2048&hei=2867&fit=crop","https://media.mango.com/is/image/punto/27035999-41-001?wid=2048&hei=2867&fit=crop","https://media.mango.com/is/image/punto/27035999-41-003?wid=2048&hei=2867&fit=crop","https://media.mango.com/is/image/punto/27035999-41-004?wid=2048&hei=2867&fit=crop","Default","Size","XXL","100-COTTON-T-SHIRT-WITH-EMBROIDERED-DETAIL-157-XXL",100,TRUE,FALSE,2640
"medium-weight-regular-fit-t-shirt-158","Medium weight regular fit T-shirt","Premium quality T-shirt from Mango.","published","https://media.mango.com/is/image/punto/27041262-32-002?wid=2048&hei=2867&fit=crop","https://media.mango.com/is/image/punto/27041262-32-001?wid=2048&hei=2867&fit=crop","https://media.mango.com/is/image/punto/27041262-32-003?wid=2048&hei=2867&fit=crop","https://media.mango.com/is/image/punto/27041262-32-004?wid=2048&hei=2867&fit=crop","Default","Size","XS","MEDIUM-WEIGHT-REGULAR-FIT-T-SHIRT-158-XS",100,TRUE,FALSE,1992
"medium-weight-regular-fit-t-shirt-158","Medium weight regular fit T-shirt","Premium quality T-shirt from Mango.","published","https://media.mango.com/is/image/punto/27041262-32-002?wid=2048&hei=2867&fit=crop","https://media.mango.com/is/image/punto/27041262-32-001?wid=2048&hei=2867&fit=crop","https://media.mango.com/is/image/punto/27041262-32-003?wid=2048&hei=2867&fit=crop","https://media.mango.com/is/image/punto/27041262-32-004?wid=2048&hei=2867&fit=crop","Default","Size","S","MEDIUM-WEIGHT-REGULAR-FIT-T-SHIRT-158-S",100,TRUE,FALSE,1992
"medium-weight-regular-fit-t-shirt-158","Medium weight regular fit T-shirt","Premium quality T-shirt from Mango.","published","https://media.mango.com/is/image/punto/27041262-32-002?wid=2048&hei=2867&fit=crop","https://media.mango.com/is/image/punto/27041262-32-001?wid=2048&hei=2867&fit=crop","https://media.mango.com/is/image/punto/27041262-32-003?wid=2048&hei=2867&fit=crop","https://media.mango.com/is/image/punto/27041262-32-004?wid=2048&hei=2867&fit=crop","Default","Size","M","MEDIUM-WEIGHT-REGULAR-FIT-T-SHIRT-158-M",100,TRUE,FALSE,1992
"medium-weight-regular-fit-t-shirt-158","Medium weight regular fit T-shirt","Premium quality T-shirt from Mango.","published","https://media.mango.com/is/image/punto/27041262-32-002?wid=2048&hei=2867&fit=crop","https://media.mango.com/is/image/punto/27041262-32-001?wid=2048&hei=2867&fit=crop","https://media.mango.com/is/image/punto/27041262-32-003?wid=2048&hei=2867&fit=crop","https://media.mango.com/is/image/punto/27041262-32-004?wid=2048&hei=2867&fit=crop","Default","Size","L","MEDIUM-WEIGHT-REGULAR-FIT-T-SHIRT-158-L",100,TRUE,FALSE,1992
"medium-weight-regular-fit-t-shirt-158","Medium weight regular fit T-shirt","Premium quality T-shirt from Mango.","published","https://media.mango.com/is/image/punto/27041262-32-002?wid=2048&hei=2867&fit=crop","https://media.mango.com/is/image/punto/27041262-32-001?wid=2048&hei=2867&fit=crop","https://media.mango.com/is/image/punto/27041262-32-003?wid=2048&hei=2867&fit=crop","https://media.mango.com/is/image/punto/27041262-32-004?wid=2048&hei=2867&fit=crop","Default","Size","XL","MEDIUM-WEIGHT-REGULAR-FIT-T-SHIRT-158-XL",100,TRUE,FALSE,1992
"medium-weight-regular-fit-t-shirt-158","Medium weight regular fit T-shirt","Premium quality T-shirt from Mango.","published","https://media.mango.com/is/image/punto/27041262-32-002?wid=2048&hei=2867&fit=crop","https://media.mango.com/is/image/punto/27041262-32-001?wid=2048&hei=2867&fit=crop","https://media.mango.com/is/image/punto/27041262-32-003?wid=2048&hei=2867&fit=crop","https://media.mango.com/is/image/punto/27041262-32-004?wid=2048&hei=2867&fit=crop","Default","Size","XXL","MEDIUM-WEIGHT-REGULAR-FIT-T-SHIRT-158-XXL",100,TRUE,FALSE,1992
"fine-jersey-100-cotton-t-shirt-159","Fine jersey 100% cotton T-shirt","Premium quality T-shirt from Mango.","published","https://media.mango.com/is/image/punto/27061281-37-002?wid=2048&hei=2867&fit=crop","https://media.mango.com/is/image/punto/27061281-37-001?wid=2048&hei=2867&fit=crop","https://media.mango.com/is/image/punto/27061281-37-003?wid=2048&hei=2867&fit=crop","https://media.mango.com/is/image/punto/27061281-37-004?wid=2048&hei=2867&fit=crop","Default","Size","S","FINE-JERSEY-100-COTTON-T-SHIRT-159-S",100,TRUE,FALSE,2303
"fine-jersey-100-cotton-t-shirt-159","Fine jersey 100% cotton T-shirt","Premium quality T-shirt from Mango.","published","https://media.mango.com/is/image/punto/27061281-37-002?wid=2048&hei=2867&fit=crop","https://media.mango.com/is/image/punto/27061281-37-001?wid=2048&hei=2867&fit=crop","https://media.mango.com/is/image/punto/27061281-37-003?wid=2048&hei=2867&fit=crop","https://media.mango.com/is/image/punto/27061281-37-004?wid=2048&hei=2867&fit=crop","Default","Size","M","FINE-JERSEY-100-COTTON-T-SHIRT-159-M",100,TRUE,FALSE,2303
"fine-jersey-100-cotton-t-shirt-159","Fine jersey 100% cotton T-shirt","Premium quality T-shirt from Mango.","published","https://media.mango.com/is/image/punto/27061281-37-002?wid=2048&hei=2867&fit=crop","https://media.mango.com/is/image/punto/27061281-37-001?wid=2048&hei=2867&fit=crop","https://media.mango.com/is/image/punto/27061281-37-003?wid=2048&hei=2867&fit=crop","https://media.mango.com/is/image/punto/27061281-37-004?wid=2048&hei=2867&fit=crop","Default","Size","L","FINE-JERSEY-100-COTTON-T-SHIRT-159-L",100,TRUE,FALSE,2303
"fine-jersey-100-cotton-t-shirt-159","Fine jersey 100% cotton T-shirt","Premium quality T-shirt from Mango.","published","https://media.mango.com/is/image/punto/27061281-37-002?wid=2048&hei=2867&fit=crop","https://media.mango.com/is/image/punto/27061281-37-001?wid=2048&hei=2867&fit=crop","https://media.mango.com/is/image/punto/27061281-37-003?wid=2048&hei=2867&fit=crop","https://media.mango.com/is/image/punto/27061281-37-004?wid=2048&hei=2867&fit=crop","Default","Size","XL","FINE-JERSEY-100-COTTON-T-SHIRT-159-XL",100,TRUE,FALSE,2303
"fine-jersey-100-cotton-t-shirt-159","Fine jersey 100% cotton T-shirt","Premium quality T-shirt from Mango.","published","https://media.mango.com/is/image/punto/27061281-37-002?wid=2048&hei=2867&fit=crop","https://media.mango.com/is/image/punto/27061281-37-001?wid=2048&hei=2867&fit=crop","https://media.mango.com/is/image/punto/27061281-37-003?wid=2048&hei=2867&fit=crop","https://media.mango.com/is/image/punto/27061281-37-004?wid=2048&hei=2867&fit=crop","Default","Size","XXL","FINE-JERSEY-100-COTTON-T-SHIRT-159-XXL",100,TRUE,FALSE,2303
"100-cotton-slim-fit-t-shirt-160","100% cotton slim-fit t-shirt","Premium quality T-shirt from Mango.","published","https://media.mango.com/is/image/punto/27041263-35-002?wid=2048&hei=2867&fit=crop","https://media.mango.com/is/image/punto/27041263-35-001?wid=2048&hei=2867&fit=crop","https://media.mango.com/is/image/punto/27041263-35-003?wid=2048&hei=2867&fit=crop","https://media.mango.com/is/image/punto/27041263-35-004?wid=2048&hei=2867&fit=crop","Default","Size","XS","100-COTTON-SLIM-FIT-T-SHIRT-160-XS",100,TRUE,FALSE,1192
"100-cotton-slim-fit-t-shirt-160","100% cotton slim-fit t-shirt","Premium quality T-shirt from Mango.","published","https://media.mango.com/is/image/punto/27041263-35-002?wid=2048&hei=2867&fit=crop","https://media.mango.com/is/image/punto/27041263-35-001?wid=2048&hei=2867&fit=crop","https://media.mango.com/is/image/punto/27041263-35-003?wid=2048&hei=2867&fit=crop","https://media.mango.com/is/image/punto/27041263-35-004?wid=2048&hei=2867&fit=crop","Default","Size","S","100-COTTON-SLIM-FIT-T-SHIRT-160-S",100,TRUE,FALSE,1192
"100-cotton-slim-fit-t-shirt-160","100% cotton slim-fit t-shirt","Premium quality T-shirt from Mango.","published","https://media.mango.com/is/image/punto/27041263-35-002?wid=2048&hei=2867&fit=crop","https://media.mango.com/is/image/punto/27041263-35-001?wid=2048&hei=2867&fit=crop","https://media.mango.com/is/image/punto/27041263-35-003?wid=2048&hei=2867&fit=crop","https://media.mango.com/is/image/punto/27041263-35-004?wid=2048&hei=2867&fit=crop","Default","Size","M","100-COTTON-SLIM-FIT-T-SHIRT-160-M",100,TRUE,FALSE,1192
"100-cotton-slim-fit-t-shirt-160","100% cotton slim-fit t-shirt","Premium quality T-shirt from Mango.","published","https://media.mango.com/is/image/punto/27041263-35-002?wid=2048&hei=2867&fit=crop","https://media.mango.com/is/image/punto/27041263-35-001?wid=2048&hei=2867&fit=crop","https://media.mango.com/is/image/punto/27041263-35-003?wid=2048&hei=2867&fit=crop","https://media.mango.com/is/image/punto/27041263-35-004?wid=2048&hei=2867&fit=crop","Default","Size","L","100-COTTON-SLIM-FIT-T-SHIRT-160-L",100,TRUE,FALSE,1192
"100-cotton-slim-fit-t-shirt-160","100% cotton slim-fit t-shirt","Premium quality T-shirt from Mango.","published","https://media.mango.com/is/image/punto/27041263-35-002?wid=2048&hei=2867&fit=crop","https://media.mango.com/is/image/punto/27041263-35-001?wid=2048&hei=2867&fit=crop","https://media.mango.com/is/image/punto/27041263-35-003?wid=2048&hei=2867&fit=crop","https://media.mango.com/is/image/punto/27041263-35-004?wid=2048&hei=2867&fit=crop","Default","Size","XL","100-COTTON-SLIM-FIT-T-SHIRT-160-XL",100,TRUE,FALSE,1192
"100-cotton-slim-fit-t-shirt-160","100% cotton slim-fit t-shirt","Premium quality T-shirt from Mango.","published","https://media.mango.com/is/image/punto/27041263-35-002?wid=2048&hei=2867&fit=crop","https://media.mango.com/is/image/punto/27041263-35-001?wid=2048&hei=2867&fit=crop","https://media.mango.com/is/image/punto/27041263-35-003?wid=2048&hei=2867&fit=crop","https://media.mango.com/is/image/punto/27041263-35-004?wid=2048&hei=2867&fit=crop","Default","Size","XXL","100-COTTON-SLIM-FIT-T-SHIRT-160-XXL",100,TRUE,FALSE,1192
"henley-linen-blend-t-shirt-161","Henley linen-blend T-shirt","Premium quality T-shirt from Mango.","published","https://media.mango.com/is/image/punto/27035965-56-002?wid=2048&hei=2867&fit=crop","https://media.mango.com/is/image/punto/27035965-56-001?wid=2048&hei=2867&fit=crop","https://media.mango.com/is/image/punto/27035965-56-003?wid=2048&hei=2867&fit=crop","https://media.mango.com/is/image/punto/27035965-56-004?wid=2048&hei=2867&fit=crop","Default","Size","XS","HENLEY-LINEN-BLEND-T-SHIRT-161-XS",100,TRUE,FALSE,4290
"henley-linen-blend-t-shirt-161","Henley linen-blend T-shirt","Premium quality T-shirt from Mango.","published","https://media.mango.com/is/image/punto/27035965-56-002?wid=2048&hei=2867&fit=crop","https://media.mango.com/is/image/punto/27035965-56-001?wid=2048&hei=2867&fit=crop","https://media.mango.com/is/image/punto/27035965-56-003?wid=2048&hei=2867&fit=crop","https://media.mango.com/is/image/punto/27035965-56-004?wid=2048&hei=2867&fit=crop","Default","Size","S","HENLEY-LINEN-BLEND-T-SHIRT-161-S",100,TRUE,FALSE,4290
"henley-linen-blend-t-shirt-161","Henley linen-blend T-shirt","Premium quality T-shirt from Mango.","published","https://media.mango.com/is/image/punto/27035965-56-002?wid=2048&hei=2867&fit=crop","https://media.mango.com/is/image/punto/27035965-56-001?wid=2048&hei=2867&fit=crop","https://media.mango.com/is/image/punto/27035965-56-003?wid=2048&hei=2867&fit=crop","https://media.mango.com/is/image/punto/27035965-56-004?wid=2048&hei=2867&fit=crop","Default","Size","M","HENLEY-LINEN-BLEND-T-SHIRT-161-M",100,TRUE,FALSE,4290
"henley-linen-blend-t-shirt-161","Henley linen-blend T-shirt","Premium quality T-shirt from Mango.","published","https://media.mango.com/is/image/punto/27035965-56-002?wid=2048&hei=2867&fit=crop","https://media.mango.com/is/image/punto/27035965-56-001?wid=2048&hei=2867&fit=crop","https://media.mango.com/is/image/punto/27035965-56-003?wid=2048&hei=2867&fit=crop","https://media.mango.com/is/image/punto/27035965-56-004?wid=2048&hei=2867&fit=crop","Default","Size","L","HENLEY-LINEN-BLEND-T-SHIRT-161-L",100,TRUE,FALSE,4290
"henley-linen-blend-t-shirt-161","Henley linen-blend T-shirt","Premium quality T-shirt from Mango.","published","https://media.mango.com/is/image/punto/27035965-56-002?wid=2048&hei=2867&fit=crop","https://media.mango.com/is/image/punto/27035965-56-001?wid=2048&hei=2867&fit=crop","https://media.mango.com/is/image/punto/27035965-56-003?wid=2048&hei=2867&fit=crop","https://media.mango.com/is/image/punto/27035965-56-004?wid=2048&hei=2867&fit=crop","Default","Size","XL","HENLEY-LINEN-BLEND-T-SHIRT-161-XL",100,TRUE,FALSE,4290
"henley-linen-blend-t-shirt-161","Henley linen-blend T-shirt","Premium quality T-shirt from Mango.","published","https://media.mango.com/is/image/punto/27035965-56-002?wid=2048&hei=2867&fit=crop","https://media.mango.com/is/image/punto/27035965-56-001?wid=2048&hei=2867&fit=crop","https://media.mango.com/is/image/punto/27035965-56-003?wid=2048&hei=2867&fit=crop","https://media.mango.com/is/image/punto/27035965-56-004?wid=2048&hei=2867&fit=crop","Default","Size","XXL","HENLEY-LINEN-BLEND-T-SHIRT-161-XXL",100,TRUE,FALSE,4290
"medium-weight-regular-fit-t-shirt-162","Medium weight regular fit T-shirt","Premium quality T-shirt from Mango.","published","https://media.mango.com/is/image/punto/27041262-66-002?wid=2048&hei=2867&fit=crop","https://media.mango.com/is/image/punto/27041262-66-001?wid=2048&hei=2867&fit=crop","https://media.mango.com/is/image/punto/27041262-66-003?wid=2048&hei=2867&fit=crop","https://media.mango.com/is/image/punto/27041262-66-004?wid=2048&hei=2867&fit=crop","Default","Size","XS","MEDIUM-WEIGHT-REGULAR-FIT-T-SHIRT-162-XS",100,TRUE,FALSE,1992
"medium-weight-regular-fit-t-shirt-162","Medium weight regular fit T-shirt","Premium quality T-shirt from Mango.","published","https://media.mango.com/is/image/punto/27041262-66-002?wid=2048&hei=2867&fit=crop","https://media.mango.com/is/image/punto/27041262-66-001?wid=2048&hei=2867&fit=crop","https://media.mango.com/is/image/punto/27041262-66-003?wid=2048&hei=2867&fit=crop","https://media.mango.com/is/image/punto/27041262-66-004?wid=2048&hei=2867&fit=crop","Default","Size","S","MEDIUM-WEIGHT-REGULAR-FIT-T-SHIRT-162-S",100,TRUE,FALSE,1992
"medium-weight-regular-fit-t-shirt-162","Medium weight regular fit T-shirt","Premium quality T-shirt from Mango.","published","https://media.mango.com/is/image/punto/27041262-66-002?wid=2048&hei=2867&fit=crop","https://media.mango.com/is/image/punto/27041262-66-001?wid=2048&hei=2867&fit=crop","https://media.mango.com/is/image/punto/27041262-66-003?wid=2048&hei=2867&fit=crop","https://media.mango.com/is/image/punto/27041262-66-004?wid=2048&hei=2867&fit=crop","Default","Size","M","MEDIUM-WEIGHT-REGULAR-FIT-T-SHIRT-162-M",100,TRUE,FALSE,1992
"medium-weight-regular-fit-t-shirt-162","Medium weight regular fit T-shirt","Premium quality T-shirt from Mango.","published","https://media.mango.com/is/image/punto/27041262-66-002?wid=2048&hei=2867&fit=crop","https://media.mango.com/is/image/punto/27041262-66-001?wid=2048&hei=2867&fit=crop","https://media.mango.com/is/image/punto/27041262-66-003?wid=2048&hei=2867&fit=crop","https://media.mango.com/is/image/punto/27041262-66-004?wid=2048&hei=2867&fit=crop","Default","Size","L","MEDIUM-WEIGHT-REGULAR-FIT-T-SHIRT-162-L",100,TRUE,FALSE,1992
"medium-weight-regular-fit-t-shirt-162","Medium weight regular fit T-shirt","Premium quality T-shirt from Mango.","published","https://media.mango.com/is/image/punto/27041262-66-002?wid=2048&hei=2867&fit=crop","https://media.mango.com/is/image/punto/27041262-66-001?wid=2048&hei=2867&fit=crop","https://media.mango.com/is/image/punto/27041262-66-003?wid=2048&hei=2867&fit=crop","https://media.mango.com/is/image/punto/27041262-66-004?wid=2048&hei=2867&fit=crop","Default","Size","XL","MEDIUM-WEIGHT-REGULAR-FIT-T-SHIRT-162-XL",100,TRUE,FALSE,1992
"medium-weight-regular-fit-t-shirt-162","Medium weight regular fit T-shirt","Premium quality T-shirt from Mango.","published","https://media.mango.com/is/image/punto/27041262-66-002?wid=2048&hei=2867&fit=crop","https://media.mango.com/is/image/punto/27041262-66-001?wid=2048&hei=2867&fit=crop","https://media.mango.com/is/image/punto/27041262-66-003?wid=2048&hei=2867&fit=crop","https://media.mango.com/is/image/punto/27041262-66-004?wid=2048&hei=2867&fit=crop","Default","Size","XXL","MEDIUM-WEIGHT-REGULAR-FIT-T-SHIRT-162-XXL",100,TRUE,FALSE,1992
"100-cotton-slim-fit-t-shirt-163","100% cotton slim-fit t-shirt","Premium quality T-shirt from Mango.","published","https://media.mango.com/is/image/punto/27041263-91-002?wid=2048&hei=2867&fit=crop","https://media.mango.com/is/image/punto/27041263-91-001?wid=2048&hei=2867&fit=crop","https://media.mango.com/is/image/punto/27041263-91-003?wid=2048&hei=2867&fit=crop","https://media.mango.com/is/image/punto/27041263-91-004?wid=2048&hei=2867&fit=crop","Default","Size","XS","100-COTTON-SLIM-FIT-T-SHIRT-163-XS",100,TRUE,FALSE,1192
"100-cotton-slim-fit-t-shirt-163","100% cotton slim-fit t-shirt","Premium quality T-shirt from Mango.","published","https://media.mango.com/is/image/punto/27041263-91-002?wid=2048&hei=2867&fit=crop","https://media.mango.com/is/image/punto/27041263-91-001?wid=2048&hei=2867&fit=crop","https://media.mango.com/is/image/punto/27041263-91-003?wid=2048&hei=2867&fit=crop","https://media.mango.com/is/image/punto/27041263-91-004?wid=2048&hei=2867&fit=crop","Default","Size","S","100-COTTON-SLIM-FIT-T-SHIRT-163-S",100,TRUE,FALSE,1192
"100-cotton-slim-fit-t-shirt-163","100% cotton slim-fit t-shirt","Premium quality T-shirt from Mango.","published","https://media.mango.com/is/image/punto/27041263-91-002?wid=2048&hei=2867&fit=crop","https://media.mango.com/is/image/punto/27041263-91-001?wid=2048&hei=2867&fit=crop","https://media.mango.com/is/image/punto/27041263-91-003?wid=2048&hei=2867&fit=crop","https://media.mango.com/is/image/punto/27041263-91-004?wid=2048&hei=2867&fit=crop","Default","Size","M","100-COTTON-SLIM-FIT-T-SHIRT-163-M",100,TRUE,FALSE,1192
"100-cotton-slim-fit-t-shirt-163","100% cotton slim-fit t-shirt","Premium quality T-shirt from Mango.","published","https://media.mango.com/is/image/punto/27041263-91-002?wid=2048&hei=2867&fit=crop","https://media.mango.com/is/image/punto/27041263-91-001?wid=2048&hei=2867&fit=crop","https://media.mango.com/is/image/punto/27041263-91-003?wid=2048&hei=2867&fit=crop","https://media.mango.com/is/image/punto/27041263-91-004?wid=2048&hei=2867&fit=crop","Default","Size","L","100-COTTON-SLIM-FIT-T-SHIRT-163-L",100,TRUE,FALSE,1192
"100-cotton-slim-fit-t-shirt-163","100% cotton slim-fit t-shirt","Premium quality T-shirt from Mango.","published","https://media.mango.com/is/image/punto/27041263-91-002?wid=2048&hei=2867&fit=crop","https://media.mango.com/is/image/punto/27041263-91-001?wid=2048&hei=2867&fit=crop","https://media.mango.com/is/image/punto/27041263-91-003?wid=2048&hei=2867&fit=crop","https://media.mango.com/is/image/punto/27041263-91-004?wid=2048&hei=2867&fit=crop","Default","Size","XL","100-COTTON-SLIM-FIT-T-SHIRT-163-XL",100,TRUE,FALSE,1192
"100-cotton-slim-fit-t-shirt-163","100% cotton slim-fit t-shirt","Premium quality T-shirt from Mango.","published","https://media.mango.com/is/image/punto/27041263-91-002?wid=2048&hei=2867&fit=crop","https://media.mango.com/is/image/punto/27041263-91-001?wid=2048&hei=2867&fit=crop","https://media.mango.com/is/image/punto/27041263-91-003?wid=2048&hei=2867&fit=crop","https://media.mango.com/is/image/punto/27041263-91-004?wid=2048&hei=2867&fit=crop","Default","Size","XXL","100-COTTON-SLIM-FIT-T-SHIRT-163-XXL",100,TRUE,FALSE,1192
"100-cotton-slim-fit-t-shirt-164","100% cotton slim-fit t-shirt","Premium quality T-shirt from Mango.","published","https://media.mango.com/is/image/punto/27041263-81-002?wid=2048&hei=2867&fit=crop","https://media.mango.com/is/image/punto/27041263-81-001?wid=2048&hei=2867&fit=crop","https://media.mango.com/is/image/punto/27041263-81-003?wid=2048&hei=2867&fit=crop","https://media.mango.com/is/image/punto/27041263-81-004?wid=2048&hei=2867&fit=crop","Default","Size","XS","100-COTTON-SLIM-FIT-T-SHIRT-164-XS",100,TRUE,FALSE,1192
"100-cotton-slim-fit-t-shirt-164","100% cotton slim-fit t-shirt","Premium quality T-shirt from Mango.","published","https://media.mango.com/is/image/punto/27041263-81-002?wid=2048&hei=2867&fit=crop","https://media.mango.com/is/image/punto/27041263-81-001?wid=2048&hei=2867&fit=crop","https://media.mango.com/is/image/punto/27041263-81-003?wid=2048&hei=2867&fit=crop","https://media.mango.com/is/image/punto/27041263-81-004?wid=2048&hei=2867&fit=crop","Default","Size","S","100-COTTON-SLIM-FIT-T-SHIRT-164-S",100,TRUE,FALSE,1192
"100-cotton-slim-fit-t-shirt-164","100% cotton slim-fit t-shirt","Premium quality T-shirt from Mango.","published","https://media.mango.com/is/image/punto/27041263-81-002?wid=2048&hei=2867&fit=crop","https://media.mango.com/is/image/punto/27041263-81-001?wid=2048&hei=2867&fit=crop","https://media.mango.com/is/image/punto/27041263-81-003?wid=2048&hei=2867&fit=crop","https://media.mango.com/is/image/punto/27041263-81-004?wid=2048&hei=2867&fit=crop","Default","Size","M","100-COTTON-SLIM-FIT-T-SHIRT-164-M",100,TRUE,FALSE,1192
"100-cotton-slim-fit-t-shirt-164","100% cotton slim-fit t-shirt","Premium quality T-shirt from Mango.","published","https://media.mango.com/is/image/punto/27041263-81-002?wid=2048&hei=2867&fit=crop","https://media.mango.com/is/image/punto/27041263-81-001?wid=2048&hei=2867&fit=crop","https://media.mango.com/is/image/punto/27041263-81-003?wid=2048&hei=2867&fit=crop","https://media.mango.com/is/image/punto/27041263-81-004?wid=2048&hei=2867&fit=crop","Default","Size","L","100-COTTON-SLIM-FIT-T-SHIRT-164-L",100,TRUE,FALSE,1192
"100-cotton-slim-fit-t-shirt-164","100% cotton slim-fit t-shirt","Premium quality T-shirt from Mango.","published","https://media.mango.com/is/image/punto/27041263-81-002?wid=2048&hei=2867&fit=crop","https://media.mango.com/is/image/punto/27041263-81-001?wid=2048&hei=2867&fit=crop","https://media.mango.com/is/image/punto/27041263-81-003?wid=2048&hei=2867&fit=crop","https://media.mango.com/is/image/punto/27041263-81-004?wid=2048&hei=2867&fit=crop","Default","Size","XL","100-COTTON-SLIM-FIT-T-SHIRT-164-XL",100,TRUE,FALSE,1192
"100-cotton-slim-fit-t-shirt-164","100% cotton slim-fit t-shirt","Premium quality T-shirt from Mango.","published","https://media.mango.com/is/image/punto/27041263-81-002?wid=2048&hei=2867&fit=crop","https://media.mango.com/is/image/punto/27041263-81-001?wid=2048&hei=2867&fit=crop","https://media.mango.com/is/image/punto/27041263-81-003?wid=2048&hei=2867&fit=crop","https://media.mango.com/is/image/punto/27041263-81-004?wid=2048&hei=2867&fit=crop","Default","Size","XXL","100-COTTON-SLIM-FIT-T-SHIRT-164-XXL",100,TRUE,FALSE,1192
"100-cotton-t-shirt-text-165","100% cotton t-shirt text","Premium quality T-shirt from Mango.","published","https://media.mango.com/is/image/punto/17047772-39-002?wid=2048&hei=2867&fit=crop","https://media.mango.com/is/image/punto/17047772-39-001?wid=2048&hei=2867&fit=crop","https://media.mango.com/is/image/punto/17047772-39-003?wid=2048&hei=2867&fit=crop","https://media.mango.com/is/image/punto/17047772-39-004?wid=2048&hei=2867&fit=crop","Default","Size","XS","100-COTTON-T-SHIRT-TEXT-165-XS",100,TRUE,FALSE,2490
"100-cotton-t-shirt-text-165","100% cotton t-shirt text","Premium quality T-shirt from Mango.","published","https://media.mango.com/is/image/punto/17047772-39-002?wid=2048&hei=2867&fit=crop","https://media.mango.com/is/image/punto/17047772-39-001?wid=2048&hei=2867&fit=crop","https://media.mango.com/is/image/punto/17047772-39-003?wid=2048&hei=2867&fit=crop","https://media.mango.com/is/image/punto/17047772-39-004?wid=2048&hei=2867&fit=crop","Default","Size","S","100-COTTON-T-SHIRT-TEXT-165-S",100,TRUE,FALSE,2490
"100-cotton-t-shirt-text-165","100% cotton t-shirt text","Premium quality T-shirt from Mango.","published","https://media.mango.com/is/image/punto/17047772-39-002?wid=2048&hei=2867&fit=crop","https://media.mango.com/is/image/punto/17047772-39-001?wid=2048&hei=2867&fit=crop","https://media.mango.com/is/image/punto/17047772-39-003?wid=2048&hei=2867&fit=crop","https://media.mango.com/is/image/punto/17047772-39-004?wid=2048&hei=2867&fit=crop","Default","Size","M","100-COTTON-T-SHIRT-TEXT-165-M",100,TRUE,FALSE,2490
"100-cotton-t-shirt-text-165","100% cotton t-shirt text","Premium quality T-shirt from Mango.","published","https://media.mango.com/is/image/punto/17047772-39-002?wid=2048&hei=2867&fit=crop","https://media.mango.com/is/image/punto/17047772-39-001?wid=2048&hei=2867&fit=crop","https://media.mango.com/is/image/punto/17047772-39-003?wid=2048&hei=2867&fit=crop","https://media.mango.com/is/image/punto/17047772-39-004?wid=2048&hei=2867&fit=crop","Default","Size","L","100-COTTON-T-SHIRT-TEXT-165-L",100,TRUE,FALSE,2490
"100-cotton-t-shirt-text-165","100% cotton t-shirt text","Premium quality T-shirt from Mango.","published","https://media.mango.com/is/image/punto/17047772-39-002?wid=2048&hei=2867&fit=crop","https://media.mango.com/is/image/punto/17047772-39-001?wid=2048&hei=2867&fit=crop","https://media.mango.com/is/image/punto/17047772-39-003?wid=2048&hei=2867&fit=crop","https://media.mango.com/is/image/punto/17047772-39-004?wid=2048&hei=2867&fit=crop","Default","Size","XL","100-COTTON-T-SHIRT-TEXT-165-XL",100,TRUE,FALSE,2490
"100-cotton-t-shirt-text-165","100% cotton t-shirt text","Premium quality T-shirt from Mango.","published","https://media.mango.com/is/image/punto/17047772-39-002?wid=2048&hei=2867&fit=crop","https://media.mango.com/is/image/punto/17047772-39-001?wid=2048&hei=2867&fit=crop","https://media.mango.com/is/image/punto/17047772-39-003?wid=2048&hei=2867&fit=crop","https://media.mango.com/is/image/punto/17047772-39-004?wid=2048&hei=2867&fit=crop","Default","Size","XXL","100-COTTON-T-SHIRT-TEXT-165-XXL",100,TRUE,FALSE,2490
"100-cotton-t-shirt-text-166","100% cotton t-shirt text","Premium quality T-shirt from Mango.","published","https://media.mango.com/is/image/punto/17067771-54-003?wid=2048&hei=2867&fit=crop","https://media.mango.com/is/image/punto/17067771-54-001?wid=2048&hei=2867&fit=crop","https://media.mango.com/is/image/punto/17067771-54-002?wid=2048&hei=2867&fit=crop","https://media.mango.com/is/image/punto/17067771-54-004?wid=2048&hei=2867&fit=crop","Default","Size","XS","100-COTTON-T-SHIRT-TEXT-166-XS",100,TRUE,FALSE,2490
"100-cotton-t-shirt-text-166","100% cotton t-shirt text","Premium quality T-shirt from Mango.","published","https://media.mango.com/is/image/punto/17067771-54-003?wid=2048&hei=2867&fit=crop","https://media.mango.com/is/image/punto/17067771-54-001?wid=2048&hei=2867&fit=crop","https://media.mango.com/is/image/punto/17067771-54-002?wid=2048&hei=2867&fit=crop","https://media.mango.com/is/image/punto/17067771-54-004?wid=2048&hei=2867&fit=crop","Default","Size","S","100-COTTON-T-SHIRT-TEXT-166-S",100,TRUE,FALSE,2490
"100-cotton-t-shirt-text-166","100% cotton t-shirt text","Premium quality T-shirt from Mango.","published","https://media.mango.com/is/image/punto/17067771-54-003?wid=2048&hei=2867&fit=crop","https://media.mango.com/is/image/punto/17067771-54-001?wid=2048&hei=2867&fit=crop","https://media.mango.com/is/image/punto/17067771-54-002?wid=2048&hei=2867&fit=crop","https://media.mango.com/is/image/punto/17067771-54-004?wid=2048&hei=2867&fit=crop","Default","Size","M","100-COTTON-T-SHIRT-TEXT-166-M",100,TRUE,FALSE,2490
"100-cotton-t-shirt-text-166","100% cotton t-shirt text","Premium quality T-shirt from Mango.","published","https://media.mango.com/is/image/punto/17067771-54-003?wid=2048&hei=2867&fit=crop","https://media.mango.com/is/image/punto/17067771-54-001?wid=2048&hei=2867&fit=crop","https://media.mango.com/is/image/punto/17067771-54-002?wid=2048&hei=2867&fit=crop","https://media.mango.com/is/image/punto/17067771-54-004?wid=2048&hei=2867&fit=crop","Default","Size","L","100-COTTON-T-SHIRT-TEXT-166-L",100,TRUE,FALSE,2490
"100-cotton-t-shirt-text-166","100% cotton t-shirt text","Premium quality T-shirt from Mango.","published","https://media.mango.com/is/image/punto/17067771-54-003?wid=2048&hei=2867&fit=crop","https://media.mango.com/is/image/punto/17067771-54-001?wid=2048&hei=2867&fit=crop","https://media.mango.com/is/image/punto/17067771-54-002?wid=2048&hei=2867&fit=crop","https://media.mango.com/is/image/punto/17067771-54-004?wid=2048&hei=2867&fit=crop","Default","Size","XL","100-COTTON-T-SHIRT-TEXT-166-XL",100,TRUE,FALSE,2490
"100-cotton-t-shirt-text-166","100% cotton t-shirt text","Premium quality T-shirt from Mango.","published","https://media.mango.com/is/image/punto/17067771-54-003?wid=2048&hei=2867&fit=crop","https://media.mango.com/is/image/punto/17067771-54-001?wid=2048&hei=2867&fit=crop","https://media.mango.com/is/image/punto/17067771-54-002?wid=2048&hei=2867&fit=crop","https://media.mango.com/is/image/punto/17067771-54-004?wid=2048&hei=2867&fit=crop","Default","Size","XXL","100-COTTON-T-SHIRT-TEXT-166-XXL",100,TRUE,FALSE,2490
"100-cotton-printed-t-shirt-167","100% cotton printed t-shirt","Premium quality T-shirt from Mango.","published","https://media.mango.com/is/image/punto/27025992-55-002?wid=2048&hei=2867&fit=crop","https://media.mango.com/is/image/punto/27025992-55-001?wid=2048&hei=2867&fit=crop","https://media.mango.com/is/image/punto/27025992-55-003?wid=2048&hei=2867&fit=crop","https://media.mango.com/is/image/punto/27025992-55-004?wid=2048&hei=2867&fit=crop","Default","Size","XS","100-COTTON-PRINTED-T-SHIRT-167-XS",100,TRUE,FALSE,3290
"100-cotton-printed-t-shirt-167","100% cotton printed t-shirt","Premium quality T-shirt from Mango.","published","https://media.mango.com/is/image/punto/27025992-55-002?wid=2048&hei=2867&fit=crop","https://media.mango.com/is/image/punto/27025992-55-001?wid=2048&hei=2867&fit=crop","https://media.mango.com/is/image/punto/27025992-55-003?wid=2048&hei=2867&fit=crop","https://media.mango.com/is/image/punto/27025992-55-004?wid=2048&hei=2867&fit=crop","Default","Size","S","100-COTTON-PRINTED-T-SHIRT-167-S",100,TRUE,FALSE,3290
"100-cotton-printed-t-shirt-167","100% cotton printed t-shirt","Premium quality T-shirt from Mango.","published","https://media.mango.com/is/image/punto/27025992-55-002?wid=2048&hei=2867&fit=crop","https://media.mango.com/is/image/punto/27025992-55-001?wid=2048&hei=2867&fit=crop","https://media.mango.com/is/image/punto/27025992-55-003?wid=2048&hei=2867&fit=crop","https://media.mango.com/is/image/punto/27025992-55-004?wid=2048&hei=2867&fit=crop","Default","Size","M","100-COTTON-PRINTED-T-SHIRT-167-M",100,TRUE,FALSE,3290
"100-cotton-printed-t-shirt-167","100% cotton printed t-shirt","Premium quality T-shirt from Mango.","published","https://media.mango.com/is/image/punto/27025992-55-002?wid=2048&hei=2867&fit=crop","https://media.mango.com/is/image/punto/27025992-55-001?wid=2048&hei=2867&fit=crop","https://media.mango.com/is/image/punto/27025992-55-003?wid=2048&hei=2867&fit=crop","https://media.mango.com/is/image/punto/27025992-55-004?wid=2048&hei=2867&fit=crop","Default","Size","L","100-COTTON-PRINTED-T-SHIRT-167-L",100,TRUE,FALSE,3290
"100-cotton-printed-t-shirt-167","100% cotton printed t-shirt","Premium quality T-shirt from Mango.","published","https://media.mango.com/is/image/punto/27025992-55-002?wid=2048&hei=2867&fit=crop","https://media.mango.com/is/image/punto/27025992-55-001?wid=2048&hei=2867&fit=crop","https://media.mango.com/is/image/punto/27025992-55-003?wid=2048&hei=2867&fit=crop","https://media.mango.com/is/image/punto/27025992-55-004?wid=2048&hei=2867&fit=crop","Default","Size","XL","100-COTTON-PRINTED-T-SHIRT-167-XL",100,TRUE,FALSE,3290
"100-cotton-printed-t-shirt-167","100% cotton printed t-shirt","Premium quality T-shirt from Mango.","published","https://media.mango.com/is/image/punto/27025992-55-002?wid=2048&hei=2867&fit=crop","https://media.mango.com/is/image/punto/27025992-55-001?wid=2048&hei=2867&fit=crop","https://media.mango.com/is/image/punto/27025992-55-003?wid=2048&hei=2867&fit=crop","https://media.mango.com/is/image/punto/27025992-55-004?wid=2048&hei=2867&fit=crop","Default","Size","XXL","100-COTTON-PRINTED-T-SHIRT-167-XXL",100,TRUE,FALSE,3290
"100-cotton-printed-t-shirt-168","100% cotton printed t-shirt","Premium quality T-shirt from Mango.","published","https://media.mango.com/is/image/punto/27025993-02-002?wid=2048&hei=2867&fit=crop","https://media.mango.com/is/image/punto/27025993-02-001?wid=2048&hei=2867&fit=crop","https://media.mango.com/is/image/punto/27025993-02-003?wid=2048&hei=2867&fit=crop","https://media.mango.com/is/image/punto/27025993-02-004?wid=2048&hei=2867&fit=crop","Default","Size","XS","100-COTTON-PRINTED-T-SHIRT-168-XS",100,TRUE,FALSE,3290
"100-cotton-printed-t-shirt-168","100% cotton printed t-shirt","Premium quality T-shirt from Mango.","published","https://media.mango.com/is/image/punto/27025993-02-002?wid=2048&hei=2867&fit=crop","https://media.mango.com/is/image/punto/27025993-02-001?wid=2048&hei=2867&fit=crop","https://media.mango.com/is/image/punto/27025993-02-003?wid=2048&hei=2867&fit=crop","https://media.mango.com/is/image/punto/27025993-02-004?wid=2048&hei=2867&fit=crop","Default","Size","S","100-COTTON-PRINTED-T-SHIRT-168-S",100,TRUE,FALSE,3290
"100-cotton-printed-t-shirt-168","100% cotton printed t-shirt","Premium quality T-shirt from Mango.","published","https://media.mango.com/is/image/punto/27025993-02-002?wid=2048&hei=2867&fit=crop","https://media.mango.com/is/image/punto/27025993-02-001?wid=2048&hei=2867&fit=crop","https://media.mango.com/is/image/punto/27025993-02-003?wid=2048&hei=2867&fit=crop","https://media.mango.com/is/image/punto/27025993-02-004?wid=2048&hei=2867&fit=crop","Default","Size","M","100-COTTON-PRINTED-T-SHIRT-168-M",100,TRUE,FALSE,3290
"100-cotton-printed-t-shirt-168","100% cotton printed t-shirt","Premium quality T-shirt from Mango.","published","https://media.mango.com/is/image/punto/27025993-02-002?wid=2048&hei=2867&fit=crop","https://media.mango.com/is/image/punto/27025993-02-001?wid=2048&hei=2867&fit=crop","https://media.mango.com/is/image/punto/27025993-02-003?wid=2048&hei=2867&fit=crop","https://media.mango.com/is/image/punto/27025993-02-004?wid=2048&hei=2867&fit=crop","Default","Size","L","100-COTTON-PRINTED-T-SHIRT-168-L",100,TRUE,FALSE,3290
"100-cotton-printed-t-shirt-168","100% cotton printed t-shirt","Premium quality T-shirt from Mango.","published","https://media.mango.com/is/image/punto/27025993-02-002?wid=2048&hei=2867&fit=crop","https://media.mango.com/is/image/punto/27025993-02-001?wid=2048&hei=2867&fit=crop","https://media.mango.com/is/image/punto/27025993-02-003?wid=2048&hei=2867&fit=crop","https://media.mango.com/is/image/punto/27025993-02-004?wid=2048&hei=2867&fit=crop","Default","Size","XL","100-COTTON-PRINTED-T-SHIRT-168-XL",100,TRUE,FALSE,3290
"100-cotton-printed-t-shirt-168","100% cotton printed t-shirt","Premium quality T-shirt from Mango.","published","https://media.mango.com/is/image/punto/27025993-02-002?wid=2048&hei=2867&fit=crop","https://media.mango.com/is/image/punto/27025993-02-001?wid=2048&hei=2867&fit=crop","https://media.mango.com/is/image/punto/27025993-02-003?wid=2048&hei=2867&fit=crop","https://media.mango.com/is/image/punto/27025993-02-004?wid=2048&hei=2867&fit=crop","Default","Size","XXL","100-COTTON-PRINTED-T-SHIRT-168-XXL",100,TRUE,FALSE,3290
"100-cotton-printed-t-shirt-169","100% cotton printed t-shirt","Premium quality T-shirt from Mango.","published","https://media.mango.com/is/image/punto/27025994-94-002?wid=2048&hei=2867&fit=crop","https://media.mango.com/is/image/punto/27025994-94-001?wid=2048&hei=2867&fit=crop","https://media.mango.com/is/image/punto/27025994-94-003?wid=2048&hei=2867&fit=crop","https://media.mango.com/is/image/punto/27025994-94-004?wid=2048&hei=2867&fit=crop","Default","Size","XS","100-COTTON-PRINTED-T-SHIRT-169-XS",100,TRUE,FALSE,3290
"100-cotton-printed-t-shirt-169","100% cotton printed t-shirt","Premium quality T-shirt from Mango.","published","https://media.mango.com/is/image/punto/27025994-94-002?wid=2048&hei=2867&fit=crop","https://media.mango.com/is/image/punto/27025994-94-001?wid=2048&hei=2867&fit=crop","https://media.mango.com/is/image/punto/27025994-94-003?wid=2048&hei=2867&fit=crop","https://media.mango.com/is/image/punto/27025994-94-004?wid=2048&hei=2867&fit=crop","Default","Size","S","100-COTTON-PRINTED-T-SHIRT-169-S",100,TRUE,FALSE,3290
"100-cotton-printed-t-shirt-169","100% cotton printed t-shirt","Premium quality T-shirt from Mango.","published","https://media.mango.com/is/image/punto/27025994-94-002?wid=2048&hei=2867&fit=crop","https://media.mango.com/is/image/punto/27025994-94-001?wid=2048&hei=2867&fit=crop","https://media.mango.com/is/image/punto/27025994-94-003?wid=2048&hei=2867&fit=crop","https://media.mango.com/is/image/punto/27025994-94-004?wid=2048&hei=2867&fit=crop","Default","Size","M","100-COTTON-PRINTED-T-SHIRT-169-M",100,TRUE,FALSE,3290
"100-cotton-printed-t-shirt-169","100% cotton printed t-shirt","Premium quality T-shirt from Mango.","published","https://media.mango.com/is/image/punto/27025994-94-002?wid=2048&hei=2867&fit=crop","https://media.mango.com/is/image/punto/27025994-94-001?wid=2048&hei=2867&fit=crop","https://media.mango.com/is/image/punto/27025994-94-003?wid=2048&hei=2867&fit=crop","https://media.mango.com/is/image/punto/27025994-94-004?wid=2048&hei=2867&fit=crop","Default","Size","L","100-COTTON-PRINTED-T-SHIRT-169-L",100,TRUE,FALSE,3290
"100-cotton-printed-t-shirt-169","100% cotton printed t-shirt","Premium quality T-shirt from Mango.","published","https://media.mango.com/is/image/punto/27025994-94-002?wid=2048&hei=2867&fit=crop","https://media.mango.com/is/image/punto/27025994-94-001?wid=2048&hei=2867&fit=crop","https://media.mango.com/is/image/punto/27025994-94-003?wid=2048&hei=2867&fit=crop","https://media.mango.com/is/image/punto/27025994-94-004?wid=2048&hei=2867&fit=crop","Default","Size","XL","100-COTTON-PRINTED-T-SHIRT-169-XL",100,TRUE,FALSE,3290
"100-cotton-printed-t-shirt-169","100% cotton printed t-shirt","Premium quality T-shirt from Mango.","published","https://media.mango.com/is/image/punto/27025994-94-002?wid=2048&hei=2867&fit=crop","https://media.mango.com/is/image/punto/27025994-94-001?wid=2048&hei=2867&fit=crop","https://media.mango.com/is/image/punto/27025994-94-003?wid=2048&hei=2867&fit=crop","https://media.mango.com/is/image/punto/27025994-94-004?wid=2048&hei=2867&fit=crop","Default","Size","XXL","100-COTTON-PRINTED-T-SHIRT-169-XXL",100,TRUE,FALSE,3290
"100-cotton-printed-t-shirt-170","100% cotton printed t-shirt","Premium quality T-shirt from Mango.","published","https://media.mango.com/is/image/punto/27025995-08-002?wid=2048&hei=2867&fit=crop","https://media.mango.com/is/image/punto/27025995-08-001?wid=2048&hei=2867&fit=crop","https://media.mango.com/is/image/punto/27025995-08-003?wid=2048&hei=2867&fit=crop","https://media.mango.com/is/image/punto/27025995-08-004?wid=2048&hei=2867&fit=crop","Default","Size","XS","100-COTTON-PRINTED-T-SHIRT-170-XS",100,TRUE,FALSE,3290
"100-cotton-printed-t-shirt-170","100% cotton printed t-shirt","Premium quality T-shirt from Mango.","published","https://media.mango.com/is/image/punto/27025995-08-002?wid=2048&hei=2867&fit=crop","https://media.mango.com/is/image/punto/27025995-08-001?wid=2048&hei=2867&fit=crop","https://media.mango.com/is/image/punto/27025995-08-003?wid=2048&hei=2867&fit=crop","https://media.mango.com/is/image/punto/27025995-08-004?wid=2048&hei=2867&fit=crop","Default","Size","S","100-COTTON-PRINTED-T-SHIRT-170-S",100,TRUE,FALSE,3290
"100-cotton-printed-t-shirt-170","100% cotton printed t-shirt","Premium quality T-shirt from Mango.","published","https://media.mango.com/is/image/punto/27025995-08-002?wid=2048&hei=2867&fit=crop","https://media.mango.com/is/image/punto/27025995-08-001?wid=2048&hei=2867&fit=crop","https://media.mango.com/is/image/punto/27025995-08-003?wid=2048&hei=2867&fit=crop","https://media.mango.com/is/image/punto/27025995-08-004?wid=2048&hei=2867&fit=crop","Default","Size","M","100-COTTON-PRINTED-T-SHIRT-170-M",100,TRUE,FALSE,3290
"100-cotton-printed-t-shirt-170","100% cotton printed t-shirt","Premium quality T-shirt from Mango.","published","https://media.mango.com/is/image/punto/27025995-08-002?wid=2048&hei=2867&fit=crop","https://media.mango.com/is/image/punto/27025995-08-001?wid=2048&hei=2867&fit=crop","https://media.mango.com/is/image/punto/27025995-08-003?wid=2048&hei=2867&fit=crop","https://media.mango.com/is/image/punto/27025995-08-004?wid=2048&hei=2867&fit=crop","Default","Size","L","100-COTTON-PRINTED-T-SHIRT-170-L",100,TRUE,FALSE,3290
"100-cotton-printed-t-shirt-170","100% cotton printed t-shirt","Premium quality T-shirt from Mango.","published","https://media.mango.com/is/image/punto/27025995-08-002?wid=2048&hei=2867&fit=crop","https://media.mango.com/is/image/punto/27025995-08-001?wid=2048&hei=2867&fit=crop","https://media.mango.com/is/image/punto/27025995-08-003?wid=2048&hei=2867&fit=crop","https://media.mango.com/is/image/punto/27025995-08-004?wid=2048&hei=2867&fit=crop","Default","Size","XL","100-COTTON-PRINTED-T-SHIRT-170-XL",100,TRUE,FALSE,3290
"100-cotton-printed-t-shirt-170","100% cotton printed t-shirt","Premium quality T-shirt from Mango.","published","https://media.mango.com/is/image/punto/27025995-08-002?wid=2048&hei=2867&fit=crop","https://media.mango.com/is/image/punto/27025995-08-001?wid=2048&hei=2867&fit=crop","https://media.mango.com/is/image/punto/27025995-08-003?wid=2048&hei=2867&fit=crop","https://media.mango.com/is/image/punto/27025995-08-004?wid=2048&hei=2867&fit=crop","Default","Size","XXL","100-COTTON-PRINTED-T-SHIRT-170-XXL",100,TRUE,FALSE,3290
"slim-fit-ribbed-tank-top-171","Slim fit ribbed tank top","Premium quality T-shirt from Mango.","published","https://media.mango.com/is/image/punto/27027915-02-002?wid=2048&hei=2867&fit=crop","https://media.mango.com/is/image/punto/27027915-02-001?wid=2048&hei=2867&fit=crop","https://media.mango.com/is/image/punto/27027915-02-003?wid=2048&hei=2867&fit=crop","https://media.mango.com/is/image/punto/27027915-02-004?wid=2048&hei=2867&fit=crop","Default","Size","S","SLIM-FIT-RIBBED-TANK-TOP-171-S",100,TRUE,FALSE,3590
"slim-fit-ribbed-tank-top-171","Slim fit ribbed tank top","Premium quality T-shirt from Mango.","published","https://media.mango.com/is/image/punto/27027915-02-002?wid=2048&hei=2867&fit=crop","https://media.mango.com/is/image/punto/27027915-02-001?wid=2048&hei=2867&fit=crop","https://media.mango.com/is/image/punto/27027915-02-003?wid=2048&hei=2867&fit=crop","https://media.mango.com/is/image/punto/27027915-02-004?wid=2048&hei=2867&fit=crop","Default","Size","M","SLIM-FIT-RIBBED-TANK-TOP-171-M",100,TRUE,FALSE,3590
"slim-fit-ribbed-tank-top-171","Slim fit ribbed tank top","Premium quality T-shirt from Mango.","published","https://media.mango.com/is/image/punto/27027915-02-002?wid=2048&hei=2867&fit=crop","https://media.mango.com/is/image/punto/27027915-02-001?wid=2048&hei=2867&fit=crop","https://media.mango.com/is/image/punto/27027915-02-003?wid=2048&hei=2867&fit=crop","https://media.mango.com/is/image/punto/27027915-02-004?wid=2048&hei=2867&fit=crop","Default","Size","L","SLIM-FIT-RIBBED-TANK-TOP-171-L",100,TRUE,FALSE,3590
"slim-fit-ribbed-tank-top-171","Slim fit ribbed tank top","Premium quality T-shirt from Mango.","published","https://media.mango.com/is/image/punto/27027915-02-002?wid=2048&hei=2867&fit=crop","https://media.mango.com/is/image/punto/27027915-02-001?wid=2048&hei=2867&fit=crop","https://media.mango.com/is/image/punto/27027915-02-003?wid=2048&hei=2867&fit=crop","https://media.mango.com/is/image/punto/27027915-02-004?wid=2048&hei=2867&fit=crop","Default","Size","XL","SLIM-FIT-RIBBED-TANK-TOP-171-XL",100,TRUE,FALSE,3590
"slim-fit-ribbed-tank-top-171","Slim fit ribbed tank top","Premium quality T-shirt from Mango.","published","https://media.mango.com/is/image/punto/27027915-02-002?wid=2048&hei=2867&fit=crop","https://media.mango.com/is/image/punto/27027915-02-001?wid=2048&hei=2867&fit=crop","https://media.mango.com/is/image/punto/27027915-02-003?wid=2048&hei=2867&fit=crop","https://media.mango.com/is/image/punto/27027915-02-004?wid=2048&hei=2867&fit=crop","Default","Size","XXL","SLIM-FIT-RIBBED-TANK-TOP-171-XXL",100,TRUE,FALSE,3590
"slim-fit-comfort-stretch-coolmax-t-shirt-172","Slim fit comfort stretch Coolmax ® T-shirt","Premium quality T-shirt from Mango.","published","https://media.mango.com/is/image/punto/27034426-56-002?wid=2048&hei=2867&fit=crop","https://media.mango.com/is/image/punto/27034426-56-001?wid=2048&hei=2867&fit=crop","https://media.mango.com/is/image/punto/27034426-56-003?wid=2048&hei=2867&fit=crop","https://media.mango.com/is/image/punto/27034426-56-004?wid=2048&hei=2867&fit=crop","Default","Size","XS","SLIM-FIT-COMFORT-STRETCH-COOLMAX-T-SHIRT-172-XS",100,TRUE,FALSE,2334
"slim-fit-comfort-stretch-coolmax-t-shirt-172","Slim fit comfort stretch Coolmax ® T-shirt","Premium quality T-shirt from Mango.","published","https://media.mango.com/is/image/punto/27034426-56-002?wid=2048&hei=2867&fit=crop","https://media.mango.com/is/image/punto/27034426-56-001?wid=2048&hei=2867&fit=crop","https://media.mango.com/is/image/punto/27034426-56-003?wid=2048&hei=2867&fit=crop","https://media.mango.com/is/image/punto/27034426-56-004?wid=2048&hei=2867&fit=crop","Default","Size","S","SLIM-FIT-COMFORT-STRETCH-COOLMAX-T-SHIRT-172-S",100,TRUE,FALSE,2334
"slim-fit-comfort-stretch-coolmax-t-shirt-172","Slim fit comfort stretch Coolmax ® T-shirt","Premium quality T-shirt from Mango.","published","https://media.mango.com/is/image/punto/27034426-56-002?wid=2048&hei=2867&fit=crop","https://media.mango.com/is/image/punto/27034426-56-001?wid=2048&hei=2867&fit=crop","https://media.mango.com/is/image/punto/27034426-56-003?wid=2048&hei=2867&fit=crop","https://media.mango.com/is/image/punto/27034426-56-004?wid=2048&hei=2867&fit=crop","Default","Size","M","SLIM-FIT-COMFORT-STRETCH-COOLMAX-T-SHIRT-172-M",100,TRUE,FALSE,2334
"slim-fit-comfort-stretch-coolmax-t-shirt-172","Slim fit comfort stretch Coolmax ® T-shirt","Premium quality T-shirt from Mango.","published","https://media.mango.com/is/image/punto/27034426-56-002?wid=2048&hei=2867&fit=crop","https://media.mango.com/is/image/punto/27034426-56-001?wid=2048&hei=2867&fit=crop","https://media.mango.com/is/image/punto/27034426-56-003?wid=2048&hei=2867&fit=crop","https://media.mango.com/is/image/punto/27034426-56-004?wid=2048&hei=2867&fit=crop","Default","Size","L","SLIM-FIT-COMFORT-STRETCH-COOLMAX-T-SHIRT-172-L",100,TRUE,FALSE,2334
"slim-fit-comfort-stretch-coolmax-t-shirt-172","Slim fit comfort stretch Coolmax ® T-shirt","Premium quality T-shirt from Mango.","published","https://media.mango.com/is/image/punto/27034426-56-002?wid=2048&hei=2867&fit=crop","https://media.mango.com/is/image/punto/27034426-56-001?wid=2048&hei=2867&fit=crop","https://media.mango.com/is/image/punto/27034426-56-003?wid=2048&hei=2867&fit=crop","https://media.mango.com/is/image/punto/27034426-56-004?wid=2048&hei=2867&fit=crop","Default","Size","XL","SLIM-FIT-COMFORT-STRETCH-COOLMAX-T-SHIRT-172-XL",100,TRUE,FALSE,2334
"slim-fit-comfort-stretch-coolmax-t-shirt-172","Slim fit comfort stretch Coolmax ® T-shirt","Premium quality T-shirt from Mango.","published","https://media.mango.com/is/image/punto/27034426-56-002?wid=2048&hei=2867&fit=crop","https://media.mango.com/is/image/punto/27034426-56-001?wid=2048&hei=2867&fit=crop","https://media.mango.com/is/image/punto/27034426-56-003?wid=2048&hei=2867&fit=crop","https://media.mango.com/is/image/punto/27034426-56-004?wid=2048&hei=2867&fit=crop","Default","Size","XXL","SLIM-FIT-COMFORT-STRETCH-COOLMAX-T-SHIRT-172-XXL",100,TRUE,FALSE,2334
"100-cotton-printed-t-shirt-173","100% cotton printed t-shirt","Premium quality T-shirt from Mango.","published","https://media.mango.com/is/image/punto/27035991-55-002?wid=2048&hei=2867&fit=crop","https://media.mango.com/is/image/punto/27035991-55-001?wid=2048&hei=2867&fit=crop","https://media.mango.com/is/image/punto/27035991-55-003?wid=2048&hei=2867&fit=crop","https://media.mango.com/is/image/punto/27035991-55-004?wid=2048&hei=2867&fit=crop","Default","Size","XS","100-COTTON-PRINTED-T-SHIRT-173-XS",100,TRUE,FALSE,3290
"100-cotton-printed-t-shirt-173","100% cotton printed t-shirt","Premium quality T-shirt from Mango.","published","https://media.mango.com/is/image/punto/27035991-55-002?wid=2048&hei=2867&fit=crop","https://media.mango.com/is/image/punto/27035991-55-001?wid=2048&hei=2867&fit=crop","https://media.mango.com/is/image/punto/27035991-55-003?wid=2048&hei=2867&fit=crop","https://media.mango.com/is/image/punto/27035991-55-004?wid=2048&hei=2867&fit=crop","Default","Size","S","100-COTTON-PRINTED-T-SHIRT-173-S",100,TRUE,FALSE,3290
"100-cotton-printed-t-shirt-173","100% cotton printed t-shirt","Premium quality T-shirt from Mango.","published","https://media.mango.com/is/image/punto/27035991-55-002?wid=2048&hei=2867&fit=crop","https://media.mango.com/is/image/punto/27035991-55-001?wid=2048&hei=2867&fit=crop","https://media.mango.com/is/image/punto/27035991-55-003?wid=2048&hei=2867&fit=crop","https://media.mango.com/is/image/punto/27035991-55-004?wid=2048&hei=2867&fit=crop","Default","Size","M","100-COTTON-PRINTED-T-SHIRT-173-M",100,TRUE,FALSE,3290
"100-cotton-printed-t-shirt-173","100% cotton printed t-shirt","Premium quality T-shirt from Mango.","published","https://media.mango.com/is/image/punto/27035991-55-002?wid=2048&hei=2867&fit=crop","https://media.mango.com/is/image/punto/27035991-55-001?wid=2048&hei=2867&fit=crop","https://media.mango.com/is/image/punto/27035991-55-003?wid=2048&hei=2867&fit=crop","https://media.mango.com/is/image/punto/27035991-55-004?wid=2048&hei=2867&fit=crop","Default","Size","L","100-COTTON-PRINTED-T-SHIRT-173-L",100,TRUE,FALSE,3290
"100-cotton-printed-t-shirt-173","100% cotton printed t-shirt","Premium quality T-shirt from Mango.","published","https://media.mango.com/is/image/punto/27035991-55-002?wid=2048&hei=2867&fit=crop","https://media.mango.com/is/image/punto/27035991-55-001?wid=2048&hei=2867&fit=crop","https://media.mango.com/is/image/punto/27035991-55-003?wid=2048&hei=2867&fit=crop","https://media.mango.com/is/image/punto/27035991-55-004?wid=2048&hei=2867&fit=crop","Default","Size","XL","100-COTTON-PRINTED-T-SHIRT-173-XL",100,TRUE,FALSE,3290
"100-cotton-printed-t-shirt-173","100% cotton printed t-shirt","Premium quality T-shirt from Mango.","published","https://media.mango.com/is/image/punto/27035991-55-002?wid=2048&hei=2867&fit=crop","https://media.mango.com/is/image/punto/27035991-55-001?wid=2048&hei=2867&fit=crop","https://media.mango.com/is/image/punto/27035991-55-003?wid=2048&hei=2867&fit=crop","https://media.mango.com/is/image/punto/27035991-55-004?wid=2048&hei=2867&fit=crop","Default","Size","XXL","100-COTTON-PRINTED-T-SHIRT-173-XXL",100,TRUE,FALSE,3290
"two-tone-zip-neck-polo-174","Two-tone zip neck polo","Premium quality T-shirt from Mango.","published","https://media.mango.com/is/image/punto/27037912-08-002?wid=2048&hei=2867&fit=crop","https://media.mango.com/is/image/punto/27037912-08-001?wid=2048&hei=2867&fit=crop","https://media.mango.com/is/image/punto/27037912-08-003?wid=2048&hei=2867&fit=crop","https://media.mango.com/is/image/punto/27037912-08-004?wid=2048&hei=2867&fit=crop","Default","Size","XS","TWO-TONE-ZIP-NECK-POLO-174-XS",100,TRUE,FALSE,4290
"two-tone-zip-neck-polo-174","Two-tone zip neck polo","Premium quality T-shirt from Mango.","published","https://media.mango.com/is/image/punto/27037912-08-002?wid=2048&hei=2867&fit=crop","https://media.mango.com/is/image/punto/27037912-08-001?wid=2048&hei=2867&fit=crop","https://media.mango.com/is/image/punto/27037912-08-003?wid=2048&hei=2867&fit=crop","https://media.mango.com/is/image/punto/27037912-08-004?wid=2048&hei=2867&fit=crop","Default","Size","S","TWO-TONE-ZIP-NECK-POLO-174-S",100,TRUE,FALSE,4290
"two-tone-zip-neck-polo-174","Two-tone zip neck polo","Premium quality T-shirt from Mango.","published","https://media.mango.com/is/image/punto/27037912-08-002?wid=2048&hei=2867&fit=crop","https://media.mango.com/is/image/punto/27037912-08-001?wid=2048&hei=2867&fit=crop","https://media.mango.com/is/image/punto/27037912-08-003?wid=2048&hei=2867&fit=crop","https://media.mango.com/is/image/punto/27037912-08-004?wid=2048&hei=2867&fit=crop","Default","Size","M","TWO-TONE-ZIP-NECK-POLO-174-M",100,TRUE,FALSE,4290
"two-tone-zip-neck-polo-174","Two-tone zip neck polo","Premium quality T-shirt from Mango.","published","https://media.mango.com/is/image/punto/27037912-08-002?wid=2048&hei=2867&fit=crop","https://media.mango.com/is/image/punto/27037912-08-001?wid=2048&hei=2867&fit=crop","https://media.mango.com/is/image/punto/27037912-08-003?wid=2048&hei=2867&fit=crop","https://media.mango.com/is/image/punto/27037912-08-004?wid=2048&hei=2867&fit=crop","Default","Size","L","TWO-TONE-ZIP-NECK-POLO-174-L",100,TRUE,FALSE,4290
"two-tone-zip-neck-polo-174","Two-tone zip neck polo","Premium quality T-shirt from Mango.","published","https://media.mango.com/is/image/punto/27037912-08-002?wid=2048&hei=2867&fit=crop","https://media.mango.com/is/image/punto/27037912-08-001?wid=2048&hei=2867&fit=crop","https://media.mango.com/is/image/punto/27037912-08-003?wid=2048&hei=2867&fit=crop","https://media.mango.com/is/image/punto/27037912-08-004?wid=2048&hei=2867&fit=crop","Default","Size","XL","TWO-TONE-ZIP-NECK-POLO-174-XL",100,TRUE,FALSE,4290
"two-tone-zip-neck-polo-174","Two-tone zip neck polo","Premium quality T-shirt from Mango.","published","https://media.mango.com/is/image/punto/27037912-08-002?wid=2048&hei=2867&fit=crop","https://media.mango.com/is/image/punto/27037912-08-001?wid=2048&hei=2867&fit=crop","https://media.mango.com/is/image/punto/27037912-08-003?wid=2048&hei=2867&fit=crop","https://media.mango.com/is/image/punto/27037912-08-004?wid=2048&hei=2867&fit=crop","Default","Size","XXL","TWO-TONE-ZIP-NECK-POLO-174-XXL",100,TRUE,FALSE,4290
"cotton-fine-knit-t-shirt-175","Cotton fine-knit t-shirt","Premium quality T-shirt from Mango.","published","https://media.mango.com/is/image/punto/27037918-28-002?wid=2048&hei=2867&fit=crop","https://media.mango.com/is/image/punto/27037918-28-001?wid=2048&hei=2867&fit=crop","https://media.mango.com/is/image/punto/27037918-28-003?wid=2048&hei=2867&fit=crop","https://media.mango.com/is/image/punto/27037918-28-004?wid=2048&hei=2867&fit=crop","Default","Size","S","COTTON-FINE-KNIT-T-SHIRT-175-S",100,TRUE,FALSE,5540
"cotton-fine-knit-t-shirt-175","Cotton fine-knit t-shirt","Premium quality T-shirt from Mango.","published","https://media.mango.com/is/image/punto/27037918-28-002?wid=2048&hei=2867&fit=crop","https://media.mango.com/is/image/punto/27037918-28-001?wid=2048&hei=2867&fit=crop","https://media.mango.com/is/image/punto/27037918-28-003?wid=2048&hei=2867&fit=crop","https://media.mango.com/is/image/punto/27037918-28-004?wid=2048&hei=2867&fit=crop","Default","Size","M","COTTON-FINE-KNIT-T-SHIRT-175-M",100,TRUE,FALSE,5540
"cotton-fine-knit-t-shirt-175","Cotton fine-knit t-shirt","Premium quality T-shirt from Mango.","published","https://media.mango.com/is/image/punto/27037918-28-002?wid=2048&hei=2867&fit=crop","https://media.mango.com/is/image/punto/27037918-28-001?wid=2048&hei=2867&fit=crop","https://media.mango.com/is/image/punto/27037918-28-003?wid=2048&hei=2867&fit=crop","https://media.mango.com/is/image/punto/27037918-28-004?wid=2048&hei=2867&fit=crop","Default","Size","L","COTTON-FINE-KNIT-T-SHIRT-175-L",100,TRUE,FALSE,5540
"cotton-fine-knit-t-shirt-175","Cotton fine-knit t-shirt","Premium quality T-shirt from Mango.","published","https://media.mango.com/is/image/punto/27037918-28-002?wid=2048&hei=2867&fit=crop","https://media.mango.com/is/image/punto/27037918-28-001?wid=2048&hei=2867&fit=crop","https://media.mango.com/is/image/punto/27037918-28-003?wid=2048&hei=2867&fit=crop","https://media.mango.com/is/image/punto/27037918-28-004?wid=2048&hei=2867&fit=crop","Default","Size","XL","COTTON-FINE-KNIT-T-SHIRT-175-XL",100,TRUE,FALSE,5540
"striped-cotton-t-shirt-176","Striped cotton T-shirt","Premium quality T-shirt from Mango.","published","https://media.mango.com/is/image/punto/27039208-56-002?wid=2048&hei=2867&fit=crop","https://media.mango.com/is/image/punto/27039208-56-001?wid=2048&hei=2867&fit=crop","https://media.mango.com/is/image/punto/27039208-56-003?wid=2048&hei=2867&fit=crop","https://media.mango.com/is/image/punto/27039208-56-004?wid=2048&hei=2867&fit=crop","Default","Size","XS","STRIPED-COTTON-T-SHIRT-176-XS",100,TRUE,FALSE,3290
"striped-cotton-t-shirt-176","Striped cotton T-shirt","Premium quality T-shirt from Mango.","published","https://media.mango.com/is/image/punto/27039208-56-002?wid=2048&hei=2867&fit=crop","https://media.mango.com/is/image/punto/27039208-56-001?wid=2048&hei=2867&fit=crop","https://media.mango.com/is/image/punto/27039208-56-003?wid=2048&hei=2867&fit=crop","https://media.mango.com/is/image/punto/27039208-56-004?wid=2048&hei=2867&fit=crop","Default","Size","S","STRIPED-COTTON-T-SHIRT-176-S",100,TRUE,FALSE,3290
"striped-cotton-t-shirt-176","Striped cotton T-shirt","Premium quality T-shirt from Mango.","published","https://media.mango.com/is/image/punto/27039208-56-002?wid=2048&hei=2867&fit=crop","https://media.mango.com/is/image/punto/27039208-56-001?wid=2048&hei=2867&fit=crop","https://media.mango.com/is/image/punto/27039208-56-003?wid=2048&hei=2867&fit=crop","https://media.mango.com/is/image/punto/27039208-56-004?wid=2048&hei=2867&fit=crop","Default","Size","M","STRIPED-COTTON-T-SHIRT-176-M",100,TRUE,FALSE,3290
"striped-cotton-t-shirt-176","Striped cotton T-shirt","Premium quality T-shirt from Mango.","published","https://media.mango.com/is/image/punto/27039208-56-002?wid=2048&hei=2867&fit=crop","https://media.mango.com/is/image/punto/27039208-56-001?wid=2048&hei=2867&fit=crop","https://media.mango.com/is/image/punto/27039208-56-003?wid=2048&hei=2867&fit=crop","https://media.mango.com/is/image/punto/27039208-56-004?wid=2048&hei=2867&fit=crop","Default","Size","L","STRIPED-COTTON-T-SHIRT-176-L",100,TRUE,FALSE,3290
"striped-cotton-t-shirt-176","Striped cotton T-shirt","Premium quality T-shirt from Mango.","published","https://media.mango.com/is/image/punto/27039208-56-002?wid=2048&hei=2867&fit=crop","https://media.mango.com/is/image/punto/27039208-56-001?wid=2048&hei=2867&fit=crop","https://media.mango.com/is/image/punto/27039208-56-003?wid=2048&hei=2867&fit=crop","https://media.mango.com/is/image/punto/27039208-56-004?wid=2048&hei=2867&fit=crop","Default","Size","XL","STRIPED-COTTON-T-SHIRT-176-XL",100,TRUE,FALSE,3290
"striped-cotton-t-shirt-176","Striped cotton T-shirt","Premium quality T-shirt from Mango.","published","https://media.mango.com/is/image/punto/27039208-56-002?wid=2048&hei=2867&fit=crop","https://media.mango.com/is/image/punto/27039208-56-001?wid=2048&hei=2867&fit=crop","https://media.mango.com/is/image/punto/27039208-56-003?wid=2048&hei=2867&fit=crop","https://media.mango.com/is/image/punto/27039208-56-004?wid=2048&hei=2867&fit=crop","Default","Size","XXL","STRIPED-COTTON-T-SHIRT-176-XXL",100,TRUE,FALSE,3290
"100-cotton-t-shirt-regular-fit-177","100% cotton T-shirt regular fit","Premium quality T-shirt from Mango.","published","https://media.mango.com/is/image/punto/27041264-35-002?wid=2048&hei=2867&fit=crop","https://media.mango.com/is/image/punto/27041264-35-001?wid=2048&hei=2867&fit=crop","https://media.mango.com/is/image/punto/27041264-35-003?wid=2048&hei=2867&fit=crop","https://media.mango.com/is/image/punto/27041264-35-004?wid=2048&hei=2867&fit=crop","Default","Size","XS","100-COTTON-T-SHIRT-REGULAR-FIT-177-XS",100,TRUE,FALSE,1992
"100-cotton-t-shirt-regular-fit-177","100% cotton T-shirt regular fit","Premium quality T-shirt from Mango.","published","https://media.mango.com/is/image/punto/27041264-35-002?wid=2048&hei=2867&fit=crop","https://media.mango.com/is/image/punto/27041264-35-001?wid=2048&hei=2867&fit=crop","https://media.mango.com/is/image/punto/27041264-35-003?wid=2048&hei=2867&fit=crop","https://media.mango.com/is/image/punto/27041264-35-004?wid=2048&hei=2867&fit=crop","Default","Size","S","100-COTTON-T-SHIRT-REGULAR-FIT-177-S",100,TRUE,FALSE,1992
"100-cotton-t-shirt-regular-fit-177","100% cotton T-shirt regular fit","Premium quality T-shirt from Mango.","published","https://media.mango.com/is/image/punto/27041264-35-002?wid=2048&hei=2867&fit=crop","https://media.mango.com/is/image/punto/27041264-35-001?wid=2048&hei=2867&fit=crop","https://media.mango.com/is/image/punto/27041264-35-003?wid=2048&hei=2867&fit=crop","https://media.mango.com/is/image/punto/27041264-35-004?wid=2048&hei=2867&fit=crop","Default","Size","M","100-COTTON-T-SHIRT-REGULAR-FIT-177-M",100,TRUE,FALSE,1992
"100-cotton-t-shirt-regular-fit-177","100% cotton T-shirt regular fit","Premium quality T-shirt from Mango.","published","https://media.mango.com/is/image/punto/27041264-35-002?wid=2048&hei=2867&fit=crop","https://media.mango.com/is/image/punto/27041264-35-001?wid=2048&hei=2867&fit=crop","https://media.mango.com/is/image/punto/27041264-35-003?wid=2048&hei=2867&fit=crop","https://media.mango.com/is/image/punto/27041264-35-004?wid=2048&hei=2867&fit=crop","Default","Size","L","100-COTTON-T-SHIRT-REGULAR-FIT-177-L",100,TRUE,FALSE,1992
"100-cotton-t-shirt-regular-fit-177","100% cotton T-shirt regular fit","Premium quality T-shirt from Mango.","published","https://media.mango.com/is/image/punto/27041264-35-002?wid=2048&hei=2867&fit=crop","https://media.mango.com/is/image/punto/27041264-35-001?wid=2048&hei=2867&fit=crop","https://media.mango.com/is/image/punto/27041264-35-003?wid=2048&hei=2867&fit=crop","https://media.mango.com/is/image/punto/27041264-35-004?wid=2048&hei=2867&fit=crop","Default","Size","XL","100-COTTON-T-SHIRT-REGULAR-FIT-177-XL",100,TRUE,FALSE,1992
"100-cotton-t-shirt-regular-fit-177","100% cotton T-shirt regular fit","Premium quality T-shirt from Mango.","published","https://media.mango.com/is/image/punto/27041264-35-002?wid=2048&hei=2867&fit=crop","https://media.mango.com/is/image/punto/27041264-35-001?wid=2048&hei=2867&fit=crop","https://media.mango.com/is/image/punto/27041264-35-003?wid=2048&hei=2867&fit=crop","https://media.mango.com/is/image/punto/27041264-35-004?wid=2048&hei=2867&fit=crop","Default","Size","XXL","100-COTTON-T-SHIRT-REGULAR-FIT-177-XXL",100,TRUE,FALSE,1992
"100-cotton-t-shirt-regular-fit-178","100% cotton T-shirt regular fit","Premium quality T-shirt from Mango.","published","https://media.mango.com/is/image/punto/27045964-01-002?wid=2048&hei=2867&fit=crop","https://media.mango.com/is/image/punto/27045964-01-001?wid=2048&hei=2867&fit=crop","https://media.mango.com/is/image/punto/27045964-01-003?wid=2048&hei=2867&fit=crop","https://media.mango.com/is/image/punto/27045964-01-004?wid=2048&hei=2867&fit=crop","Default","Size","XS","100-COTTON-T-SHIRT-REGULAR-FIT-178-XS",100,TRUE,FALSE,2303
"100-cotton-t-shirt-regular-fit-178","100% cotton T-shirt regular fit","Premium quality T-shirt from Mango.","published","https://media.mango.com/is/image/punto/27045964-01-002?wid=2048&hei=2867&fit=crop","https://media.mango.com/is/image/punto/27045964-01-001?wid=2048&hei=2867&fit=crop","https://media.mango.com/is/image/punto/27045964-01-003?wid=2048&hei=2867&fit=crop","https://media.mango.com/is/image/punto/27045964-01-004?wid=2048&hei=2867&fit=crop","Default","Size","S","100-COTTON-T-SHIRT-REGULAR-FIT-178-S",100,TRUE,FALSE,2303
"100-cotton-t-shirt-regular-fit-178","100% cotton T-shirt regular fit","Premium quality T-shirt from Mango.","published","https://media.mango.com/is/image/punto/27045964-01-002?wid=2048&hei=2867&fit=crop","https://media.mango.com/is/image/punto/27045964-01-001?wid=2048&hei=2867&fit=crop","https://media.mango.com/is/image/punto/27045964-01-003?wid=2048&hei=2867&fit=crop","https://media.mango.com/is/image/punto/27045964-01-004?wid=2048&hei=2867&fit=crop","Default","Size","M","100-COTTON-T-SHIRT-REGULAR-FIT-178-M",100,TRUE,FALSE,2303
"100-cotton-t-shirt-regular-fit-178","100% cotton T-shirt regular fit","Premium quality T-shirt from Mango.","published","https://media.mango.com/is/image/punto/27045964-01-002?wid=2048&hei=2867&fit=crop","https://media.mango.com/is/image/punto/27045964-01-001?wid=2048&hei=2867&fit=crop","https://media.mango.com/is/image/punto/27045964-01-003?wid=2048&hei=2867&fit=crop","https://media.mango.com/is/image/punto/27045964-01-004?wid=2048&hei=2867&fit=crop","Default","Size","L","100-COTTON-T-SHIRT-REGULAR-FIT-178-L",100,TRUE,FALSE,2303
"100-cotton-t-shirt-regular-fit-178","100% cotton T-shirt regular fit","Premium quality T-shirt from Mango.","published","https://media.mango.com/is/image/punto/27045964-01-002?wid=2048&hei=2867&fit=crop","https://media.mango.com/is/image/punto/27045964-01-001?wid=2048&hei=2867&fit=crop","https://media.mango.com/is/image/punto/27045964-01-003?wid=2048&hei=2867&fit=crop","https://media.mango.com/is/image/punto/27045964-01-004?wid=2048&hei=2867&fit=crop","Default","Size","XL","100-COTTON-T-SHIRT-REGULAR-FIT-178-XL",100,TRUE,FALSE,2303
"100-cotton-t-shirt-regular-fit-178","100% cotton T-shirt regular fit","Premium quality T-shirt from Mango.","published","https://media.mango.com/is/image/punto/27045964-01-002?wid=2048&hei=2867&fit=crop","https://media.mango.com/is/image/punto/27045964-01-001?wid=2048&hei=2867&fit=crop","https://media.mango.com/is/image/punto/27045964-01-003?wid=2048&hei=2867&fit=crop","https://media.mango.com/is/image/punto/27045964-01-004?wid=2048&hei=2867&fit=crop","Default","Size","XXL","100-COTTON-T-SHIRT-REGULAR-FIT-178-XXL",100,TRUE,FALSE,2303
"100-cotton-printed-t-shirt-179","100% cotton printed t-shirt","Premium quality T-shirt from Mango.","published","https://media.mango.com/is/image/punto/27045990-08-002?wid=2048&hei=2867&fit=crop","https://media.mango.com/is/image/punto/27045990-08-001?wid=2048&hei=2867&fit=crop","https://media.mango.com/is/image/punto/27045990-08-003?wid=2048&hei=2867&fit=crop","https://media.mango.com/is/image/punto/27045990-08-004?wid=2048&hei=2867&fit=crop","Default","Size","XS","100-COTTON-PRINTED-T-SHIRT-179-XS",100,TRUE,FALSE,3290
"100-cotton-printed-t-shirt-179","100% cotton printed t-shirt","Premium quality T-shirt from Mango.","published","https://media.mango.com/is/image/punto/27045990-08-002?wid=2048&hei=2867&fit=crop","https://media.mango.com/is/image/punto/27045990-08-001?wid=2048&hei=2867&fit=crop","https://media.mango.com/is/image/punto/27045990-08-003?wid=2048&hei=2867&fit=crop","https://media.mango.com/is/image/punto/27045990-08-004?wid=2048&hei=2867&fit=crop","Default","Size","S","100-COTTON-PRINTED-T-SHIRT-179-S",100,TRUE,FALSE,3290
"100-cotton-printed-t-shirt-179","100% cotton printed t-shirt","Premium quality T-shirt from Mango.","published","https://media.mango.com/is/image/punto/27045990-08-002?wid=2048&hei=2867&fit=crop","https://media.mango.com/is/image/punto/27045990-08-001?wid=2048&hei=2867&fit=crop","https://media.mango.com/is/image/punto/27045990-08-003?wid=2048&hei=2867&fit=crop","https://media.mango.com/is/image/punto/27045990-08-004?wid=2048&hei=2867&fit=crop","Default","Size","M","100-COTTON-PRINTED-T-SHIRT-179-M",100,TRUE,FALSE,3290
"100-cotton-printed-t-shirt-179","100% cotton printed t-shirt","Premium quality T-shirt from Mango.","published","https://media.mango.com/is/image/punto/27045990-08-002?wid=2048&hei=2867&fit=crop","https://media.mango.com/is/image/punto/27045990-08-001?wid=2048&hei=2867&fit=crop","https://media.mango.com/is/image/punto/27045990-08-003?wid=2048&hei=2867&fit=crop","https://media.mango.com/is/image/punto/27045990-08-004?wid=2048&hei=2867&fit=crop","Default","Size","L","100-COTTON-PRINTED-T-SHIRT-179-L",100,TRUE,FALSE,3290
"100-cotton-printed-t-shirt-179","100% cotton printed t-shirt","Premium quality T-shirt from Mango.","published","https://media.mango.com/is/image/punto/27045990-08-002?wid=2048&hei=2867&fit=crop","https://media.mango.com/is/image/punto/27045990-08-001?wid=2048&hei=2867&fit=crop","https://media.mango.com/is/image/punto/27045990-08-003?wid=2048&hei=2867&fit=crop","https://media.mango.com/is/image/punto/27045990-08-004?wid=2048&hei=2867&fit=crop","Default","Size","XL","100-COTTON-PRINTED-T-SHIRT-179-XL",100,TRUE,FALSE,3290
"100-cotton-printed-t-shirt-179","100% cotton printed t-shirt","Premium quality T-shirt from Mango.","published","https://media.mango.com/is/image/punto/27045990-08-002?wid=2048&hei=2867&fit=crop","https://media.mango.com/is/image/punto/27045990-08-001?wid=2048&hei=2867&fit=crop","https://media.mango.com/is/image/punto/27045990-08-003?wid=2048&hei=2867&fit=crop","https://media.mango.com/is/image/punto/27045990-08-004?wid=2048&hei=2867&fit=crop","Default","Size","XXL","100-COTTON-PRINTED-T-SHIRT-179-XXL",100,TRUE,FALSE,3290
"100-cotton-striped-jersey-t-shirt-180","100% cotton striped jersey T-shirt","Premium quality T-shirt from Mango.","published","https://media.mango.com/is/image/punto/27047914-02-002?wid=2048&hei=2867&fit=crop","https://media.mango.com/is/image/punto/27047914-02-001?wid=2048&hei=2867&fit=crop","https://media.mango.com/is/image/punto/27047914-02-003?wid=2048&hei=2867&fit=crop","https://media.mango.com/is/image/punto/27047914-02-004?wid=2048&hei=2867&fit=crop","Default","Size","S","100-COTTON-STRIPED-JERSEY-T-SHIRT-180-S",100,TRUE,FALSE,2334
"100-cotton-striped-jersey-t-shirt-180","100% cotton striped jersey T-shirt","Premium quality T-shirt from Mango.","published","https://media.mango.com/is/image/punto/27047914-02-002?wid=2048&hei=2867&fit=crop","https://media.mango.com/is/image/punto/27047914-02-001?wid=2048&hei=2867&fit=crop","https://media.mango.com/is/image/punto/27047914-02-003?wid=2048&hei=2867&fit=crop","https://media.mango.com/is/image/punto/27047914-02-004?wid=2048&hei=2867&fit=crop","Default","Size","M","100-COTTON-STRIPED-JERSEY-T-SHIRT-180-M",100,TRUE,FALSE,2334
"100-cotton-striped-jersey-t-shirt-180","100% cotton striped jersey T-shirt","Premium quality T-shirt from Mango.","published","https://media.mango.com/is/image/punto/27047914-02-002?wid=2048&hei=2867&fit=crop","https://media.mango.com/is/image/punto/27047914-02-001?wid=2048&hei=2867&fit=crop","https://media.mango.com/is/image/punto/27047914-02-003?wid=2048&hei=2867&fit=crop","https://media.mango.com/is/image/punto/27047914-02-004?wid=2048&hei=2867&fit=crop","Default","Size","L","100-COTTON-STRIPED-JERSEY-T-SHIRT-180-L",100,TRUE,FALSE,2334
"100-cotton-striped-jersey-t-shirt-180","100% cotton striped jersey T-shirt","Premium quality T-shirt from Mango.","published","https://media.mango.com/is/image/punto/27047914-02-002?wid=2048&hei=2867&fit=crop","https://media.mango.com/is/image/punto/27047914-02-001?wid=2048&hei=2867&fit=crop","https://media.mango.com/is/image/punto/27047914-02-003?wid=2048&hei=2867&fit=crop","https://media.mango.com/is/image/punto/27047914-02-004?wid=2048&hei=2867&fit=crop","Default","Size","XL","100-COTTON-STRIPED-JERSEY-T-SHIRT-180-XL",100,TRUE,FALSE,2334
"100-cotton-striped-jersey-t-shirt-180","100% cotton striped jersey T-shirt","Premium quality T-shirt from Mango.","published","https://media.mango.com/is/image/punto/27047914-02-002?wid=2048&hei=2867&fit=crop","https://media.mango.com/is/image/punto/27047914-02-001?wid=2048&hei=2867&fit=crop","https://media.mango.com/is/image/punto/27047914-02-003?wid=2048&hei=2867&fit=crop","https://media.mango.com/is/image/punto/27047914-02-004?wid=2048&hei=2867&fit=crop","Default","Size","XXL","100-COTTON-STRIPED-JERSEY-T-SHIRT-180-XXL",100,TRUE,FALSE,2334
"100-cotton-printed-t-shirt-181","100% cotton printed t-shirt","Premium quality T-shirt from Mango.","published","https://media.mango.com/is/image/punto/27055989-02-002?wid=2048&hei=2867&fit=crop","https://media.mango.com/is/image/punto/27055989-02-001?wid=2048&hei=2867&fit=crop","https://media.mango.com/is/image/punto/27055989-02-003?wid=2048&hei=2867&fit=crop","https://media.mango.com/is/image/punto/27055989-02-004?wid=2048&hei=2867&fit=crop","Default","Size","XS","100-COTTON-PRINTED-T-SHIRT-181-XS",100,TRUE,FALSE,3290
"100-cotton-printed-t-shirt-181","100% cotton printed t-shirt","Premium quality T-shirt from Mango.","published","https://media.mango.com/is/image/punto/27055989-02-002?wid=2048&hei=2867&fit=crop","https://media.mango.com/is/image/punto/27055989-02-001?wid=2048&hei=2867&fit=crop","https://media.mango.com/is/image/punto/27055989-02-003?wid=2048&hei=2867&fit=crop","https://media.mango.com/is/image/punto/27055989-02-004?wid=2048&hei=2867&fit=crop","Default","Size","S","100-COTTON-PRINTED-T-SHIRT-181-S",100,TRUE,FALSE,3290
"100-cotton-printed-t-shirt-181","100% cotton printed t-shirt","Premium quality T-shirt from Mango.","published","https://media.mango.com/is/image/punto/27055989-02-002?wid=2048&hei=2867&fit=crop","https://media.mango.com/is/image/punto/27055989-02-001?wid=2048&hei=2867&fit=crop","https://media.mango.com/is/image/punto/27055989-02-003?wid=2048&hei=2867&fit=crop","https://media.mango.com/is/image/punto/27055989-02-004?wid=2048&hei=2867&fit=crop","Default","Size","M","100-COTTON-PRINTED-T-SHIRT-181-M",100,TRUE,FALSE,3290
"100-cotton-printed-t-shirt-181","100% cotton printed t-shirt","Premium quality T-shirt from Mango.","published","https://media.mango.com/is/image/punto/27055989-02-002?wid=2048&hei=2867&fit=crop","https://media.mango.com/is/image/punto/27055989-02-001?wid=2048&hei=2867&fit=crop","https://media.mango.com/is/image/punto/27055989-02-003?wid=2048&hei=2867&fit=crop","https://media.mango.com/is/image/punto/27055989-02-004?wid=2048&hei=2867&fit=crop","Default","Size","L","100-COTTON-PRINTED-T-SHIRT-181-L",100,TRUE,FALSE,3290
"100-cotton-printed-t-shirt-181","100% cotton printed t-shirt","Premium quality T-shirt from Mango.","published","https://media.mango.com/is/image/punto/27055989-02-002?wid=2048&hei=2867&fit=crop","https://media.mango.com/is/image/punto/27055989-02-001?wid=2048&hei=2867&fit=crop","https://media.mango.com/is/image/punto/27055989-02-003?wid=2048&hei=2867&fit=crop","https://media.mango.com/is/image/punto/27055989-02-004?wid=2048&hei=2867&fit=crop","Default","Size","XL","100-COTTON-PRINTED-T-SHIRT-181-XL",100,TRUE,FALSE,3290
"100-cotton-printed-t-shirt-181","100% cotton printed t-shirt","Premium quality T-shirt from Mango.","published","https://media.mango.com/is/image/punto/27055989-02-002?wid=2048&hei=2867&fit=crop","https://media.mango.com/is/image/punto/27055989-02-001?wid=2048&hei=2867&fit=crop","https://media.mango.com/is/image/punto/27055989-02-003?wid=2048&hei=2867&fit=crop","https://media.mango.com/is/image/punto/27055989-02-004?wid=2048&hei=2867&fit=crop","Default","Size","XXL","100-COTTON-PRINTED-T-SHIRT-181-XXL",100,TRUE,FALSE,3290
"100-cotton-embroidered-t-shirt-182","100% cotton embroidered t-shirt","Premium quality T-shirt from Mango.","published","https://media.mango.com/is/image/punto/27059215-01-002?wid=2048&hei=2867&fit=crop","https://media.mango.com/is/image/punto/27059215-01-001?wid=2048&hei=2867&fit=crop","https://media.mango.com/is/image/punto/27059215-01-003?wid=2048&hei=2867&fit=crop","https://media.mango.com/is/image/punto/27059215-01-004?wid=2048&hei=2867&fit=crop","Default","Size","XS","100-COTTON-EMBROIDERED-T-SHIRT-182-XS",100,TRUE,FALSE,3290
"100-cotton-embroidered-t-shirt-182","100% cotton embroidered t-shirt","Premium quality T-shirt from Mango.","published","https://media.mango.com/is/image/punto/27059215-01-002?wid=2048&hei=2867&fit=crop","https://media.mango.com/is/image/punto/27059215-01-001?wid=2048&hei=2867&fit=crop","https://media.mango.com/is/image/punto/27059215-01-003?wid=2048&hei=2867&fit=crop","https://media.mango.com/is/image/punto/27059215-01-004?wid=2048&hei=2867&fit=crop","Default","Size","S","100-COTTON-EMBROIDERED-T-SHIRT-182-S",100,TRUE,FALSE,3290
"100-cotton-embroidered-t-shirt-182","100% cotton embroidered t-shirt","Premium quality T-shirt from Mango.","published","https://media.mango.com/is/image/punto/27059215-01-002?wid=2048&hei=2867&fit=crop","https://media.mango.com/is/image/punto/27059215-01-001?wid=2048&hei=2867&fit=crop","https://media.mango.com/is/image/punto/27059215-01-003?wid=2048&hei=2867&fit=crop","https://media.mango.com/is/image/punto/27059215-01-004?wid=2048&hei=2867&fit=crop","Default","Size","M","100-COTTON-EMBROIDERED-T-SHIRT-182-M",100,TRUE,FALSE,3290
"100-cotton-embroidered-t-shirt-182","100% cotton embroidered t-shirt","Premium quality T-shirt from Mango.","published","https://media.mango.com/is/image/punto/27059215-01-002?wid=2048&hei=2867&fit=crop","https://media.mango.com/is/image/punto/27059215-01-001?wid=2048&hei=2867&fit=crop","https://media.mango.com/is/image/punto/27059215-01-003?wid=2048&hei=2867&fit=crop","https://media.mango.com/is/image/punto/27059215-01-004?wid=2048&hei=2867&fit=crop","Default","Size","L","100-COTTON-EMBROIDERED-T-SHIRT-182-L",100,TRUE,FALSE,3290
"100-cotton-embroidered-t-shirt-182","100% cotton embroidered t-shirt","Premium quality T-shirt from Mango.","published","https://media.mango.com/is/image/punto/27059215-01-002?wid=2048&hei=2867&fit=crop","https://media.mango.com/is/image/punto/27059215-01-001?wid=2048&hei=2867&fit=crop","https://media.mango.com/is/image/punto/27059215-01-003?wid=2048&hei=2867&fit=crop","https://media.mango.com/is/image/punto/27059215-01-004?wid=2048&hei=2867&fit=crop","Default","Size","XL","100-COTTON-EMBROIDERED-T-SHIRT-182-XL",100,TRUE,FALSE,3290
"100-cotton-embroidered-t-shirt-182","100% cotton embroidered t-shirt","Premium quality T-shirt from Mango.","published","https://media.mango.com/is/image/punto/27059215-01-002?wid=2048&hei=2867&fit=crop","https://media.mango.com/is/image/punto/27059215-01-001?wid=2048&hei=2867&fit=crop","https://media.mango.com/is/image/punto/27059215-01-003?wid=2048&hei=2867&fit=crop","https://media.mango.com/is/image/punto/27059215-01-004?wid=2048&hei=2867&fit=crop","Default","Size","XXL","100-COTTON-EMBROIDERED-T-SHIRT-182-XXL",100,TRUE,FALSE,3290
"slim-fit-comfort-stretch-coolmax-t-shirt-183","Slim fit comfort stretch Coolmax ® T-shirt","Premium quality T-shirt from Mango.","published","https://media.mango.com/is/image/punto/27064425-01-002?wid=2048&hei=2867&fit=crop","https://media.mango.com/is/image/punto/27064425-01-001?wid=2048&hei=2867&fit=crop","https://media.mango.com/is/image/punto/27064425-01-003?wid=2048&hei=2867&fit=crop","https://media.mango.com/is/image/punto/27064425-01-004?wid=2048&hei=2867&fit=crop","Default","Size","XS","SLIM-FIT-COMFORT-STRETCH-COOLMAX-T-SHIRT-183-XS",100,TRUE,FALSE,2334
"slim-fit-comfort-stretch-coolmax-t-shirt-183","Slim fit comfort stretch Coolmax ® T-shirt","Premium quality T-shirt from Mango.","published","https://media.mango.com/is/image/punto/27064425-01-002?wid=2048&hei=2867&fit=crop","https://media.mango.com/is/image/punto/27064425-01-001?wid=2048&hei=2867&fit=crop","https://media.mango.com/is/image/punto/27064425-01-003?wid=2048&hei=2867&fit=crop","https://media.mango.com/is/image/punto/27064425-01-004?wid=2048&hei=2867&fit=crop","Default","Size","S","SLIM-FIT-COMFORT-STRETCH-COOLMAX-T-SHIRT-183-S",100,TRUE,FALSE,2334
"slim-fit-comfort-stretch-coolmax-t-shirt-183","Slim fit comfort stretch Coolmax ® T-shirt","Premium quality T-shirt from Mango.","published","https://media.mango.com/is/image/punto/27064425-01-002?wid=2048&hei=2867&fit=crop","https://media.mango.com/is/image/punto/27064425-01-001?wid=2048&hei=2867&fit=crop","https://media.mango.com/is/image/punto/27064425-01-003?wid=2048&hei=2867&fit=crop","https://media.mango.com/is/image/punto/27064425-01-004?wid=2048&hei=2867&fit=crop","Default","Size","M","SLIM-FIT-COMFORT-STRETCH-COOLMAX-T-SHIRT-183-M",100,TRUE,FALSE,2334
"slim-fit-comfort-stretch-coolmax-t-shirt-183","Slim fit comfort stretch Coolmax ® T-shirt","Premium quality T-shirt from Mango.","published","https://media.mango.com/is/image/punto/27064425-01-002?wid=2048&hei=2867&fit=crop","https://media.mango.com/is/image/punto/27064425-01-001?wid=2048&hei=2867&fit=crop","https://media.mango.com/is/image/punto/27064425-01-003?wid=2048&hei=2867&fit=crop","https://media.mango.com/is/image/punto/27064425-01-004?wid=2048&hei=2867&fit=crop","Default","Size","L","SLIM-FIT-COMFORT-STRETCH-COOLMAX-T-SHIRT-183-L",100,TRUE,FALSE,2334
"slim-fit-comfort-stretch-coolmax-t-shirt-183","Slim fit comfort stretch Coolmax ® T-shirt","Premium quality T-shirt from Mango.","published","https://media.mango.com/is/image/punto/27064425-01-002?wid=2048&hei=2867&fit=crop","https://media.mango.com/is/image/punto/27064425-01-001?wid=2048&hei=2867&fit=crop","https://media.mango.com/is/image/punto/27064425-01-003?wid=2048&hei=2867&fit=crop","https://media.mango.com/is/image/punto/27064425-01-004?wid=2048&hei=2867&fit=crop","Default","Size","XL","SLIM-FIT-COMFORT-STRETCH-COOLMAX-T-SHIRT-183-XL",100,TRUE,FALSE,2334
"slim-fit-comfort-stretch-coolmax-t-shirt-183","Slim fit comfort stretch Coolmax ® T-shirt","Premium quality T-shirt from Mango.","published","https://media.mango.com/is/image/punto/27064425-01-002?wid=2048&hei=2867&fit=crop","https://media.mango.com/is/image/punto/27064425-01-001?wid=2048&hei=2867&fit=crop","https://media.mango.com/is/image/punto/27064425-01-003?wid=2048&hei=2867&fit=crop","https://media.mango.com/is/image/punto/27064425-01-004?wid=2048&hei=2867&fit=crop","Default","Size","XXL","SLIM-FIT-COMFORT-STRETCH-COOLMAX-T-SHIRT-183-XXL",100,TRUE,FALSE,2334
"comfort-stretch-jersey-t-shirt-184","Comfort stretch jersey T-shirt","Premium quality T-shirt from Mango.","published","https://media.mango.com/is/image/punto/27074428-03-002?wid=2048&hei=2867&fit=crop","https://media.mango.com/is/image/punto/27074428-03-001?wid=2048&hei=2867&fit=crop","https://media.mango.com/is/image/punto/27074428-03-003?wid=2048&hei=2867&fit=crop","https://media.mango.com/is/image/punto/27074428-03-004?wid=2048&hei=2867&fit=crop","Default","Size","S","COMFORT-STRETCH-JERSEY-T-SHIRT-184-S",100,TRUE,FALSE,3992
"comfort-stretch-jersey-t-shirt-184","Comfort stretch jersey T-shirt","Premium quality T-shirt from Mango.","published","https://media.mango.com/is/image/punto/27074428-03-002?wid=2048&hei=2867&fit=crop","https://media.mango.com/is/image/punto/27074428-03-001?wid=2048&hei=2867&fit=crop","https://media.mango.com/is/image/punto/27074428-03-003?wid=2048&hei=2867&fit=crop","https://media.mango.com/is/image/punto/27074428-03-004?wid=2048&hei=2867&fit=crop","Default","Size","M","COMFORT-STRETCH-JERSEY-T-SHIRT-184-M",100,TRUE,FALSE,3992
"comfort-stretch-jersey-t-shirt-184","Comfort stretch jersey T-shirt","Premium quality T-shirt from Mango.","published","https://media.mango.com/is/image/punto/27074428-03-002?wid=2048&hei=2867&fit=crop","https://media.mango.com/is/image/punto/27074428-03-001?wid=2048&hei=2867&fit=crop","https://media.mango.com/is/image/punto/27074428-03-003?wid=2048&hei=2867&fit=crop","https://media.mango.com/is/image/punto/27074428-03-004?wid=2048&hei=2867&fit=crop","Default","Size","L","COMFORT-STRETCH-JERSEY-T-SHIRT-184-L",100,TRUE,FALSE,3992
"comfort-stretch-jersey-t-shirt-184","Comfort stretch jersey T-shirt","Premium quality T-shirt from Mango.","published","https://media.mango.com/is/image/punto/27074428-03-002?wid=2048&hei=2867&fit=crop","https://media.mango.com/is/image/punto/27074428-03-001?wid=2048&hei=2867&fit=crop","https://media.mango.com/is/image/punto/27074428-03-003?wid=2048&hei=2867&fit=crop","https://media.mango.com/is/image/punto/27074428-03-004?wid=2048&hei=2867&fit=crop","Default","Size","XL","COMFORT-STRETCH-JERSEY-T-SHIRT-184-XL",100,TRUE,FALSE,3992
"comfort-stretch-jersey-t-shirt-184","Comfort stretch jersey T-shirt","Premium quality T-shirt from Mango.","published","https://media.mango.com/is/image/punto/27074428-03-002?wid=2048&hei=2867&fit=crop","https://media.mango.com/is/image/punto/27074428-03-001?wid=2048&hei=2867&fit=crop","https://media.mango.com/is/image/punto/27074428-03-003?wid=2048&hei=2867&fit=crop","https://media.mango.com/is/image/punto/27074428-03-004?wid=2048&hei=2867&fit=crop","Default","Size","XXL","COMFORT-STRETCH-JERSEY-T-SHIRT-184-XXL",100,TRUE,FALSE,3992
"cable-knit-t-shirt-100-cotton-185","Cable knit T-shirt 100% cotton","Premium quality T-shirt from Mango.","published","https://media.mango.com/is/image/punto/27075939-32-002?wid=2048&hei=2867&fit=crop","https://media.mango.com/is/image/punto/27075939-32-001?wid=2048&hei=2867&fit=crop","https://media.mango.com/is/image/punto/27075939-32-003?wid=2048&hei=2867&fit=crop","https://media.mango.com/is/image/punto/27075939-32-004?wid=2048&hei=2867&fit=crop","Default","Size","S","CABLE-KNIT-T-SHIRT-100-COTTON-185-S",100,TRUE,FALSE,2334
"cable-knit-t-shirt-100-cotton-185","Cable knit T-shirt 100% cotton","Premium quality T-shirt from Mango.","published","https://media.mango.com/is/image/punto/27075939-32-002?wid=2048&hei=2867&fit=crop","https://media.mango.com/is/image/punto/27075939-32-001?wid=2048&hei=2867&fit=crop","https://media.mango.com/is/image/punto/27075939-32-003?wid=2048&hei=2867&fit=crop","https://media.mango.com/is/image/punto/27075939-32-004?wid=2048&hei=2867&fit=crop","Default","Size","M","CABLE-KNIT-T-SHIRT-100-COTTON-185-M",100,TRUE,FALSE,2334
"cable-knit-t-shirt-100-cotton-185","Cable knit T-shirt 100% cotton","Premium quality T-shirt from Mango.","published","https://media.mango.com/is/image/punto/27075939-32-002?wid=2048&hei=2867&fit=crop","https://media.mango.com/is/image/punto/27075939-32-001?wid=2048&hei=2867&fit=crop","https://media.mango.com/is/image/punto/27075939-32-003?wid=2048&hei=2867&fit=crop","https://media.mango.com/is/image/punto/27075939-32-004?wid=2048&hei=2867&fit=crop","Default","Size","L","CABLE-KNIT-T-SHIRT-100-COTTON-185-L",100,TRUE,FALSE,2334
"cable-knit-t-shirt-100-cotton-185","Cable knit T-shirt 100% cotton","Premium quality T-shirt from Mango.","published","https://media.mango.com/is/image/punto/27075939-32-002?wid=2048&hei=2867&fit=crop","https://media.mango.com/is/image/punto/27075939-32-001?wid=2048&hei=2867&fit=crop","https://media.mango.com/is/image/punto/27075939-32-003?wid=2048&hei=2867&fit=crop","https://media.mango.com/is/image/punto/27075939-32-004?wid=2048&hei=2867&fit=crop","Default","Size","XL","CABLE-KNIT-T-SHIRT-100-COTTON-185-XL",100,TRUE,FALSE,2334
"cable-knit-t-shirt-100-cotton-185","Cable knit T-shirt 100% cotton","Premium quality T-shirt from Mango.","published","https://media.mango.com/is/image/punto/27075939-32-002?wid=2048&hei=2867&fit=crop","https://media.mango.com/is/image/punto/27075939-32-001?wid=2048&hei=2867&fit=crop","https://media.mango.com/is/image/punto/27075939-32-003?wid=2048&hei=2867&fit=crop","https://media.mango.com/is/image/punto/27075939-32-004?wid=2048&hei=2867&fit=crop","Default","Size","XXL","CABLE-KNIT-T-SHIRT-100-COTTON-185-XXL",100,TRUE,FALSE,2334
"cable-knit-t-shirt-100-cotton-186","Cable knit T-shirt 100% cotton","Premium quality T-shirt from Mango.","published","https://media.mango.com/is/image/punto/27075939-57-002?wid=2048&hei=2867&fit=crop","https://media.mango.com/is/image/punto/27075939-57-001?wid=2048&hei=2867&fit=crop","https://media.mango.com/is/image/punto/27075939-57-003?wid=2048&hei=2867&fit=crop","https://media.mango.com/is/image/punto/27075939-57-004?wid=2048&hei=2867&fit=crop","Default","Size","S","CABLE-KNIT-T-SHIRT-100-COTTON-186-S",100,TRUE,FALSE,2334
"cable-knit-t-shirt-100-cotton-186","Cable knit T-shirt 100% cotton","Premium quality T-shirt from Mango.","published","https://media.mango.com/is/image/punto/27075939-57-002?wid=2048&hei=2867&fit=crop","https://media.mango.com/is/image/punto/27075939-57-001?wid=2048&hei=2867&fit=crop","https://media.mango.com/is/image/punto/27075939-57-003?wid=2048&hei=2867&fit=crop","https://media.mango.com/is/image/punto/27075939-57-004?wid=2048&hei=2867&fit=crop","Default","Size","M","CABLE-KNIT-T-SHIRT-100-COTTON-186-M",100,TRUE,FALSE,2334
"cable-knit-t-shirt-100-cotton-186","Cable knit T-shirt 100% cotton","Premium quality T-shirt from Mango.","published","https://media.mango.com/is/image/punto/27075939-57-002?wid=2048&hei=2867&fit=crop","https://media.mango.com/is/image/punto/27075939-57-001?wid=2048&hei=2867&fit=crop","https://media.mango.com/is/image/punto/27075939-57-003?wid=2048&hei=2867&fit=crop","https://media.mango.com/is/image/punto/27075939-57-004?wid=2048&hei=2867&fit=crop","Default","Size","L","CABLE-KNIT-T-SHIRT-100-COTTON-186-L",100,TRUE,FALSE,2334
"cable-knit-t-shirt-100-cotton-186","Cable knit T-shirt 100% cotton","Premium quality T-shirt from Mango.","published","https://media.mango.com/is/image/punto/27075939-57-002?wid=2048&hei=2867&fit=crop","https://media.mango.com/is/image/punto/27075939-57-001?wid=2048&hei=2867&fit=crop","https://media.mango.com/is/image/punto/27075939-57-003?wid=2048&hei=2867&fit=crop","https://media.mango.com/is/image/punto/27075939-57-004?wid=2048&hei=2867&fit=crop","Default","Size","XL","CABLE-KNIT-T-SHIRT-100-COTTON-186-XL",100,TRUE,FALSE,2334
"cable-knit-t-shirt-100-cotton-186","Cable knit T-shirt 100% cotton","Premium quality T-shirt from Mango.","published","https://media.mango.com/is/image/punto/27075939-57-002?wid=2048&hei=2867&fit=crop","https://media.mango.com/is/image/punto/27075939-57-001?wid=2048&hei=2867&fit=crop","https://media.mango.com/is/image/punto/27075939-57-003?wid=2048&hei=2867&fit=crop","https://media.mango.com/is/image/punto/27075939-57-004?wid=2048&hei=2867&fit=crop","Default","Size","XXL","CABLE-KNIT-T-SHIRT-100-COTTON-186-XXL",100,TRUE,FALSE,2334
"cotton-modal-blend-jersey-t-shirt-187","Cotton-modal blend jersey T-shirt","Premium quality T-shirt from Mango.","published","https://media.mango.com/is/image/punto/27077913-07-002?wid=2048&hei=2867&fit=crop","https://media.mango.com/is/image/punto/27077913-07-001?wid=2048&hei=2867&fit=crop","https://media.mango.com/is/image/punto/27077913-07-003?wid=2048&hei=2867&fit=crop","https://media.mango.com/is/image/punto/27077913-07-004?wid=2048&hei=2867&fit=crop","Default","Size","S","COTTON-MODAL-BLEND-JERSEY-T-SHIRT-187-S",100,TRUE,FALSE,3290
"cotton-modal-blend-jersey-t-shirt-187","Cotton-modal blend jersey T-shirt","Premium quality T-shirt from Mango.","published","https://media.mango.com/is/image/punto/27077913-07-002?wid=2048&hei=2867&fit=crop","https://media.mango.com/is/image/punto/27077913-07-001?wid=2048&hei=2867&fit=crop","https://media.mango.com/is/image/punto/27077913-07-003?wid=2048&hei=2867&fit=crop","https://media.mango.com/is/image/punto/27077913-07-004?wid=2048&hei=2867&fit=crop","Default","Size","M","COTTON-MODAL-BLEND-JERSEY-T-SHIRT-187-M",100,TRUE,FALSE,3290
"cotton-modal-blend-jersey-t-shirt-187","Cotton-modal blend jersey T-shirt","Premium quality T-shirt from Mango.","published","https://media.mango.com/is/image/punto/27077913-07-002?wid=2048&hei=2867&fit=crop","https://media.mango.com/is/image/punto/27077913-07-001?wid=2048&hei=2867&fit=crop","https://media.mango.com/is/image/punto/27077913-07-003?wid=2048&hei=2867&fit=crop","https://media.mango.com/is/image/punto/27077913-07-004?wid=2048&hei=2867&fit=crop","Default","Size","L","COTTON-MODAL-BLEND-JERSEY-T-SHIRT-187-L",100,TRUE,FALSE,3290
"cotton-modal-blend-jersey-t-shirt-187","Cotton-modal blend jersey T-shirt","Premium quality T-shirt from Mango.","published","https://media.mango.com/is/image/punto/27077913-07-002?wid=2048&hei=2867&fit=crop","https://media.mango.com/is/image/punto/27077913-07-001?wid=2048&hei=2867&fit=crop","https://media.mango.com/is/image/punto/27077913-07-003?wid=2048&hei=2867&fit=crop","https://media.mango.com/is/image/punto/27077913-07-004?wid=2048&hei=2867&fit=crop","Default","Size","XL","COTTON-MODAL-BLEND-JERSEY-T-SHIRT-187-XL",100,TRUE,FALSE,3290
"cotton-modal-blend-jersey-t-shirt-187","Cotton-modal blend jersey T-shirt","Premium quality T-shirt from Mango.","published","https://media.mango.com/is/image/punto/27077913-07-002?wid=2048&hei=2867&fit=crop","https://media.mango.com/is/image/punto/27077913-07-001?wid=2048&hei=2867&fit=crop","https://media.mango.com/is/image/punto/27077913-07-003?wid=2048&hei=2867&fit=crop","https://media.mango.com/is/image/punto/27077913-07-004?wid=2048&hei=2867&fit=crop","Default","Size","XXL","COTTON-MODAL-BLEND-JERSEY-T-SHIRT-187-XXL",100,TRUE,FALSE,3290
"cotton-modal-blend-jersey-t-shirt-188","Cotton-modal blend jersey T-shirt","Premium quality T-shirt from Mango.","published","https://media.mango.com/is/image/punto/27077913-99-002?wid=2048&hei=2867&fit=crop","https://media.mango.com/is/image/punto/27077913-99-001?wid=2048&hei=2867&fit=crop","https://media.mango.com/is/image/punto/27077913-99-003?wid=2048&hei=2867&fit=crop","https://media.mango.com/is/image/punto/27077913-99-004?wid=2048&hei=2867&fit=crop","Default","Size","S","COTTON-MODAL-BLEND-JERSEY-T-SHIRT-188-S",100,TRUE,FALSE,3290
"cotton-modal-blend-jersey-t-shirt-188","Cotton-modal blend jersey T-shirt","Premium quality T-shirt from Mango.","published","https://media.mango.com/is/image/punto/27077913-99-002?wid=2048&hei=2867&fit=crop","https://media.mango.com/is/image/punto/27077913-99-001?wid=2048&hei=2867&fit=crop","https://media.mango.com/is/image/punto/27077913-99-003?wid=2048&hei=2867&fit=crop","https://media.mango.com/is/image/punto/27077913-99-004?wid=2048&hei=2867&fit=crop","Default","Size","M","COTTON-MODAL-BLEND-JERSEY-T-SHIRT-188-M",100,TRUE,FALSE,3290
"cotton-modal-blend-jersey-t-shirt-188","Cotton-modal blend jersey T-shirt","Premium quality T-shirt from Mango.","published","https://media.mango.com/is/image/punto/27077913-99-002?wid=2048&hei=2867&fit=crop","https://media.mango.com/is/image/punto/27077913-99-001?wid=2048&hei=2867&fit=crop","https://media.mango.com/is/image/punto/27077913-99-003?wid=2048&hei=2867&fit=crop","https://media.mango.com/is/image/punto/27077913-99-004?wid=2048&hei=2867&fit=crop","Default","Size","L","COTTON-MODAL-BLEND-JERSEY-T-SHIRT-188-L",100,TRUE,FALSE,3290
"cotton-modal-blend-jersey-t-shirt-188","Cotton-modal blend jersey T-shirt","Premium quality T-shirt from Mango.","published","https://media.mango.com/is/image/punto/27077913-99-002?wid=2048&hei=2867&fit=crop","https://media.mango.com/is/image/punto/27077913-99-001?wid=2048&hei=2867&fit=crop","https://media.mango.com/is/image/punto/27077913-99-003?wid=2048&hei=2867&fit=crop","https://media.mango.com/is/image/punto/27077913-99-004?wid=2048&hei=2867&fit=crop","Default","Size","XL","COTTON-MODAL-BLEND-JERSEY-T-SHIRT-188-XL",100,TRUE,FALSE,3290
"cotton-modal-blend-jersey-t-shirt-188","Cotton-modal blend jersey T-shirt","Premium quality T-shirt from Mango.","published","https://media.mango.com/is/image/punto/27077913-99-002?wid=2048&hei=2867&fit=crop","https://media.mango.com/is/image/punto/27077913-99-001?wid=2048&hei=2867&fit=crop","https://media.mango.com/is/image/punto/27077913-99-003?wid=2048&hei=2867&fit=crop","https://media.mango.com/is/image/punto/27077913-99-004?wid=2048&hei=2867&fit=crop","Default","Size","XXL","COTTON-MODAL-BLEND-JERSEY-T-SHIRT-188-XXL",100,TRUE,FALSE,3290
"short-sleeved-cotton-t-shirt-189","Short-sleeved cotton t-shirt","Premium quality T-shirt from Mango.","published","https://media.mango.com/is/image/punto/27079207-43-002?wid=2048&hei=2867&fit=crop","https://media.mango.com/is/image/punto/27079207-43-001?wid=2048&hei=2867&fit=crop","https://media.mango.com/is/image/punto/27079207-43-003?wid=2048&hei=2867&fit=crop","https://media.mango.com/is/image/punto/27079207-43-004?wid=2048&hei=2867&fit=crop","Default","Size","XS","SHORT-SLEEVED-COTTON-T-SHIRT-189-XS",100,TRUE,FALSE,2890
"short-sleeved-cotton-t-shirt-189","Short-sleeved cotton t-shirt","Premium quality T-shirt from Mango.","published","https://media.mango.com/is/image/punto/27079207-43-002?wid=2048&hei=2867&fit=crop","https://media.mango.com/is/image/punto/27079207-43-001?wid=2048&hei=2867&fit=crop","https://media.mango.com/is/image/punto/27079207-43-003?wid=2048&hei=2867&fit=crop","https://media.mango.com/is/image/punto/27079207-43-004?wid=2048&hei=2867&fit=crop","Default","Size","S","SHORT-SLEEVED-COTTON-T-SHIRT-189-S",100,TRUE,FALSE,2890
"short-sleeved-cotton-t-shirt-189","Short-sleeved cotton t-shirt","Premium quality T-shirt from Mango.","published","https://media.mango.com/is/image/punto/27079207-43-002?wid=2048&hei=2867&fit=crop","https://media.mango.com/is/image/punto/27079207-43-001?wid=2048&hei=2867&fit=crop","https://media.mango.com/is/image/punto/27079207-43-003?wid=2048&hei=2867&fit=crop","https://media.mango.com/is/image/punto/27079207-43-004?wid=2048&hei=2867&fit=crop","Default","Size","M","SHORT-SLEEVED-COTTON-T-SHIRT-189-M",100,TRUE,FALSE,2890
"short-sleeved-cotton-t-shirt-189","Short-sleeved cotton t-shirt","Premium quality T-shirt from Mango.","published","https://media.mango.com/is/image/punto/27079207-43-002?wid=2048&hei=2867&fit=crop","https://media.mango.com/is/image/punto/27079207-43-001?wid=2048&hei=2867&fit=crop","https://media.mango.com/is/image/punto/27079207-43-003?wid=2048&hei=2867&fit=crop","https://media.mango.com/is/image/punto/27079207-43-004?wid=2048&hei=2867&fit=crop","Default","Size","L","SHORT-SLEEVED-COTTON-T-SHIRT-189-L",100,TRUE,FALSE,2890
"short-sleeved-cotton-t-shirt-189","Short-sleeved cotton t-shirt","Premium quality T-shirt from Mango.","published","https://media.mango.com/is/image/punto/27079207-43-002?wid=2048&hei=2867&fit=crop","https://media.mango.com/is/image/punto/27079207-43-001?wid=2048&hei=2867&fit=crop","https://media.mango.com/is/image/punto/27079207-43-003?wid=2048&hei=2867&fit=crop","https://media.mango.com/is/image/punto/27079207-43-004?wid=2048&hei=2867&fit=crop","Default","Size","XL","SHORT-SLEEVED-COTTON-T-SHIRT-189-XL",100,TRUE,FALSE,2890
"short-sleeved-cotton-t-shirt-189","Short-sleeved cotton t-shirt","Premium quality T-shirt from Mango.","published","https://media.mango.com/is/image/punto/27079207-43-002?wid=2048&hei=2867&fit=crop","https://media.mango.com/is/image/punto/27079207-43-001?wid=2048&hei=2867&fit=crop","https://media.mango.com/is/image/punto/27079207-43-003?wid=2048&hei=2867&fit=crop","https://media.mango.com/is/image/punto/27079207-43-004?wid=2048&hei=2867&fit=crop","Default","Size","XXL","SHORT-SLEEVED-COTTON-T-SHIRT-189-XXL",100,TRUE,FALSE,2890
"100-cotton-printed-t-shirt-190","100% cotton printed t-shirt","Premium quality T-shirt from Mango.","published","https://media.mango.com/is/image/punto/27079213-01-002?wid=2048&hei=2867&fit=crop","https://media.mango.com/is/image/punto/27079213-01-001?wid=2048&hei=2867&fit=crop","https://media.mango.com/is/image/punto/27079213-01-003?wid=2048&hei=2867&fit=crop","https://media.mango.com/is/image/punto/27079213-01-004?wid=2048&hei=2867&fit=crop","Default","Size","XS","100-COTTON-PRINTED-T-SHIRT-190-XS",100,TRUE,FALSE,3290
"100-cotton-printed-t-shirt-190","100% cotton printed t-shirt","Premium quality T-shirt from Mango.","published","https://media.mango.com/is/image/punto/27079213-01-002?wid=2048&hei=2867&fit=crop","https://media.mango.com/is/image/punto/27079213-01-001?wid=2048&hei=2867&fit=crop","https://media.mango.com/is/image/punto/27079213-01-003?wid=2048&hei=2867&fit=crop","https://media.mango.com/is/image/punto/27079213-01-004?wid=2048&hei=2867&fit=crop","Default","Size","S","100-COTTON-PRINTED-T-SHIRT-190-S",100,TRUE,FALSE,3290
"100-cotton-printed-t-shirt-190","100% cotton printed t-shirt","Premium quality T-shirt from Mango.","published","https://media.mango.com/is/image/punto/27079213-01-002?wid=2048&hei=2867&fit=crop","https://media.mango.com/is/image/punto/27079213-01-001?wid=2048&hei=2867&fit=crop","https://media.mango.com/is/image/punto/27079213-01-003?wid=2048&hei=2867&fit=crop","https://media.mango.com/is/image/punto/27079213-01-004?wid=2048&hei=2867&fit=crop","Default","Size","M","100-COTTON-PRINTED-T-SHIRT-190-M",100,TRUE,FALSE,3290
"100-cotton-printed-t-shirt-190","100% cotton printed t-shirt","Premium quality T-shirt from Mango.","published","https://media.mango.com/is/image/punto/27079213-01-002?wid=2048&hei=2867&fit=crop","https://media.mango.com/is/image/punto/27079213-01-001?wid=2048&hei=2867&fit=crop","https://media.mango.com/is/image/punto/27079213-01-003?wid=2048&hei=2867&fit=crop","https://media.mango.com/is/image/punto/27079213-01-004?wid=2048&hei=2867&fit=crop","Default","Size","L","100-COTTON-PRINTED-T-SHIRT-190-L",100,TRUE,FALSE,3290
"100-cotton-printed-t-shirt-190","100% cotton printed t-shirt","Premium quality T-shirt from Mango.","published","https://media.mango.com/is/image/punto/27079213-01-002?wid=2048&hei=2867&fit=crop","https://media.mango.com/is/image/punto/27079213-01-001?wid=2048&hei=2867&fit=crop","https://media.mango.com/is/image/punto/27079213-01-003?wid=2048&hei=2867&fit=crop","https://media.mango.com/is/image/punto/27079213-01-004?wid=2048&hei=2867&fit=crop","Default","Size","XL","100-COTTON-PRINTED-T-SHIRT-190-XL",100,TRUE,FALSE,3290
"100-cotton-printed-t-shirt-190","100% cotton printed t-shirt","Premium quality T-shirt from Mango.","published","https://media.mango.com/is/image/punto/27079213-01-002?wid=2048&hei=2867&fit=crop","https://media.mango.com/is/image/punto/27079213-01-001?wid=2048&hei=2867&fit=crop","https://media.mango.com/is/image/punto/27079213-01-003?wid=2048&hei=2867&fit=crop","https://media.mango.com/is/image/punto/27079213-01-004?wid=2048&hei=2867&fit=crop","Default","Size","XXL","100-COTTON-PRINTED-T-SHIRT-190-XXL",100,TRUE,FALSE,3290
"linen-blend-t-shirt-191","Linen blend T-shirt","Premium quality T-shirt from Mango.","published","https://media.mango.com/is/image/punto/27087895-48-002?wid=2048&hei=2867&fit=crop","https://media.mango.com/is/image/punto/27087895-48-001?wid=2048&hei=2867&fit=crop","https://media.mango.com/is/image/punto/27087895-48-003?wid=2048&hei=2867&fit=crop","https://media.mango.com/is/image/punto/27087895-48-004?wid=2048&hei=2867&fit=crop","Default","Size","XS","LINEN-BLEND-T-SHIRT-191-XS",100,TRUE,FALSE,3890
"linen-blend-t-shirt-191","Linen blend T-shirt","Premium quality T-shirt from Mango.","published","https://media.mango.com/is/image/punto/27087895-48-002?wid=2048&hei=2867&fit=crop","https://media.mango.com/is/image/punto/27087895-48-001?wid=2048&hei=2867&fit=crop","https://media.mango.com/is/image/punto/27087895-48-003?wid=2048&hei=2867&fit=crop","https://media.mango.com/is/image/punto/27087895-48-004?wid=2048&hei=2867&fit=crop","Default","Size","S","LINEN-BLEND-T-SHIRT-191-S",100,TRUE,FALSE,3890
"linen-blend-t-shirt-191","Linen blend T-shirt","Premium quality T-shirt from Mango.","published","https://media.mango.com/is/image/punto/27087895-48-002?wid=2048&hei=2867&fit=crop","https://media.mango.com/is/image/punto/27087895-48-001?wid=2048&hei=2867&fit=crop","https://media.mango.com/is/image/punto/27087895-48-003?wid=2048&hei=2867&fit=crop","https://media.mango.com/is/image/punto/27087895-48-004?wid=2048&hei=2867&fit=crop","Default","Size","M","LINEN-BLEND-T-SHIRT-191-M",100,TRUE,FALSE,3890
"linen-blend-t-shirt-191","Linen blend T-shirt","Premium quality T-shirt from Mango.","published","https://media.mango.com/is/image/punto/27087895-48-002?wid=2048&hei=2867&fit=crop","https://media.mango.com/is/image/punto/27087895-48-001?wid=2048&hei=2867&fit=crop","https://media.mango.com/is/image/punto/27087895-48-003?wid=2048&hei=2867&fit=crop","https://media.mango.com/is/image/punto/27087895-48-004?wid=2048&hei=2867&fit=crop","Default","Size","L","LINEN-BLEND-T-SHIRT-191-L",100,TRUE,FALSE,3890
"linen-blend-t-shirt-191","Linen blend T-shirt","Premium quality T-shirt from Mango.","published","https://media.mango.com/is/image/punto/27087895-48-002?wid=2048&hei=2867&fit=crop","https://media.mango.com/is/image/punto/27087895-48-001?wid=2048&hei=2867&fit=crop","https://media.mango.com/is/image/punto/27087895-48-003?wid=2048&hei=2867&fit=crop","https://media.mango.com/is/image/punto/27087895-48-004?wid=2048&hei=2867&fit=crop","Default","Size","XL","LINEN-BLEND-T-SHIRT-191-XL",100,TRUE,FALSE,3890
"linen-blend-t-shirt-191","Linen blend T-shirt","Premium quality T-shirt from Mango.","published","https://media.mango.com/is/image/punto/27087895-48-002?wid=2048&hei=2867&fit=crop","https://media.mango.com/is/image/punto/27087895-48-001?wid=2048&hei=2867&fit=crop","https://media.mango.com/is/image/punto/27087895-48-003?wid=2048&hei=2867&fit=crop","https://media.mango.com/is/image/punto/27087895-48-004?wid=2048&hei=2867&fit=crop","Default","Size","XXL","LINEN-BLEND-T-SHIRT-191-XXL",100,TRUE,FALSE,3890
"linen-blend-t-shirt-192","Linen blend T-shirt","Premium quality T-shirt from Mango.","published","https://media.mango.com/is/image/punto/27087895-51-002?wid=2048&hei=2867&fit=crop","https://media.mango.com/is/image/punto/27087895-51-001?wid=2048&hei=2867&fit=crop","https://media.mango.com/is/image/punto/27087895-51-003?wid=2048&hei=2867&fit=crop","https://media.mango.com/is/image/punto/27087895-51-004?wid=2048&hei=2867&fit=crop","Default","Size","XS","LINEN-BLEND-T-SHIRT-192-XS",100,TRUE,FALSE,3890
"linen-blend-t-shirt-192","Linen blend T-shirt","Premium quality T-shirt from Mango.","published","https://media.mango.com/is/image/punto/27087895-51-002?wid=2048&hei=2867&fit=crop","https://media.mango.com/is/image/punto/27087895-51-001?wid=2048&hei=2867&fit=crop","https://media.mango.com/is/image/punto/27087895-51-003?wid=2048&hei=2867&fit=crop","https://media.mango.com/is/image/punto/27087895-51-004?wid=2048&hei=2867&fit=crop","Default","Size","S","LINEN-BLEND-T-SHIRT-192-S",100,TRUE,FALSE,3890
"linen-blend-t-shirt-192","Linen blend T-shirt","Premium quality T-shirt from Mango.","published","https://media.mango.com/is/image/punto/27087895-51-002?wid=2048&hei=2867&fit=crop","https://media.mango.com/is/image/punto/27087895-51-001?wid=2048&hei=2867&fit=crop","https://media.mango.com/is/image/punto/27087895-51-003?wid=2048&hei=2867&fit=crop","https://media.mango.com/is/image/punto/27087895-51-004?wid=2048&hei=2867&fit=crop","Default","Size","M","LINEN-BLEND-T-SHIRT-192-M",100,TRUE,FALSE,3890
"linen-blend-t-shirt-192","Linen blend T-shirt","Premium quality T-shirt from Mango.","published","https://media.mango.com/is/image/punto/27087895-51-002?wid=2048&hei=2867&fit=crop","https://media.mango.com/is/image/punto/27087895-51-001?wid=2048&hei=2867&fit=crop","https://media.mango.com/is/image/punto/27087895-51-003?wid=2048&hei=2867&fit=crop","https://media.mango.com/is/image/punto/27087895-51-004?wid=2048&hei=2867&fit=crop","Default","Size","L","LINEN-BLEND-T-SHIRT-192-L",100,TRUE,FALSE,3890
"linen-blend-t-shirt-192","Linen blend T-shirt","Premium quality T-shirt from Mango.","published","https://media.mango.com/is/image/punto/27087895-51-002?wid=2048&hei=2867&fit=crop","https://media.mango.com/is/image/punto/27087895-51-001?wid=2048&hei=2867&fit=crop","https://media.mango.com/is/image/punto/27087895-51-003?wid=2048&hei=2867&fit=crop","https://media.mango.com/is/image/punto/27087895-51-004?wid=2048&hei=2867&fit=crop","Default","Size","XL","LINEN-BLEND-T-SHIRT-192-XL",100,TRUE,FALSE,3890
"linen-blend-t-shirt-192","Linen blend T-shirt","Premium quality T-shirt from Mango.","published","https://media.mango.com/is/image/punto/27087895-51-002?wid=2048&hei=2867&fit=crop","https://media.mango.com/is/image/punto/27087895-51-001?wid=2048&hei=2867&fit=crop","https://media.mango.com/is/image/punto/27087895-51-003?wid=2048&hei=2867&fit=crop","https://media.mango.com/is/image/punto/27087895-51-004?wid=2048&hei=2867&fit=crop","Default","Size","XXL","LINEN-BLEND-T-SHIRT-192-XXL",100,TRUE,FALSE,3890
"100-cotton-printed-t-shirt-193","100% cotton printed t-shirt","Premium quality T-shirt from Mango.","published","https://media.mango.com/is/image/punto/27089212-56-002?wid=2048&hei=2867&fit=crop","https://media.mango.com/is/image/punto/27089212-56-001?wid=2048&hei=2867&fit=crop","https://media.mango.com/is/image/punto/27089212-56-003?wid=2048&hei=2867&fit=crop","https://media.mango.com/is/image/punto/27089212-56-004?wid=2048&hei=2867&fit=crop","Default","Size","XS","100-COTTON-PRINTED-T-SHIRT-193-XS",100,TRUE,FALSE,3290
"100-cotton-printed-t-shirt-193","100% cotton printed t-shirt","Premium quality T-shirt from Mango.","published","https://media.mango.com/is/image/punto/27089212-56-002?wid=2048&hei=2867&fit=crop","https://media.mango.com/is/image/punto/27089212-56-001?wid=2048&hei=2867&fit=crop","https://media.mango.com/is/image/punto/27089212-56-003?wid=2048&hei=2867&fit=crop","https://media.mango.com/is/image/punto/27089212-56-004?wid=2048&hei=2867&fit=crop","Default","Size","S","100-COTTON-PRINTED-T-SHIRT-193-S",100,TRUE,FALSE,3290
"100-cotton-printed-t-shirt-193","100% cotton printed t-shirt","Premium quality T-shirt from Mango.","published","https://media.mango.com/is/image/punto/27089212-56-002?wid=2048&hei=2867&fit=crop","https://media.mango.com/is/image/punto/27089212-56-001?wid=2048&hei=2867&fit=crop","https://media.mango.com/is/image/punto/27089212-56-003?wid=2048&hei=2867&fit=crop","https://media.mango.com/is/image/punto/27089212-56-004?wid=2048&hei=2867&fit=crop","Default","Size","M","100-COTTON-PRINTED-T-SHIRT-193-M",100,TRUE,FALSE,3290
"100-cotton-printed-t-shirt-193","100% cotton printed t-shirt","Premium quality T-shirt from Mango.","published","https://media.mango.com/is/image/punto/27089212-56-002?wid=2048&hei=2867&fit=crop","https://media.mango.com/is/image/punto/27089212-56-001?wid=2048&hei=2867&fit=crop","https://media.mango.com/is/image/punto/27089212-56-003?wid=2048&hei=2867&fit=crop","https://media.mango.com/is/image/punto/27089212-56-004?wid=2048&hei=2867&fit=crop","Default","Size","L","100-COTTON-PRINTED-T-SHIRT-193-L",100,TRUE,FALSE,3290
"100-cotton-printed-t-shirt-193","100% cotton printed t-shirt","Premium quality T-shirt from Mango.","published","https://media.mango.com/is/image/punto/27089212-56-002?wid=2048&hei=2867&fit=crop","https://media.mango.com/is/image/punto/27089212-56-001?wid=2048&hei=2867&fit=crop","https://media.mango.com/is/image/punto/27089212-56-003?wid=2048&hei=2867&fit=crop","https://media.mango.com/is/image/punto/27089212-56-004?wid=2048&hei=2867&fit=crop","Default","Size","XL","100-COTTON-PRINTED-T-SHIRT-193-XL",100,TRUE,FALSE,3290
"100-cotton-printed-t-shirt-193","100% cotton printed t-shirt","Premium quality T-shirt from Mango.","published","https://media.mango.com/is/image/punto/27089212-56-002?wid=2048&hei=2867&fit=crop","https://media.mango.com/is/image/punto/27089212-56-001?wid=2048&hei=2867&fit=crop","https://media.mango.com/is/image/punto/27089212-56-003?wid=2048&hei=2867&fit=crop","https://media.mango.com/is/image/punto/27089212-56-004?wid=2048&hei=2867&fit=crop","Default","Size","XXL","100-COTTON-PRINTED-T-SHIRT-193-XXL",100,TRUE,FALSE,3290
