"ProductMedia-module__xopx3q__mediaWrapper href","ProductMedia-module__xopx3q__mediaWrapper src","ProductMedia-module__xopx3q__mediaWrapper src 2","ProductMedia-module__xopx3q__mediaWrapper src 3","ProductMedia-module__xopx3q__mediaWrapper href 4","ProductMedia-module__xopx3q__mediaWrapper src 4","ProductMedia-module__xopx3q__mediaWrapper src 5","ProductMedia-module__xopx3q__mediaWrapper src 6","ProductMedia-module__xopx3q__mediaWrapper src 7","ProductMedia-module__xopx3q__mediaWrapper href 8","ProductMedia-module__xopx3q__mediaWrapper src 8","ProductMedia-module__xopx3q__mediaWrapper href 9","ProductMedia-module__xopx3q__mediaWrapper src 9","SizePicker-module__WzYwuW__sizePickerAddToBagButton","SizePicker-module__WzYwuW__sizePickerAddToBagButton 2","SizePicker-module__WzYwuW__sizePickerAddToBagButton 3","SizePicker-module__WzYwuW__sizePickerAddToBagButton 4","SizePicker-module__WzYwuW__sizePickerAddToBagButton 5","ProductTitle-module__7eNKla__productTitle","srOnly-module__3MmknW__className 2","SinglePrice-module__y_asRG__center","srOnly-module__3MmknW__className 3","ColorBullet-module__BR9stq__colorBullet src","ColorBullet-module__BR9stq__colorBullet src 2","SizePicker-module__WzYwuW__sizePickerAddToBagButton 6","ColorBullet-module__BR9stq__colorBullet src 3","ColorBullet-module__BR9stq__colorBullet src 4","ColorBullet-module__BR9stq__colorBullet src 5","ColorBullet-module__BR9stq__colorBullet src 6","ColorBullet-module__BR9stq__colorBullet src 7","ColorBullet-module__BR9stq__colorBullet src 8","textLabelS-module__V7E1wa__className","SinglePrice-module__y_asRG__crossed","srOnly-module__3MmknW__className 4"
"https://shop.mango.com/in/en/p/men/t-shirts/knitwear/ribbed-cotton-linen-blend-t-shirt/37051437/56/00","https://media.mango.com/is/image/punto/37051437-56-002?wid=2048&hei=2867&fit=crop","https://media.mango.com/is/image/punto/37051437-56-001?wid=2048&hei=2867&fit=crop","https://media.mango.com/is/image/punto/37051437-56-003?wid=2048&hei=2867&fit=crop","https://shop.mango.com/in/en/p/men/t-shirts/knitwear/ribbed-cotton-linen-blend-t-shirt/37051437/56/00","https://media.mango.com/is/image/punto/37051437-56-004?wid=2048&hei=2867&fit=crop","https://media.mango.com/is/image/punto/37051437-56-008?wid=2048&hei=2867&fit=crop","https://media.mango.com/is/image/punto/37051437-56-500?wid=2048&hei=2867&fit=crop","https://media.mango.com/is/image/punto/37051437-56-023?wid=2048&hei=2867&fit=crop","https://shop.mango.com/in/en/p/men/t-shirts/knitwear/ribbed-cotton-linen-blend-t-shirt/37051437/56/00","https://media.mango.com/is/image/punto/37051437-56-900?wid=2048&hei=2867&fit=crop","https://shop.mango.com/in/en/p/men/t-shirts/knitwear/ribbed-cotton-linen-blend-t-shirt/37051437/56/00","https://media.mango.com/is/image/punto/37051437-56-030?wid=2048&hei=2867&fit=crop","S","M","L","XL","XXL","Ribbed cotton-linen blend T-shirt","Current price [Rs. 3,899.00 ]","Rs. 3,899.00","Colours","https://media.mango.com/is/image/punto/37051437-56-020?wid=40","https://media.mango.com/is/image/punto/37051437-07-020?wid=40","","","","","","","","","",""
"https://shop.mango.com/in/en/p/men/t-shirts/basics/slim-fit-t-shirt-180gsm/37011432/96/00","https://media.mango.com/is/image/punto/37011432-96-002?wid=2048&hei=2867&fit=crop","https://media.mango.com/is/image/punto/37011432-96-001?wid=2048&hei=2867&fit=crop","https://media.mango.com/is/image/punto/37011432-96-003?wid=2048&hei=2867&fit=crop","https://shop.mango.com/in/en/p/men/t-shirts/basics/slim-fit-t-shirt-180gsm/37011432/96/00","https://media.mango.com/is/image/punto/37011432-96-004?wid=2048&hei=2867&fit=crop","https://media.mango.com/is/image/punto/37011432-96-008?wid=2048&hei=2867&fit=crop","https://media.mango.com/is/image/punto/37011432-96-011?wid=2048&hei=2867&fit=crop","https://media.mango.com/is/image/punto/37011432-96-023?wid=2048&hei=2867&fit=crop","https://shop.mango.com/in/en/p/men/t-shirts/basics/slim-fit-t-shirt-180gsm/37011432/96/00","https://media.mango.com/is/image/punto/37011432-96-900?wid=2048&hei=2867&fit=crop","https://shop.mango.com/in/en/p/men/t-shirts/basics/slim-fit-t-shirt-180gsm/37011432/96/00","https://media.mango.com/is/image/punto/37011432-96-030?wid=2048&hei=2867&fit=crop","XS","S","M","L","XL","Slim fit T-shirt 180gsm","Current price [Rs. 1,290.00 ]","Rs. 1,290.00","Colours","https://media.mango.com/is/image/punto/37011432-96-020?wid=40","https://media.mango.com/is/image/punto/37011432-99-020?wid=40","XXL","https://media.mango.com/is/image/punto/37011432-01-020?wid=40","https://media.mango.com/is/image/punto/37011432-45-020?wid=40","https://media.mango.com/is/image/punto/37011432-56-020?wid=40","https://media.mango.com/is/image/punto/37011432-37-020?wid=40","https://media.mango.com/is/image/punto/37011432-39-020?wid=40","https://media.mango.com/is/image/punto/37011432-07-020?wid=40","","",""
"https://shop.mango.com/in/en/p/men/t-shirts/basics/slim-fit-t-shirt-180gsm/37011432/07/00","https://media.mango.com/is/image/punto/37011432-07-002?wid=2048&hei=2867&fit=crop","https://media.mango.com/is/image/punto/37011432-07-001?wid=2048&hei=2867&fit=crop","https://media.mango.com/is/image/punto/37011432-07-003?wid=2048&hei=2867&fit=crop","https://shop.mango.com/in/en/p/men/t-shirts/basics/slim-fit-t-shirt-180gsm/37011432/07/00","https://media.mango.com/is/image/punto/37011432-07-004?wid=2048&hei=2867&fit=crop","https://media.mango.com/is/image/punto/37011432-07-008?wid=2048&hei=2867&fit=crop","https://media.mango.com/is/image/punto/37011432-07-011?wid=2048&hei=2867&fit=crop","https://media.mango.com/is/image/punto/37011432-07-023?wid=2048&hei=2867&fit=crop","https://shop.mango.com/in/en/p/men/t-shirts/basics/slim-fit-t-shirt-180gsm/37011432/07/00","https://media.mango.com/is/image/punto/37011432-07-900?wid=2048&hei=2867&fit=crop","https://shop.mango.com/in/en/p/men/t-shirts/basics/slim-fit-t-shirt-180gsm/37011432/07/00","https://media.mango.com/is/image/punto/37011432-07-030?wid=2048&hei=2867&fit=crop","XS","S","M","L","XL","Slim fit T-shirt 180gsm","Current price [Rs. 1,290.00 ]","Rs. 1,290.00","Colours","https://media.mango.com/is/image/punto/37011432-07-020?wid=40","https://media.mango.com/is/image/punto/37011432-99-020?wid=40","XXL","https://media.mango.com/is/image/punto/37011432-01-020?wid=40","https://media.mango.com/is/image/punto/37011432-45-020?wid=40","https://media.mango.com/is/image/punto/37011432-56-020?wid=40","https://media.mango.com/is/image/punto/37011432-37-020?wid=40","https://media.mango.com/is/image/punto/37011432-39-020?wid=40","https://media.mango.com/is/image/punto/37011432-96-020?wid=40","","",""
"https://shop.mango.com/in/en/p/men/t-shirts/basics/fine-knit-cotton-blend-t-shirt/37061436/56/00","https://media.mango.com/is/image/punto/37061436-56-002?wid=2048&hei=2867&fit=crop","https://media.mango.com/is/image/punto/37061436-56-001?wid=2048&hei=2867&fit=crop","https://media.mango.com/is/image/punto/37061436-56-003?wid=2048&hei=2867&fit=crop","https://shop.mango.com/in/en/p/men/t-shirts/basics/fine-knit-cotton-blend-t-shirt/37061436/56/00","https://media.mango.com/is/image/punto/37061436-56-004?wid=2048&hei=2867&fit=crop","https://media.mango.com/is/image/punto/37061436-56-008?wid=2048&hei=2867&fit=crop","https://media.mango.com/is/image/punto/37061436-56-023?wid=2048&hei=2867&fit=crop","https://media.mango.com/is/image/punto/37061436-56-900?wid=2048&hei=2867&fit=crop","https://shop.mango.com/in/en/p/men/t-shirts/basics/fine-knit-cotton-blend-t-shirt/37061436/56/00","https://media.mango.com/is/image/punto/37061436-56-030?wid=2048&hei=2867&fit=crop","","","S","M","L","XL","XXL","Fine knit cotton blend T-shirt","Current price [Rs. 2,890.00 ]","Rs. 2,890.00","Colours","https://media.mango.com/is/image/punto/37061436-56-020?wid=40","https://media.mango.com/is/image/punto/37061436-04-020?wid=40","","https://media.mango.com/is/image/punto/37061436-48-020?wid=40","https://media.mango.com/is/image/punto/37061436-08-020?wid=40","https://media.mango.com/is/image/punto/37061436-30-020?wid=40","","","","","",""
"https://shop.mango.com/in/en/p/men/t-shirts/printed/100-cotton-printed-t-shirt/37034471/01/00","https://media.mango.com/is/image/punto/37034471-01-900?wid=2048&hei=2867&fit=crop","https://media.mango.com/is/image/punto/37034471-01-023?wid=2048&hei=2867&fit=crop","https://media.mango.com/is/image/punto/37034471-01-030?wid=2048&hei=2867&fit=crop","","","","","","","","","","S","M","L","XL","XXL","100% cotton printed t-shirt","Current price [Rs. 3,899.00 ]","Rs. 3,899.00","","","","","","","","","","","New Now","",""
"https://shop.mango.com/in/en/p/men/t-shirts/knitwear/cotton-blend-striped-knit-polo/37044425/08/00","https://media.mango.com/is/image/punto/37044425-08-002?wid=2048&hei=2867&fit=crop","https://media.mango.com/is/image/punto/37044425-08-001?wid=2048&hei=2867&fit=crop","https://media.mango.com/is/image/punto/37044425-08-003?wid=2048&hei=2867&fit=crop","https://shop.mango.com/in/en/p/men/t-shirts/knitwear/cotton-blend-striped-knit-polo/37044425/08/00","https://media.mango.com/is/image/punto/37044425-08-004?wid=2048&hei=2867&fit=crop","https://media.mango.com/is/image/punto/37044425-08-008?wid=2048&hei=2867&fit=crop","https://media.mango.com/is/image/punto/37044425-08-023?wid=2048&hei=2867&fit=crop","https://media.mango.com/is/image/punto/37044425-08-900?wid=2048&hei=2867&fit=crop","https://shop.mango.com/in/en/p/men/t-shirts/knitwear/cotton-blend-striped-knit-polo/37044425/08/00","https://media.mango.com/is/image/punto/37044425-08-030?wid=2048&hei=2867&fit=crop","","","S","M","L","XL","XXL","Cotton blend striped knit polo","Current price [Rs. 4,299.00 ]","Rs. 4,299.00","","","","","","","","","","","New Now","",""
"https://shop.mango.com/in/en/p/men/t-shirts/printed/100-cotton-printed-t-shirt/37054468/01/00","https://media.mango.com/is/image/punto/37054468-01-002?wid=2048&hei=2867&fit=crop","https://media.mango.com/is/image/punto/37054468-01-001?wid=2048&hei=2867&fit=crop","https://media.mango.com/is/image/punto/37054468-01-003?wid=2048&hei=2867&fit=crop","https://shop.mango.com/in/en/p/men/t-shirts/printed/100-cotton-printed-t-shirt/37054468/01/00","https://media.mango.com/is/image/punto/37054468-01-004?wid=2048&hei=2867&fit=crop","https://media.mango.com/is/image/punto/37054468-01-008?wid=2048&hei=2867&fit=crop","https://media.mango.com/is/image/punto/37054468-01-023?wid=2048&hei=2867&fit=crop","https://media.mango.com/is/image/punto/37054468-01-900?wid=2048&hei=2867&fit=crop","https://shop.mango.com/in/en/p/men/t-shirts/printed/100-cotton-printed-t-shirt/37054468/01/00","https://media.mango.com/is/image/punto/37054468-01-030?wid=2048&hei=2867&fit=crop","","","S","M","L","XL","XXL","100% cotton printed t-shirt","Current price [Rs. 3,299.00 ]","Rs. 3,299.00","","","","","","","","","","","New Now","",""
"https://shop.mango.com/in/en/p/men/t-shirts/knitwear/striped-cotton-blend-jersey-t-shirt/37044423/03/00","https://media.mango.com/is/image/punto/37044423-03-002?wid=2048&hei=2867&fit=crop","https://media.mango.com/is/image/punto/37044423-03-001?wid=2048&hei=2867&fit=crop","https://media.mango.com/is/image/punto/37044423-03-003?wid=2048&hei=2867&fit=crop","https://shop.mango.com/in/en/p/men/t-shirts/knitwear/striped-cotton-blend-jersey-t-shirt/37044423/03/00","https://media.mango.com/is/image/punto/37044423-03-004?wid=2048&hei=2867&fit=crop","https://media.mango.com/is/image/punto/37044423-03-008?wid=2048&hei=2867&fit=crop","https://media.mango.com/is/image/punto/37044423-03-023?wid=2048&hei=2867&fit=crop","https://media.mango.com/is/image/punto/37044423-03-900?wid=2048&hei=2867&fit=crop","https://shop.mango.com/in/en/p/men/t-shirts/knitwear/striped-cotton-blend-jersey-t-shirt/37044423/03/00","https://media.mango.com/is/image/punto/37044423-03-030?wid=2048&hei=2867&fit=crop","","","S","M","L","XL","XXL","Striped cotton blend jersey T-shirt","Current price [Rs. 3,699.00 ]","Rs. 3,699.00","","","","","","","","","","","New Now","",""
"https://shop.mango.com/in/en/p/men/t-shirts/knitwear/ribbed-cotton-linen-blend-t-shirt/37051437/56/00","https://media.mango.com/is/image/punto/37051437-56-002?wid=2048&hei=2867&fit=crop","https://media.mango.com/is/image/punto/37051437-56-001?wid=2048&hei=2867&fit=crop","https://media.mango.com/is/image/punto/37051437-56-003?wid=2048&hei=2867&fit=crop","https://shop.mango.com/in/en/p/men/t-shirts/knitwear/ribbed-cotton-linen-blend-t-shirt/37051437/56/00","https://media.mango.com/is/image/punto/37051437-56-004?wid=2048&hei=2867&fit=crop","https://media.mango.com/is/image/punto/37051437-56-008?wid=2048&hei=2867&fit=crop","https://media.mango.com/is/image/punto/37051437-56-500?wid=2048&hei=2867&fit=crop","https://media.mango.com/is/image/punto/37051437-56-023?wid=2048&hei=2867&fit=crop","https://shop.mango.com/in/en/p/men/t-shirts/knitwear/ribbed-cotton-linen-blend-t-shirt/37051437/56/00","https://media.mango.com/is/image/punto/37051437-56-900?wid=2048&hei=2867&fit=crop","https://shop.mango.com/in/en/p/men/t-shirts/knitwear/ribbed-cotton-linen-blend-t-shirt/37051437/56/00","https://media.mango.com/is/image/punto/37051437-56-030?wid=2048&hei=2867&fit=crop","S","M","L","XL","XXL","Ribbed cotton-linen blend T-shirt","Current price [Rs. 3,899.00 ]","Rs. 3,899.00","Colours","https://media.mango.com/is/image/punto/37051437-56-020?wid=40","https://media.mango.com/is/image/punto/37051437-07-020?wid=40","","","","","","","","","",""
"https://shop.mango.com/in/en/p/men/t-shirts/basics/slim-fit-t-shirt-180gsm/37011432/96/00","https://media.mango.com/is/image/punto/37011432-96-002?wid=2048&hei=2867&fit=crop","https://media.mango.com/is/image/punto/37011432-96-001?wid=2048&hei=2867&fit=crop","https://media.mango.com/is/image/punto/37011432-96-003?wid=2048&hei=2867&fit=crop","https://shop.mango.com/in/en/p/men/t-shirts/basics/slim-fit-t-shirt-180gsm/37011432/96/00","https://media.mango.com/is/image/punto/37011432-96-004?wid=2048&hei=2867&fit=crop","https://media.mango.com/is/image/punto/37011432-96-008?wid=2048&hei=2867&fit=crop","https://media.mango.com/is/image/punto/37011432-96-011?wid=2048&hei=2867&fit=crop","https://media.mango.com/is/image/punto/37011432-96-023?wid=2048&hei=2867&fit=crop","https://shop.mango.com/in/en/p/men/t-shirts/basics/slim-fit-t-shirt-180gsm/37011432/96/00","https://media.mango.com/is/image/punto/37011432-96-900?wid=2048&hei=2867&fit=crop","https://shop.mango.com/in/en/p/men/t-shirts/basics/slim-fit-t-shirt-180gsm/37011432/96/00","https://media.mango.com/is/image/punto/37011432-96-030?wid=2048&hei=2867&fit=crop","XS","S","M","L","XL","Slim fit T-shirt 180gsm","Current price [Rs. 1,290.00 ]","Rs. 1,290.00","Colours","https://media.mango.com/is/image/punto/37011432-96-020?wid=40","https://media.mango.com/is/image/punto/37011432-99-020?wid=40","XXL","https://media.mango.com/is/image/punto/37011432-01-020?wid=40","https://media.mango.com/is/image/punto/37011432-45-020?wid=40","https://media.mango.com/is/image/punto/37011432-56-020?wid=40","https://media.mango.com/is/image/punto/37011432-37-020?wid=40","https://media.mango.com/is/image/punto/37011432-39-020?wid=40","https://media.mango.com/is/image/punto/37011432-07-020?wid=40","","",""
"https://shop.mango.com/in/en/p/men/t-shirts/basics/slim-fit-t-shirt-180gsm/37011432/07/00","https://media.mango.com/is/image/punto/37011432-07-002?wid=2048&hei=2867&fit=crop","https://media.mango.com/is/image/punto/37011432-07-001?wid=2048&hei=2867&fit=crop","https://media.mango.com/is/image/punto/37011432-07-003?wid=2048&hei=2867&fit=crop","https://shop.mango.com/in/en/p/men/t-shirts/basics/slim-fit-t-shirt-180gsm/37011432/07/00","https://media.mango.com/is/image/punto/37011432-07-004?wid=2048&hei=2867&fit=crop","https://media.mango.com/is/image/punto/37011432-07-008?wid=2048&hei=2867&fit=crop","https://media.mango.com/is/image/punto/37011432-07-011?wid=2048&hei=2867&fit=crop","https://media.mango.com/is/image/punto/37011432-07-023?wid=2048&hei=2867&fit=crop","https://shop.mango.com/in/en/p/men/t-shirts/basics/slim-fit-t-shirt-180gsm/37011432/07/00","https://media.mango.com/is/image/punto/37011432-07-900?wid=2048&hei=2867&fit=crop","https://shop.mango.com/in/en/p/men/t-shirts/basics/slim-fit-t-shirt-180gsm/37011432/07/00","https://media.mango.com/is/image/punto/37011432-07-030?wid=2048&hei=2867&fit=crop","XS","S","M","L","XL","Slim fit T-shirt 180gsm","Current price [Rs. 1,290.00 ]","Rs. 1,290.00","Colours","https://media.mango.com/is/image/punto/37011432-07-020?wid=40","https://media.mango.com/is/image/punto/37011432-99-020?wid=40","XXL","https://media.mango.com/is/image/punto/37011432-01-020?wid=40","https://media.mango.com/is/image/punto/37011432-45-020?wid=40","https://media.mango.com/is/image/punto/37011432-56-020?wid=40","https://media.mango.com/is/image/punto/37011432-37-020?wid=40","https://media.mango.com/is/image/punto/37011432-39-020?wid=40","https://media.mango.com/is/image/punto/37011432-96-020?wid=40","","",""
"https://shop.mango.com/in/en/p/men/t-shirts/basics/fine-knit-cotton-blend-t-shirt/37061436/56/00","https://media.mango.com/is/image/punto/37061436-56-002?wid=2048&hei=2867&fit=crop","https://media.mango.com/is/image/punto/37061436-56-001?wid=2048&hei=2867&fit=crop","https://media.mango.com/is/image/punto/37061436-56-003?wid=2048&hei=2867&fit=crop","https://shop.mango.com/in/en/p/men/t-shirts/basics/fine-knit-cotton-blend-t-shirt/37061436/56/00","https://media.mango.com/is/image/punto/37061436-56-004?wid=2048&hei=2867&fit=crop","https://media.mango.com/is/image/punto/37061436-56-008?wid=2048&hei=2867&fit=crop","https://media.mango.com/is/image/punto/37061436-56-023?wid=2048&hei=2867&fit=crop","https://media.mango.com/is/image/punto/37061436-56-900?wid=2048&hei=2867&fit=crop","https://shop.mango.com/in/en/p/men/t-shirts/basics/fine-knit-cotton-blend-t-shirt/37061436/56/00","https://media.mango.com/is/image/punto/37061436-56-030?wid=2048&hei=2867&fit=crop","","","S","M","L","XL","XXL","Fine knit cotton blend T-shirt","Current price [Rs. 2,890.00 ]","Rs. 2,890.00","Colours","https://media.mango.com/is/image/punto/37061436-56-020?wid=40","https://media.mango.com/is/image/punto/37061436-04-020?wid=40","","https://media.mango.com/is/image/punto/37061436-48-020?wid=40","https://media.mango.com/is/image/punto/37061436-08-020?wid=40","https://media.mango.com/is/image/punto/37061436-30-020?wid=40","","","","","",""
"https://shop.mango.com/in/en/p/men/t-shirts/printed/100-cotton-printed-t-shirt/37034471/01/00","https://media.mango.com/is/image/punto/37034471-01-900?wid=2048&hei=2867&fit=crop","https://media.mango.com/is/image/punto/37034471-01-023?wid=2048&hei=2867&fit=crop","https://media.mango.com/is/image/punto/37034471-01-030?wid=2048&hei=2867&fit=crop","","","","","","","","","","S","M","L","XL","XXL","100% cotton printed t-shirt","Current price [Rs. 3,899.00 ]","Rs. 3,899.00","","","","","","","","","","","New Now","",""
"https://shop.mango.com/in/en/p/men/t-shirts/knitwear/cotton-blend-striped-knit-polo/37044425/08/00","https://media.mango.com/is/image/punto/37044425-08-002?wid=2048&hei=2867&fit=crop","https://media.mango.com/is/image/punto/37044425-08-001?wid=2048&hei=2867&fit=crop","https://media.mango.com/is/image/punto/37044425-08-003?wid=2048&hei=2867&fit=crop","https://shop.mango.com/in/en/p/men/t-shirts/knitwear/cotton-blend-striped-knit-polo/37044425/08/00","https://media.mango.com/is/image/punto/37044425-08-004?wid=2048&hei=2867&fit=crop","https://media.mango.com/is/image/punto/37044425-08-008?wid=2048&hei=2867&fit=crop","https://media.mango.com/is/image/punto/37044425-08-023?wid=2048&hei=2867&fit=crop","https://media.mango.com/is/image/punto/37044425-08-900?wid=2048&hei=2867&fit=crop","https://shop.mango.com/in/en/p/men/t-shirts/knitwear/cotton-blend-striped-knit-polo/37044425/08/00","https://media.mango.com/is/image/punto/37044425-08-030?wid=2048&hei=2867&fit=crop","","","S","M","L","XL","XXL","Cotton blend striped knit polo","Current price [Rs. 4,299.00 ]","Rs. 4,299.00","","","","","","","","","","","New Now","",""
"https://shop.mango.com/in/en/p/men/t-shirts/printed/100-cotton-printed-t-shirt/37054468/01/00","https://media.mango.com/is/image/punto/37054468-01-002?wid=2048&hei=2867&fit=crop","https://media.mango.com/is/image/punto/37054468-01-001?wid=2048&hei=2867&fit=crop","https://media.mango.com/is/image/punto/37054468-01-003?wid=2048&hei=2867&fit=crop","https://shop.mango.com/in/en/p/men/t-shirts/printed/100-cotton-printed-t-shirt/37054468/01/00","https://media.mango.com/is/image/punto/37054468-01-004?wid=2048&hei=2867&fit=crop","https://media.mango.com/is/image/punto/37054468-01-008?wid=2048&hei=2867&fit=crop","https://media.mango.com/is/image/punto/37054468-01-023?wid=2048&hei=2867&fit=crop","https://media.mango.com/is/image/punto/37054468-01-900?wid=2048&hei=2867&fit=crop","https://shop.mango.com/in/en/p/men/t-shirts/printed/100-cotton-printed-t-shirt/37054468/01/00","https://media.mango.com/is/image/punto/37054468-01-030?wid=2048&hei=2867&fit=crop","","","S","M","L","XL","XXL","100% cotton printed t-shirt","Current price [Rs. 3,299.00 ]","Rs. 3,299.00","","","","","","","","","","","New Now","",""
"https://shop.mango.com/in/en/p/men/t-shirts/knitwear/striped-cotton-blend-jersey-t-shirt/37044423/03/00","https://media.mango.com/is/image/punto/37044423-03-002?wid=2048&hei=2867&fit=crop","https://media.mango.com/is/image/punto/37044423-03-001?wid=2048&hei=2867&fit=crop","https://media.mango.com/is/image/punto/37044423-03-003?wid=2048&hei=2867&fit=crop","https://shop.mango.com/in/en/p/men/t-shirts/knitwear/striped-cotton-blend-jersey-t-shirt/37044423/03/00","https://media.mango.com/is/image/punto/37044423-03-004?wid=2048&hei=2867&fit=crop","https://media.mango.com/is/image/punto/37044423-03-008?wid=2048&hei=2867&fit=crop","https://media.mango.com/is/image/punto/37044423-03-023?wid=2048&hei=2867&fit=crop","https://media.mango.com/is/image/punto/37044423-03-900?wid=2048&hei=2867&fit=crop","https://shop.mango.com/in/en/p/men/t-shirts/knitwear/striped-cotton-blend-jersey-t-shirt/37044423/03/00","https://media.mango.com/is/image/punto/37044423-03-030?wid=2048&hei=2867&fit=crop","","","S","M","L","XL","XXL","Striped cotton blend jersey T-shirt","Current price [Rs. 3,699.00 ]","Rs. 3,699.00","","","","","","","","","","","New Now","",""
"https://shop.mango.com/in/en/p/men/t-shirts/long-sleeve/100-cotton-striped-t-shirt/37094461/01/00","https://media.mango.com/is/image/punto/37094461-01-002?wid=2048&hei=2867&fit=crop","https://media.mango.com/is/image/punto/37094461-01-001?wid=2048&hei=2867&fit=crop","https://media.mango.com/is/image/punto/37094461-01-003?wid=2048&hei=2867&fit=crop","https://shop.mango.com/in/en/p/men/t-shirts/long-sleeve/100-cotton-striped-t-shirt/37094461/01/00","https://media.mango.com/is/image/punto/37094461-01-004?wid=2048&hei=2867&fit=crop","https://media.mango.com/is/image/punto/37094461-01-008?wid=2048&hei=2867&fit=crop","https://media.mango.com/is/image/punto/37094461-01-023?wid=2048&hei=2867&fit=crop","https://media.mango.com/is/image/punto/37094461-01-900?wid=2048&hei=2867&fit=crop","https://shop.mango.com/in/en/p/men/t-shirts/long-sleeve/100-cotton-striped-t-shirt/37094461/01/00","https://media.mango.com/is/image/punto/37094461-01-030?wid=2048&hei=2867&fit=crop","","","S","M","L","XL","XXL","100% cotton striped t-shirt","Current price [Rs. 3,899.00 ]","Rs. 3,899.00","","","","","","","","","","","New Now","",""
"https://shop.mango.com/in/en/p/men/t-shirts/printed/100-cotton-printed-t-shirt/37014473/01/00","https://media.mango.com/is/image/punto/37014473-01-900?wid=2048&hei=2867&fit=crop","https://media.mango.com/is/image/punto/37014473-01-023?wid=2048&hei=2867&fit=crop","https://media.mango.com/is/image/punto/37014473-01-030?wid=2048&hei=2867&fit=crop","","","","","","","","","","S","M","L","XL","XXL","100% cotton printed t-shirt","Current price [Rs. 3,299.00 ]","Rs. 3,299.00","","","","","","","","","","","New Now","",""
"https://shop.mango.com/in/en/p/men/t-shirts/knitwear/100-cotton-fine-jersey-t-shirt/37081435/07/00","https://media.mango.com/is/image/punto/37081435-07-002?wid=2048&hei=2867&fit=crop","https://media.mango.com/is/image/punto/37081435-07-001?wid=2048&hei=2867&fit=crop","https://media.mango.com/is/image/punto/37081435-07-003?wid=2048&hei=2867&fit=crop","https://shop.mango.com/in/en/p/men/t-shirts/knitwear/100-cotton-fine-jersey-t-shirt/37081435/07/00","https://media.mango.com/is/image/punto/37081435-07-004?wid=2048&hei=2867&fit=crop","https://media.mango.com/is/image/punto/37081435-07-008?wid=2048&hei=2867&fit=crop","https://media.mango.com/is/image/punto/37081435-07-500?wid=2048&hei=2867&fit=crop","https://media.mango.com/is/image/punto/37081435-07-011?wid=2048&hei=2867&fit=crop","https://shop.mango.com/in/en/p/men/t-shirts/knitwear/100-cotton-fine-jersey-t-shirt/37081435/07/00","https://media.mango.com/is/image/punto/37081435-07-023?wid=2048&hei=2867&fit=crop","https://shop.mango.com/in/en/p/men/t-shirts/knitwear/100-cotton-fine-jersey-t-shirt/37081435/07/00","https://media.mango.com/is/image/punto/37081435-07-900?wid=2048&hei=2867&fit=crop","S","M","L","XL","XXL","100% cotton fine jersey T-shirt","Current price [Rs. 3,299.00 ]","Rs. 3,299.00","Colours","https://media.mango.com/is/image/punto/37081435-07-020?wid=40","https://media.mango.com/is/image/punto/37031439-99-020?wid=40","","https://media.mango.com/is/image/punto/37081435-02-020?wid=40","https://media.mango.com/is/image/punto/37081435-57-020?wid=40","https://media.mango.com/is/image/punto/37081435-40-020?wid=40","","","","","",""
"https://shop.mango.com/in/en/p/men/t-shirts/knitwear/100-cotton-textured-knit-t-shirt/37062899/30/00","https://media.mango.com/is/image/punto/37062899-30-002?wid=2048&hei=2867&fit=crop","https://media.mango.com/is/image/punto/37062899-30-001?wid=2048&hei=2867&fit=crop","https://media.mango.com/is/image/punto/37062899-30-003?wid=2048&hei=2867&fit=crop","https://shop.mango.com/in/en/p/men/t-shirts/knitwear/100-cotton-textured-knit-t-shirt/37062899/30/00","https://media.mango.com/is/image/punto/37062899-30-004?wid=2048&hei=2867&fit=crop","https://media.mango.com/is/image/punto/37062899-30-008?wid=2048&hei=2867&fit=crop","https://media.mango.com/is/image/punto/37062899-30-006?wid=2048&hei=2867&fit=crop","https://media.mango.com/is/image/punto/37062899-30-023?wid=2048&hei=2867&fit=crop","https://shop.mango.com/in/en/p/men/t-shirts/knitwear/100-cotton-textured-knit-t-shirt/37062899/30/00","https://media.mango.com/is/image/punto/37062899-30-900?wid=2048&hei=2867&fit=crop","https://shop.mango.com/in/en/p/men/t-shirts/knitwear/100-cotton-textured-knit-t-shirt/37062899/30/00","https://media.mango.com/is/image/punto/37062899-30-030?wid=2048&hei=2867&fit=crop","S","M","L","XL","XXL","100% cotton textured knit T-shirt","Current price [Rs. 3,899.00 ]","Rs. 3,899.00","Colours","https://media.mango.com/is/image/punto/37062899-30-020?wid=40","https://media.mango.com/is/image/punto/37062899-89-020?wid=40","","https://media.mango.com/is/image/punto/37062899-02-020?wid=40","","","","","","","",""
"https://shop.mango.com/in/en/p/men/t-shirts/basics/slim-fit-t-shirt-180gsm/37011432/99/00","https://media.mango.com/is/image/punto/37011432-99-002?wid=2048&hei=2867&fit=crop","https://media.mango.com/is/image/punto/37011432-99-001?wid=2048&hei=2867&fit=crop","https://media.mango.com/is/image/punto/37011432-99-003?wid=2048&hei=2867&fit=crop","https://shop.mango.com/in/en/p/men/t-shirts/basics/slim-fit-t-shirt-180gsm/37011432/99/00","https://media.mango.com/is/image/punto/37011432-99-004?wid=2048&hei=2867&fit=crop","https://media.mango.com/is/image/punto/37011432-99-008?wid=2048&hei=2867&fit=crop","https://media.mango.com/is/image/punto/37011432-99-011?wid=2048&hei=2867&fit=crop","https://media.mango.com/is/image/punto/37011432-99-023?wid=2048&hei=2867&fit=crop","https://shop.mango.com/in/en/p/men/t-shirts/basics/slim-fit-t-shirt-180gsm/37011432/99/00","https://media.mango.com/is/image/punto/37011432-99-900?wid=2048&hei=2867&fit=crop","https://shop.mango.com/in/en/p/men/t-shirts/basics/slim-fit-t-shirt-180gsm/37011432/99/00","https://media.mango.com/is/image/punto/37011432-99-030?wid=2048&hei=2867&fit=crop","XS","S","M","L","XL","Slim fit T-shirt 180gsm","Current price [Rs. 1,290.00 ]","Rs. 1,290.00","Colours","https://media.mango.com/is/image/punto/37011432-99-020?wid=40","https://media.mango.com/is/image/punto/37011432-01-020?wid=40","XXL","https://media.mango.com/is/image/punto/37011432-45-020?wid=40","https://media.mango.com/is/image/punto/37011432-56-020?wid=40","https://media.mango.com/is/image/punto/37011432-37-020?wid=40","https://media.mango.com/is/image/punto/37011432-39-020?wid=40","https://media.mango.com/is/image/punto/37011432-07-020?wid=40","https://media.mango.com/is/image/punto/37011432-96-020?wid=40","","",""
"https://shop.mango.com/in/en/p/men/t-shirts/basics/linen-blend-slim-fit-t-shirt/37011435/50/00","https://media.mango.com/is/image/punto/37011435-50-002?wid=2048&hei=2867&fit=crop","https://media.mango.com/is/image/punto/37011435-50-001?wid=2048&hei=2867&fit=crop","https://media.mango.com/is/image/punto/37011435-50-003?wid=2048&hei=2867&fit=crop","https://shop.mango.com/in/en/p/men/t-shirts/basics/linen-blend-slim-fit-t-shirt/37011435/50/00","https://media.mango.com/is/image/punto/37011435-50-004?wid=2048&hei=2867&fit=crop","https://media.mango.com/is/image/punto/37011435-50-008?wid=2048&hei=2867&fit=crop","https://media.mango.com/is/image/punto/37011435-50-007?wid=2048&hei=2867&fit=crop","https://media.mango.com/is/image/punto/37011435-50-010?wid=2048&hei=2867&fit=crop","https://shop.mango.com/in/en/p/men/t-shirts/basics/linen-blend-slim-fit-t-shirt/37011435/50/00","https://media.mango.com/is/image/punto/37011435-50-023?wid=2048&hei=2867&fit=crop","https://shop.mango.com/in/en/p/men/t-shirts/basics/linen-blend-slim-fit-t-shirt/37011435/50/00","https://media.mango.com/is/image/punto/37011435-50-900?wid=2048&hei=2867&fit=crop","XS","S","M","L","XL","Linen blend slim fit T-shirt","Current price [Rs. 3,899.00 ]","Rs. 3,899.00","Colours","https://media.mango.com/is/image/punto/37011435-50-020?wid=40","https://media.mango.com/is/image/punto/37011435-44-020?wid=40","XXL","https://media.mango.com/is/image/punto/37011435-01-020?wid=40","https://media.mango.com/is/image/punto/37011435-56-020?wid=40","https://media.mango.com/is/image/punto/37011435-04-020?wid=40","","","","","",""
"https://shop.mango.com/in/en/p/men/t-shirts/basics/fine-knit-cotton-blend-t-shirt/37061436/04/00","https://media.mango.com/is/image/punto/37061436-04-002?wid=2048&hei=2867&fit=crop","https://media.mango.com/is/image/punto/37061436-04-001?wid=2048&hei=2867&fit=crop","https://media.mango.com/is/image/punto/37061436-04-003?wid=2048&hei=2867&fit=crop","https://shop.mango.com/in/en/p/men/t-shirts/basics/fine-knit-cotton-blend-t-shirt/37061436/04/00","https://media.mango.com/is/image/punto/37061436-04-004?wid=2048&hei=2867&fit=crop","https://media.mango.com/is/image/punto/37061436-04-008?wid=2048&hei=2867&fit=crop","https://media.mango.com/is/image/punto/37061436-04-500?wid=2048&hei=2867&fit=crop","https://media.mango.com/is/image/punto/37061436-04-023?wid=2048&hei=2867&fit=crop","https://shop.mango.com/in/en/p/men/t-shirts/basics/fine-knit-cotton-blend-t-shirt/37061436/04/00","https://media.mango.com/is/image/punto/37061436-04-900?wid=2048&hei=2867&fit=crop","https://shop.mango.com/in/en/p/men/t-shirts/basics/fine-knit-cotton-blend-t-shirt/37061436/04/00","https://media.mango.com/is/image/punto/37061436-04-030?wid=2048&hei=2867&fit=crop","S","M","L","XL","XXL","Fine knit cotton blend T-shirt","Current price [Rs. 2,890.00 ]","Rs. 2,890.00","Colours","https://media.mango.com/is/image/punto/37061436-04-020?wid=40","https://media.mango.com/is/image/punto/37061436-56-020?wid=40","","https://media.mango.com/is/image/punto/37061436-48-020?wid=40","https://media.mango.com/is/image/punto/37061436-08-020?wid=40","https://media.mango.com/is/image/punto/37061436-30-020?wid=40","","","","","",""
"https://shop.mango.com/in/en/p/men/t-shirts/basics/relaxed-fit-t-shirt-260gsm/37011431/99/00","https://media.mango.com/is/image/punto/37011431-99-002?wid=2048&hei=2867&fit=crop","https://media.mango.com/is/image/punto/37011431-99-001?wid=2048&hei=2867&fit=crop","https://media.mango.com/is/image/punto/37011431-99-003?wid=2048&hei=2867&fit=crop","https://shop.mango.com/in/en/p/men/t-shirts/basics/relaxed-fit-t-shirt-260gsm/37011431/99/00","https://media.mango.com/is/image/punto/37011431-99-004?wid=2048&hei=2867&fit=crop","https://media.mango.com/is/image/punto/37011431-99-008?wid=2048&hei=2867&fit=crop","https://media.mango.com/is/image/punto/37011431-99-023?wid=2048&hei=2867&fit=crop","https://media.mango.com/is/image/punto/37011431-99-900?wid=2048&hei=2867&fit=crop","https://shop.mango.com/in/en/p/men/t-shirts/basics/relaxed-fit-t-shirt-260gsm/37011431/99/00","https://media.mango.com/is/image/punto/37011431-99-030?wid=2048&hei=2867&fit=crop","","","XS","S","M","L","XL","Relaxed fit T-shirt 260gsm","Current price [Rs. 1,990.00 ]","Rs. 1,990.00","Colours","https://media.mango.com/is/image/punto/37011431-99-020?wid=40","https://media.mango.com/is/image/punto/37011431-56-020?wid=40","XXL","https://media.mango.com/is/image/punto/37011431-37-020?wid=40","https://media.mango.com/is/image/punto/37011431-05-020?wid=40","https://media.mango.com/is/image/punto/37011431-07-020?wid=40","https://media.mango.com/is/image/punto/37011431-30-020?wid=40","https://media.mango.com/is/image/punto/37011431-52-020?wid=40","","","",""
"https://shop.mango.com/in/en/p/men/t-shirts/basics/fine-knit-cotton-blend-t-shirt/37061436/08/00","https://media.mango.com/is/image/punto/37061436-08-002?wid=2048&hei=2867&fit=crop","https://media.mango.com/is/image/punto/37061436-08-001?wid=2048&hei=2867&fit=crop","https://media.mango.com/is/image/punto/37061436-08-003?wid=2048&hei=2867&fit=crop","https://shop.mango.com/in/en/p/men/t-shirts/basics/fine-knit-cotton-blend-t-shirt/37061436/08/00","https://media.mango.com/is/image/punto/37061436-08-004?wid=2048&hei=2867&fit=crop","https://media.mango.com/is/image/punto/37061436-08-008?wid=2048&hei=2867&fit=crop","https://media.mango.com/is/image/punto/37061436-08-500?wid=2048&hei=2867&fit=crop","https://media.mango.com/is/image/punto/37061436-08-023?wid=2048&hei=2867&fit=crop","https://shop.mango.com/in/en/p/men/t-shirts/basics/fine-knit-cotton-blend-t-shirt/37061436/08/00","https://media.mango.com/is/image/punto/37061436-08-900?wid=2048&hei=2867&fit=crop","https://shop.mango.com/in/en/p/men/t-shirts/basics/fine-knit-cotton-blend-t-shirt/37061436/08/00","https://media.mango.com/is/image/punto/37061436-08-030?wid=2048&hei=2867&fit=crop","S","M","L","XL","XXL","Fine knit cotton blend T-shirt","Current price [Rs. 2,890.00 ]","Rs. 2,890.00","Colours","https://media.mango.com/is/image/punto/37061436-08-020?wid=40","https://media.mango.com/is/image/punto/37061436-56-020?wid=40","","https://media.mango.com/is/image/punto/37061436-04-020?wid=40","https://media.mango.com/is/image/punto/37061436-48-020?wid=40","https://media.mango.com/is/image/punto/37061436-30-020?wid=40","","","","","",""
"https://shop.mango.com/in/en/p/men/t-shirts/knitwear/100-cotton-textured-knit-t-shirt/37062899/02/00","https://media.mango.com/is/image/punto/37062899-02-002?wid=2048&hei=2867&fit=crop","https://media.mango.com/is/image/punto/37062899-02-001?wid=2048&hei=2867&fit=crop","https://media.mango.com/is/image/punto/37062899-02-003?wid=2048&hei=2867&fit=crop","https://shop.mango.com/in/en/p/men/t-shirts/knitwear/100-cotton-textured-knit-t-shirt/37062899/02/00","https://media.mango.com/is/image/punto/37062899-02-004?wid=2048&hei=2867&fit=crop","https://media.mango.com/is/image/punto/37062899-02-008?wid=2048&hei=2867&fit=crop","https://media.mango.com/is/image/punto/37062899-02-007?wid=2048&hei=2867&fit=crop","https://media.mango.com/is/image/punto/37062899-02-023?wid=2048&hei=2867&fit=crop","https://shop.mango.com/in/en/p/men/t-shirts/knitwear/100-cotton-textured-knit-t-shirt/37062899/02/00","https://media.mango.com/is/image/punto/37062899-02-900?wid=2048&hei=2867&fit=crop","https://shop.mango.com/in/en/p/men/t-shirts/knitwear/100-cotton-textured-knit-t-shirt/37062899/02/00","https://media.mango.com/is/image/punto/37062899-02-030?wid=2048&hei=2867&fit=crop","S","M","L","XL","XXL","100% cotton textured knit T-shirt","Current price [Rs. 3,899.00 ]","Rs. 3,899.00","Colours","https://media.mango.com/is/image/punto/37062899-02-020?wid=40","https://media.mango.com/is/image/punto/37062899-89-020?wid=40","","https://media.mango.com/is/image/punto/37062899-30-020?wid=40","","","","","","","",""
"https://shop.mango.com/in/en/p/men/t-shirts/basics/slim-fit-t-shirt-180gsm/37011432/01/00","https://media.mango.com/is/image/punto/37011432-01-002?wid=2048&hei=2867&fit=crop","https://media.mango.com/is/image/punto/37011432-01-001?wid=2048&hei=2867&fit=crop","https://media.mango.com/is/image/punto/37011432-01-003?wid=2048&hei=2867&fit=crop","https://shop.mango.com/in/en/p/men/t-shirts/basics/slim-fit-t-shirt-180gsm/37011432/01/00","https://media.mango.com/is/image/punto/37011432-01-004?wid=2048&hei=2867&fit=crop","https://media.mango.com/is/image/punto/37011432-01-008?wid=2048&hei=2867&fit=crop","https://media.mango.com/is/image/punto/37011432-01-023?wid=2048&hei=2867&fit=crop","https://media.mango.com/is/image/punto/37011432-01-900?wid=2048&hei=2867&fit=crop","https://shop.mango.com/in/en/p/men/t-shirts/basics/slim-fit-t-shirt-180gsm/37011432/01/00","https://media.mango.com/is/image/punto/37011432-01-030?wid=2048&hei=2867&fit=crop","","","XS","S","M","L","XL","Slim fit T-shirt 180gsm","Current price [Rs. 1,290.00 ]","Rs. 1,290.00","Colours","https://media.mango.com/is/image/punto/37011432-01-020?wid=40","https://media.mango.com/is/image/punto/37011432-99-020?wid=40","XXL","https://media.mango.com/is/image/punto/37011432-45-020?wid=40","https://media.mango.com/is/image/punto/37011432-56-020?wid=40","https://media.mango.com/is/image/punto/37011432-37-020?wid=40","https://media.mango.com/is/image/punto/37011432-39-020?wid=40","https://media.mango.com/is/image/punto/37011432-07-020?wid=40","https://media.mango.com/is/image/punto/37011432-96-020?wid=40","","",""
"https://shop.mango.com/in/en/p/men/t-shirts/basics/slim-fit-t-shirt-180gsm/37011432/39/00","https://media.mango.com/is/image/punto/37011432-39-002?wid=2048&hei=2867&fit=crop","https://media.mango.com/is/image/punto/37011432-39-001?wid=2048&hei=2867&fit=crop","https://media.mango.com/is/image/punto/37011432-39-003?wid=2048&hei=2867&fit=crop","https://shop.mango.com/in/en/p/men/t-shirts/basics/slim-fit-t-shirt-180gsm/37011432/39/00","https://media.mango.com/is/image/punto/37011432-39-004?wid=2048&hei=2867&fit=crop","https://media.mango.com/is/image/punto/37011432-39-008?wid=2048&hei=2867&fit=crop","https://media.mango.com/is/image/punto/37011432-39-011?wid=2048&hei=2867&fit=crop","https://media.mango.com/is/image/punto/37011432-39-023?wid=2048&hei=2867&fit=crop","https://shop.mango.com/in/en/p/men/t-shirts/basics/slim-fit-t-shirt-180gsm/37011432/39/00","https://media.mango.com/is/image/punto/37011432-39-900?wid=2048&hei=2867&fit=crop","https://shop.mango.com/in/en/p/men/t-shirts/basics/slim-fit-t-shirt-180gsm/37011432/39/00","https://media.mango.com/is/image/punto/37011432-39-030?wid=2048&hei=2867&fit=crop","XS","S","M","L","XL","Slim fit T-shirt 180gsm","Current price [Rs. 1,290.00 ]","Rs. 1,290.00","Colours","https://media.mango.com/is/image/punto/37011432-39-020?wid=40","https://media.mango.com/is/image/punto/37011432-99-020?wid=40","XXL","https://media.mango.com/is/image/punto/37011432-01-020?wid=40","https://media.mango.com/is/image/punto/37011432-45-020?wid=40","https://media.mango.com/is/image/punto/37011432-56-020?wid=40","https://media.mango.com/is/image/punto/37011432-37-020?wid=40","https://media.mango.com/is/image/punto/37011432-07-020?wid=40","https://media.mango.com/is/image/punto/37011432-96-020?wid=40","","",""
"https://shop.mango.com/in/en/p/men/t-shirts/basics/relaxed-fit-t-shirt-260gsm/37011431/37/00","https://media.mango.com/is/image/punto/37011431-37-002?wid=2048&hei=2867&fit=crop","https://media.mango.com/is/image/punto/37011431-37-001?wid=2048&hei=2867&fit=crop","https://media.mango.com/is/image/punto/37011431-37-003?wid=2048&hei=2867&fit=crop","https://shop.mango.com/in/en/p/men/t-shirts/basics/relaxed-fit-t-shirt-260gsm/37011431/37/00","https://media.mango.com/is/image/punto/37011431-37-004?wid=2048&hei=2867&fit=crop","https://media.mango.com/is/image/punto/37011431-37-008?wid=2048&hei=2867&fit=crop","https://media.mango.com/is/image/punto/37011431-37-011?wid=2048&hei=2867&fit=crop","https://media.mango.com/is/image/punto/37011431-37-023?wid=2048&hei=2867&fit=crop","https://shop.mango.com/in/en/p/men/t-shirts/basics/relaxed-fit-t-shirt-260gsm/37011431/37/00","https://media.mango.com/is/image/punto/37011431-37-900?wid=2048&hei=2867&fit=crop","https://shop.mango.com/in/en/p/men/t-shirts/basics/relaxed-fit-t-shirt-260gsm/37011431/37/00","https://media.mango.com/is/image/punto/37011431-37-030?wid=2048&hei=2867&fit=crop","XS","S","M","L","XL","Relaxed fit T-shirt 260gsm","Current price [Rs. 1,990.00 ]","Rs. 1,990.00","Colours","https://media.mango.com/is/image/punto/37011431-37-020?wid=40","https://media.mango.com/is/image/punto/37011431-99-020?wid=40","XXL","https://media.mango.com/is/image/punto/37011431-56-020?wid=40","https://media.mango.com/is/image/punto/37011431-05-020?wid=40","https://media.mango.com/is/image/punto/37011431-07-020?wid=40","https://media.mango.com/is/image/punto/37011431-30-020?wid=40","https://media.mango.com/is/image/punto/37011431-52-020?wid=40","","","",""
"https://shop.mango.com/in/en/p/men/t-shirts/basics/relaxed-fit-t-shirt-260gsm/37011431/05/00","https://media.mango.com/is/image/punto/37011431-05-002?wid=2048&hei=2867&fit=crop","https://media.mango.com/is/image/punto/37011431-05-001?wid=2048&hei=2867&fit=crop","https://media.mango.com/is/image/punto/37011431-05-003?wid=2048&hei=2867&fit=crop","https://shop.mango.com/in/en/p/men/t-shirts/basics/relaxed-fit-t-shirt-260gsm/37011431/05/00","https://media.mango.com/is/image/punto/37011431-05-004?wid=2048&hei=2867&fit=crop","https://media.mango.com/is/image/punto/37011431-05-008?wid=2048&hei=2867&fit=crop","https://media.mango.com/is/image/punto/37011431-05-011?wid=2048&hei=2867&fit=crop","https://media.mango.com/is/image/punto/37011431-05-023?wid=2048&hei=2867&fit=crop","https://shop.mango.com/in/en/p/men/t-shirts/basics/relaxed-fit-t-shirt-260gsm/37011431/05/00","https://media.mango.com/is/image/punto/37011431-05-900?wid=2048&hei=2867&fit=crop","https://shop.mango.com/in/en/p/men/t-shirts/basics/relaxed-fit-t-shirt-260gsm/37011431/05/00","https://media.mango.com/is/image/punto/37011431-05-030?wid=2048&hei=2867&fit=crop","XS","S","M","L","XL","Relaxed fit T-shirt 260gsm","Current price [Rs. 1,990.00 ]","Rs. 1,990.00","Colours","https://media.mango.com/is/image/punto/37011431-05-020?wid=40","https://media.mango.com/is/image/punto/37011431-99-020?wid=40","XXL","https://media.mango.com/is/image/punto/37011431-56-020?wid=40","https://media.mango.com/is/image/punto/37011431-37-020?wid=40","https://media.mango.com/is/image/punto/37011431-07-020?wid=40","https://media.mango.com/is/image/punto/37011431-30-020?wid=40","https://media.mango.com/is/image/punto/37011431-52-020?wid=40","","","",""
"https://shop.mango.com/in/en/p/men/t-shirts/basics/slim-fit-t-shirt-180gsm/37011432/45/00","https://media.mango.com/is/image/punto/37011432-45-002?wid=2048&hei=2867&fit=crop","https://media.mango.com/is/image/punto/37011432-45-001?wid=2048&hei=2867&fit=crop","https://media.mango.com/is/image/punto/37011432-45-003?wid=2048&hei=2867&fit=crop","https://shop.mango.com/in/en/p/men/t-shirts/basics/slim-fit-t-shirt-180gsm/37011432/45/00","https://media.mango.com/is/image/punto/37011432-45-004?wid=2048&hei=2867&fit=crop","https://media.mango.com/is/image/punto/37011432-45-008?wid=2048&hei=2867&fit=crop","https://media.mango.com/is/image/punto/37011432-45-023?wid=2048&hei=2867&fit=crop","https://media.mango.com/is/image/punto/37011432-45-900?wid=2048&hei=2867&fit=crop","https://shop.mango.com/in/en/p/men/t-shirts/basics/slim-fit-t-shirt-180gsm/37011432/45/00","https://media.mango.com/is/image/punto/37011432-45-030?wid=2048&hei=2867&fit=crop","","","XS","S","M","L","XL","Slim fit T-shirt 180gsm","Current price [Rs. 1,290.00 ]","Rs. 1,290.00","Colours","https://media.mango.com/is/image/punto/37011432-45-020?wid=40","https://media.mango.com/is/image/punto/37011432-99-020?wid=40","XXL","https://media.mango.com/is/image/punto/37011432-01-020?wid=40","https://media.mango.com/is/image/punto/37011432-56-020?wid=40","https://media.mango.com/is/image/punto/37011432-37-020?wid=40","https://media.mango.com/is/image/punto/37011432-39-020?wid=40","https://media.mango.com/is/image/punto/37011432-07-020?wid=40","https://media.mango.com/is/image/punto/37011432-96-020?wid=40","","",""
"https://shop.mango.com/in/en/p/men/t-shirts/linen/linen-blend-striped-t-shirt/37031419/56/00","https://media.mango.com/is/image/punto/37031419-56-002?wid=2048&hei=2867&fit=crop","https://media.mango.com/is/image/punto/37031419-56-001?wid=2048&hei=2867&fit=crop","https://media.mango.com/is/image/punto/37031419-56-003?wid=2048&hei=2867&fit=crop","https://shop.mango.com/in/en/p/men/t-shirts/linen/linen-blend-striped-t-shirt/37031419/56/00","https://media.mango.com/is/image/punto/37031419-56-004?wid=2048&hei=2867&fit=crop","https://media.mango.com/is/image/punto/37031419-56-008?wid=2048&hei=2867&fit=crop","https://media.mango.com/is/image/punto/37031419-56-023?wid=2048&hei=2867&fit=crop","https://media.mango.com/is/image/punto/37031419-56-900?wid=2048&hei=2867&fit=crop","https://shop.mango.com/in/en/p/men/t-shirts/linen/linen-blend-striped-t-shirt/37031419/56/00","https://media.mango.com/is/image/punto/37031419-56-030?wid=2048&hei=2867&fit=crop","","","S","M","L","XL","XXL","Linen blend striped T-shirt","Current price [Rs. 3,699.00 ]","Rs. 3,699.00","Colours","https://media.mango.com/is/image/punto/37031419-56-020?wid=40","https://media.mango.com/is/image/punto/37031419-08-020?wid=40","","","","","","","","","",""
"https://shop.mango.com/in/en/p/men/t-shirts/knitwear/100-cotton-textured-knit-t-shirt/37062899/89/00","https://media.mango.com/is/image/punto/37062899-89-002?wid=2048&hei=2867&fit=crop","https://media.mango.com/is/image/punto/37062899-89-001?wid=2048&hei=2867&fit=crop","https://media.mango.com/is/image/punto/37062899-89-003?wid=2048&hei=2867&fit=crop","https://shop.mango.com/in/en/p/men/t-shirts/knitwear/100-cotton-textured-knit-t-shirt/37062899/89/00","https://media.mango.com/is/image/punto/37062899-89-004?wid=2048&hei=2867&fit=crop","https://media.mango.com/is/image/punto/37062899-89-008?wid=2048&hei=2867&fit=crop","https://media.mango.com/is/image/punto/37062899-89-023?wid=2048&hei=2867&fit=crop","https://media.mango.com/is/image/punto/37062899-89-900?wid=2048&hei=2867&fit=crop","https://shop.mango.com/in/en/p/men/t-shirts/knitwear/100-cotton-textured-knit-t-shirt/37062899/89/00","https://media.mango.com/is/image/punto/37062899-89-030?wid=2048&hei=2867&fit=crop","","","S","M","L","XL","XXL","100% cotton textured knit T-shirt","Current price [Rs. 3,899.00 ]","Rs. 3,899.00","Colours","https://media.mango.com/is/image/punto/37062899-89-020?wid=40","https://media.mango.com/is/image/punto/37062899-02-020?wid=40","","https://media.mango.com/is/image/punto/37062899-30-020?wid=40","","","","","","","",""
"https://shop.mango.com/in/en/p/men/t-shirts/basics/slim-fit-t-shirt-180gsm/37011432/56/00","https://media.mango.com/is/image/punto/37011432-56-002?wid=2048&hei=2867&fit=crop","https://media.mango.com/is/image/punto/37011432-56-001?wid=2048&hei=2867&fit=crop","https://media.mango.com/is/image/punto/37011432-56-003?wid=2048&hei=2867&fit=crop","https://shop.mango.com/in/en/p/men/t-shirts/basics/slim-fit-t-shirt-180gsm/37011432/56/00","https://media.mango.com/is/image/punto/37011432-56-004?wid=2048&hei=2867&fit=crop","https://media.mango.com/is/image/punto/37011432-56-008?wid=2048&hei=2867&fit=crop","https://media.mango.com/is/image/punto/37011432-56-011?wid=2048&hei=2867&fit=crop","https://media.mango.com/is/image/punto/37011432-56-023?wid=2048&hei=2867&fit=crop","https://shop.mango.com/in/en/p/men/t-shirts/basics/slim-fit-t-shirt-180gsm/37011432/56/00","https://media.mango.com/is/image/punto/37011432-56-900?wid=2048&hei=2867&fit=crop","https://shop.mango.com/in/en/p/men/t-shirts/basics/slim-fit-t-shirt-180gsm/37011432/56/00","https://media.mango.com/is/image/punto/37011432-56-030?wid=2048&hei=2867&fit=crop","XS","S","M","L","XL","Slim fit T-shirt 180gsm","Current price [Rs. 1,290.00 ]","Rs. 1,290.00","Colours","https://media.mango.com/is/image/punto/37011432-56-020?wid=40","https://media.mango.com/is/image/punto/37011432-99-020?wid=40","XXL","https://media.mango.com/is/image/punto/37011432-01-020?wid=40","https://media.mango.com/is/image/punto/37011432-45-020?wid=40","https://media.mango.com/is/image/punto/37011432-37-020?wid=40","https://media.mango.com/is/image/punto/37011432-39-020?wid=40","https://media.mango.com/is/image/punto/37011432-07-020?wid=40","https://media.mango.com/is/image/punto/37011432-96-020?wid=40","","",""
"https://shop.mango.com/in/en/p/men/t-shirts/basics/fine-knit-cotton-blend-t-shirt/37061436/30/00","https://media.mango.com/is/image/punto/37061436-30-002?wid=2048&hei=2867&fit=crop","https://media.mango.com/is/image/punto/37061436-30-001?wid=2048&hei=2867&fit=crop","https://media.mango.com/is/image/punto/37061436-30-003?wid=2048&hei=2867&fit=crop","https://shop.mango.com/in/en/p/men/t-shirts/basics/fine-knit-cotton-blend-t-shirt/37061436/30/00","https://media.mango.com/is/image/punto/37061436-30-004?wid=2048&hei=2867&fit=crop","https://media.mango.com/is/image/punto/37061436-30-008?wid=2048&hei=2867&fit=crop","https://media.mango.com/is/image/punto/37061436-30-023?wid=2048&hei=2867&fit=crop","https://media.mango.com/is/image/punto/37061436-30-900?wid=2048&hei=2867&fit=crop","https://shop.mango.com/in/en/p/men/t-shirts/basics/fine-knit-cotton-blend-t-shirt/37061436/30/00","https://media.mango.com/is/image/punto/37061436-30-030?wid=2048&hei=2867&fit=crop","","","S","M","L","XL","XXL","Fine knit cotton blend T-shirt","Current price [Rs. 2,890.00 ]","Rs. 2,890.00","Colours","https://media.mango.com/is/image/punto/37061436-30-020?wid=40","https://media.mango.com/is/image/punto/37061436-56-020?wid=40","","https://media.mango.com/is/image/punto/37061436-04-020?wid=40","https://media.mango.com/is/image/punto/37061436-48-020?wid=40","https://media.mango.com/is/image/punto/37061436-08-020?wid=40","","","","","",""
"https://shop.mango.com/in/en/p/men/t-shirts/knitwear/ribbed-cotton-linen-blend-t-shirt/37051437/07/00","https://media.mango.com/is/image/punto/37051437-07-002?wid=2048&hei=2867&fit=crop","https://media.mango.com/is/image/punto/37051437-07-001?wid=2048&hei=2867&fit=crop","https://media.mango.com/is/image/punto/37051437-07-003?wid=2048&hei=2867&fit=crop","https://shop.mango.com/in/en/p/men/t-shirts/knitwear/ribbed-cotton-linen-blend-t-shirt/37051437/07/00","https://media.mango.com/is/image/punto/37051437-07-004?wid=2048&hei=2867&fit=crop","https://media.mango.com/is/image/punto/37051437-07-008?wid=2048&hei=2867&fit=crop","https://media.mango.com/is/image/punto/37051437-07-023?wid=2048&hei=2867&fit=crop","https://media.mango.com/is/image/punto/37051437-07-900?wid=2048&hei=2867&fit=crop","https://shop.mango.com/in/en/p/men/t-shirts/knitwear/ribbed-cotton-linen-blend-t-shirt/37051437/07/00","https://media.mango.com/is/image/punto/37051437-07-030?wid=2048&hei=2867&fit=crop","","","S","M","L","XL","XXL","Ribbed cotton-linen blend T-shirt","Current price [Rs. 3,899.00 ]","Rs. 3,899.00","Colours","https://media.mango.com/is/image/punto/37051437-07-020?wid=40","https://media.mango.com/is/image/punto/37051437-56-020?wid=40","","","","","","","","","",""
"https://shop.mango.com/in/en/p/men/t-shirts/basics/relaxed-fit-cotton-linen-blend-t-shirt/37062898/89/00","https://media.mango.com/is/image/punto/37062898-89-002?wid=2048&hei=2867&fit=crop","https://media.mango.com/is/image/punto/37062898-89-001?wid=2048&hei=2867&fit=crop","https://media.mango.com/is/image/punto/37062898-89-003?wid=2048&hei=2867&fit=crop","https://shop.mango.com/in/en/p/men/t-shirts/basics/relaxed-fit-cotton-linen-blend-t-shirt/37062898/89/00","https://media.mango.com/is/image/punto/37062898-89-004?wid=2048&hei=2867&fit=crop","https://media.mango.com/is/image/punto/37062898-89-008?wid=2048&hei=2867&fit=crop","https://media.mango.com/is/image/punto/37062898-89-023?wid=2048&hei=2867&fit=crop","https://media.mango.com/is/image/punto/37062898-89-900?wid=2048&hei=2867&fit=crop","https://shop.mango.com/in/en/p/men/t-shirts/basics/relaxed-fit-cotton-linen-blend-t-shirt/37062898/89/00","https://media.mango.com/is/image/punto/37062898-89-030?wid=2048&hei=2867&fit=crop","","","XS","S","M","L","XL","Relaxed fit cotton-linen blend T-shirt","Current price [Rs. 2,499.00 ]","Rs. 2,499.00","Colours","https://media.mango.com/is/image/punto/37062898-89-020?wid=40","https://media.mango.com/is/image/punto/37062898-11-020?wid=40","XXL","https://media.mango.com/is/image/punto/37062898-02-020?wid=40","https://media.mango.com/is/image/punto/37062898-32-020?wid=40","","","","","","",""
"https://shop.mango.com/in/en/p/men/t-shirts/basics/relaxed-fit-cotton-linen-blend-t-shirt/37062898/02/00","https://media.mango.com/is/image/punto/37062898-02-002?wid=2048&hei=2867&fit=crop","https://media.mango.com/is/image/punto/37062898-02-001?wid=2048&hei=2867&fit=crop","https://media.mango.com/is/image/punto/37062898-02-003?wid=2048&hei=2867&fit=crop","https://shop.mango.com/in/en/p/men/t-shirts/basics/relaxed-fit-cotton-linen-blend-t-shirt/37062898/02/00","https://media.mango.com/is/image/punto/37062898-02-004?wid=2048&hei=2867&fit=crop","https://media.mango.com/is/image/punto/37062898-02-008?wid=2048&hei=2867&fit=crop","https://media.mango.com/is/image/punto/37062898-02-500?wid=2048&hei=2867&fit=crop","https://media.mango.com/is/image/punto/37062898-02-023?wid=2048&hei=2867&fit=crop","https://shop.mango.com/in/en/p/men/t-shirts/basics/relaxed-fit-cotton-linen-blend-t-shirt/37062898/02/00","https://media.mango.com/is/image/punto/37062898-02-900?wid=2048&hei=2867&fit=crop","https://shop.mango.com/in/en/p/men/t-shirts/basics/relaxed-fit-cotton-linen-blend-t-shirt/37062898/02/00","https://media.mango.com/is/image/punto/37062898-02-030?wid=2048&hei=2867&fit=crop","XS","S","M","L","XL","Relaxed fit cotton-linen blend T-shirt","Current price [Rs. 2,499.00 ]","Rs. 2,499.00","Colours","https://media.mango.com/is/image/punto/37062898-02-020?wid=40","https://media.mango.com/is/image/punto/37062898-11-020?wid=40","XXL","https://media.mango.com/is/image/punto/37062898-89-020?wid=40","https://media.mango.com/is/image/punto/37062898-32-020?wid=40","","","","","","",""
"https://shop.mango.com/in/en/p/men/t-shirts/basics/fine-knit-cotton-blend-t-shirt/37061436/48/00","https://media.mango.com/is/image/punto/37061436-48-002?wid=2048&hei=2867&fit=crop","https://media.mango.com/is/image/punto/37061436-48-001?wid=2048&hei=2867&fit=crop","https://media.mango.com/is/image/punto/37061436-48-003?wid=2048&hei=2867&fit=crop","https://shop.mango.com/in/en/p/men/t-shirts/basics/fine-knit-cotton-blend-t-shirt/37061436/48/00","https://media.mango.com/is/image/punto/37061436-48-004?wid=2048&hei=2867&fit=crop","https://media.mango.com/is/image/punto/37061436-48-008?wid=2048&hei=2867&fit=crop","https://media.mango.com/is/image/punto/37061436-48-023?wid=2048&hei=2867&fit=crop","https://media.mango.com/is/image/punto/37061436-48-900?wid=2048&hei=2867&fit=crop","https://shop.mango.com/in/en/p/men/t-shirts/basics/fine-knit-cotton-blend-t-shirt/37061436/48/00","https://media.mango.com/is/image/punto/37061436-48-030?wid=2048&hei=2867&fit=crop","","","S","M","L","XL","XXL","Fine knit cotton blend T-shirt","Current price [Rs. 2,890.00 ]","Rs. 2,890.00","Colours","https://media.mango.com/is/image/punto/37061436-48-020?wid=40","https://media.mango.com/is/image/punto/37061436-56-020?wid=40","","https://media.mango.com/is/image/punto/37061436-04-020?wid=40","https://media.mango.com/is/image/punto/37061436-08-020?wid=40","https://media.mango.com/is/image/punto/37061436-30-020?wid=40","","","","","",""
"https://shop.mango.com/in/en/p/men/t-shirts/linen/linen-blend-striped-t-shirt/37031419/08/00","https://media.mango.com/is/image/punto/37031419-08-002?wid=2048&hei=2867&fit=crop","https://media.mango.com/is/image/punto/37031419-08-001?wid=2048&hei=2867&fit=crop","https://media.mango.com/is/image/punto/37031419-08-003?wid=2048&hei=2867&fit=crop","https://shop.mango.com/in/en/p/men/t-shirts/linen/linen-blend-striped-t-shirt/37031419/08/00","https://media.mango.com/is/image/punto/37031419-08-004?wid=2048&hei=2867&fit=crop","https://media.mango.com/is/image/punto/37031419-08-008?wid=2048&hei=2867&fit=crop","https://media.mango.com/is/image/punto/37031419-08-007?wid=2048&hei=2867&fit=crop","https://media.mango.com/is/image/punto/37031419-08-010?wid=2048&hei=2867&fit=crop","https://shop.mango.com/in/en/p/men/t-shirts/linen/linen-blend-striped-t-shirt/37031419/08/00","https://media.mango.com/is/image/punto/37031419-08-023?wid=2048&hei=2867&fit=crop","https://shop.mango.com/in/en/p/men/t-shirts/linen/linen-blend-striped-t-shirt/37031419/08/00","https://media.mango.com/is/image/punto/37031419-08-900?wid=2048&hei=2867&fit=crop","S","M","L","XL","XXL","Linen blend striped T-shirt","Current price [Rs. 3,699.00 ]","Rs. 3,699.00","Colours","https://media.mango.com/is/image/punto/37031419-08-020?wid=40","https://media.mango.com/is/image/punto/37031419-56-020?wid=40","","","","","","","","","",""
"https://shop.mango.com/in/en/p/men/t-shirts/basics/relaxed-fit-t-shirt-260gsm/37011431/30/00","https://media.mango.com/is/image/punto/37011431-30-002?wid=2048&hei=2867&fit=crop","https://media.mango.com/is/image/punto/37011431-30-001?wid=2048&hei=2867&fit=crop","https://media.mango.com/is/image/punto/37011431-30-003?wid=2048&hei=2867&fit=crop","https://shop.mango.com/in/en/p/men/t-shirts/basics/relaxed-fit-t-shirt-260gsm/37011431/30/00","https://media.mango.com/is/image/punto/37011431-30-004?wid=2048&hei=2867&fit=crop","https://media.mango.com/is/image/punto/37011431-30-008?wid=2048&hei=2867&fit=crop","https://media.mango.com/is/image/punto/37011431-30-011?wid=2048&hei=2867&fit=crop","https://media.mango.com/is/image/punto/37011431-30-023?wid=2048&hei=2867&fit=crop","https://shop.mango.com/in/en/p/men/t-shirts/basics/relaxed-fit-t-shirt-260gsm/37011431/30/00","https://media.mango.com/is/image/punto/37011431-30-900?wid=2048&hei=2867&fit=crop","https://shop.mango.com/in/en/p/men/t-shirts/basics/relaxed-fit-t-shirt-260gsm/37011431/30/00","https://media.mango.com/is/image/punto/37011431-30-030?wid=2048&hei=2867&fit=crop","XS","S","M","L","XL","Relaxed fit T-shirt 260gsm","Current price [Rs. 1,990.00 ]","Rs. 1,990.00","Colours","https://media.mango.com/is/image/punto/37011431-30-020?wid=40","https://media.mango.com/is/image/punto/37011431-99-020?wid=40","XXL","https://media.mango.com/is/image/punto/37011431-56-020?wid=40","https://media.mango.com/is/image/punto/37011431-37-020?wid=40","https://media.mango.com/is/image/punto/37011431-05-020?wid=40","https://media.mango.com/is/image/punto/37011431-07-020?wid=40","https://media.mango.com/is/image/punto/37011431-52-020?wid=40","","","",""
"https://shop.mango.com/in/en/p/men/t-shirts/basics/relaxed-fit-cotton-linen-blend-t-shirt/37062898/11/00","https://media.mango.com/is/image/punto/37062898-11-002?wid=2048&hei=2867&fit=crop","https://media.mango.com/is/image/punto/37062898-11-001?wid=2048&hei=2867&fit=crop","https://media.mango.com/is/image/punto/37062898-11-003?wid=2048&hei=2867&fit=crop","https://shop.mango.com/in/en/p/men/t-shirts/basics/relaxed-fit-cotton-linen-blend-t-shirt/37062898/11/00","https://media.mango.com/is/image/punto/37062898-11-004?wid=2048&hei=2867&fit=crop","https://media.mango.com/is/image/punto/37062898-11-008?wid=2048&hei=2867&fit=crop","https://media.mango.com/is/image/punto/37062898-11-023?wid=2048&hei=2867&fit=crop","https://media.mango.com/is/image/punto/37062898-11-900?wid=2048&hei=2867&fit=crop","https://shop.mango.com/in/en/p/men/t-shirts/basics/relaxed-fit-cotton-linen-blend-t-shirt/37062898/11/00","https://media.mango.com/is/image/punto/37062898-11-030?wid=2048&hei=2867&fit=crop","","","XS","S","M","L","XL","Relaxed fit cotton-linen blend T-shirt","Current price [Rs. 2,499.00 ]","Rs. 2,499.00","Colours","https://media.mango.com/is/image/punto/37062898-11-020?wid=40","https://media.mango.com/is/image/punto/37062898-89-020?wid=40","XXL","https://media.mango.com/is/image/punto/37062898-02-020?wid=40","https://media.mango.com/is/image/punto/37062898-32-020?wid=40","","","","","","",""
"https://shop.mango.com/in/en/p/men/t-shirts/slim-fit/slim-fit-cotton-tank-top/37011438/99/00","https://media.mango.com/is/image/punto/37011438-99-002?wid=2048&hei=2867&fit=crop","https://media.mango.com/is/image/punto/37011438-99-001?wid=2048&hei=2867&fit=crop","https://media.mango.com/is/image/punto/37011438-99-003?wid=2048&hei=2867&fit=crop","https://shop.mango.com/in/en/p/men/t-shirts/slim-fit/slim-fit-cotton-tank-top/37011438/99/00","https://media.mango.com/is/image/punto/37011438-99-004?wid=2048&hei=2867&fit=crop","https://media.mango.com/is/image/punto/37011438-99-008?wid=2048&hei=2867&fit=crop","https://media.mango.com/is/image/punto/37011438-99-023?wid=2048&hei=2867&fit=crop","https://media.mango.com/is/image/punto/37011438-99-900?wid=2048&hei=2867&fit=crop","https://shop.mango.com/in/en/p/men/t-shirts/slim-fit/slim-fit-cotton-tank-top/37011438/99/00","https://media.mango.com/is/image/punto/37011438-99-030?wid=2048&hei=2867&fit=crop","","","S","M","L","XL","","Slim-fit cotton tank top","Current price [Rs. 1,899.00 ]","Rs. 1,899.00","Colours","https://media.mango.com/is/image/punto/37011438-99-020?wid=40","https://media.mango.com/is/image/punto/37011438-02-020?wid=40","","https://media.mango.com/is/image/punto/37011438-30-020?wid=40","","","","","","","",""
"https://shop.mango.com/in/en/p/men/t-shirts/printed/100-cotton-printed-t-shirt/37034469/47/00","https://media.mango.com/is/image/punto/37034469-47-002?wid=2048&hei=2867&fit=crop","https://media.mango.com/is/image/punto/37034469-47-001?wid=2048&hei=2867&fit=crop","https://media.mango.com/is/image/punto/37034469-47-003?wid=2048&hei=2867&fit=crop","https://shop.mango.com/in/en/p/men/t-shirts/printed/100-cotton-printed-t-shirt/37034469/47/00","https://media.mango.com/is/image/punto/37034469-47-004?wid=2048&hei=2867&fit=crop","https://media.mango.com/is/image/punto/37034469-47-008?wid=2048&hei=2867&fit=crop","https://media.mango.com/is/image/punto/37034469-47-023?wid=2048&hei=2867&fit=crop","https://media.mango.com/is/image/punto/37034469-47-900?wid=2048&hei=2867&fit=crop","https://shop.mango.com/in/en/p/men/t-shirts/printed/100-cotton-printed-t-shirt/37034469/47/00","https://media.mango.com/is/image/punto/37034469-47-030?wid=2048&hei=2867&fit=crop","","","S","M","L","XL","XXL","100% cotton printed t-shirt","Current price [Rs. 3,299.00 ]","Rs. 3,299.00","","","","","","","","","","","","",""
"https://shop.mango.com/in/en/p/men/t-shirts/basics/slim-fit-t-shirt-180gsm/37011432/37/00","https://media.mango.com/is/image/punto/37011432-37-002?wid=2048&hei=2867&fit=crop","https://media.mango.com/is/image/punto/37011432-37-001?wid=2048&hei=2867&fit=crop","https://media.mango.com/is/image/punto/37011432-37-003?wid=2048&hei=2867&fit=crop","https://shop.mango.com/in/en/p/men/t-shirts/basics/slim-fit-t-shirt-180gsm/37011432/37/00","https://media.mango.com/is/image/punto/37011432-37-004?wid=2048&hei=2867&fit=crop","https://media.mango.com/is/image/punto/37011432-37-008?wid=2048&hei=2867&fit=crop","https://media.mango.com/is/image/punto/37011432-37-023?wid=2048&hei=2867&fit=crop","https://media.mango.com/is/image/punto/37011432-37-900?wid=2048&hei=2867&fit=crop","https://shop.mango.com/in/en/p/men/t-shirts/basics/slim-fit-t-shirt-180gsm/37011432/37/00","https://media.mango.com/is/image/punto/37011432-37-030?wid=2048&hei=2867&fit=crop","","","XS","S","M","L","XL","Slim fit T-shirt 180gsm","Current price [Rs. 1,290.00 ]","Rs. 1,290.00","Colours","https://media.mango.com/is/image/punto/37011432-37-020?wid=40","https://media.mango.com/is/image/punto/37011432-99-020?wid=40","XXL","https://media.mango.com/is/image/punto/37011432-01-020?wid=40","https://media.mango.com/is/image/punto/37011432-45-020?wid=40","https://media.mango.com/is/image/punto/37011432-56-020?wid=40","https://media.mango.com/is/image/punto/37011432-39-020?wid=40","https://media.mango.com/is/image/punto/37011432-07-020?wid=40","https://media.mango.com/is/image/punto/37011432-96-020?wid=40","","",""
"https://shop.mango.com/in/en/p/men/t-shirts/printed/100-cotton-printed-t-shirt/37052912/01/00","https://media.mango.com/is/image/punto/37052912-01-004?wid=2048&hei=2867&fit=crop","https://media.mango.com/is/image/punto/37052912-01-001?wid=2048&hei=2867&fit=crop","https://media.mango.com/is/image/punto/37052912-01-002?wid=2048&hei=2867&fit=crop","https://shop.mango.com/in/en/p/men/t-shirts/printed/100-cotton-printed-t-shirt/37052912/01/00","https://media.mango.com/is/image/punto/37052912-01-003?wid=2048&hei=2867&fit=crop","https://media.mango.com/is/image/punto/37052912-01-008?wid=2048&hei=2867&fit=crop","https://media.mango.com/is/image/punto/37052912-01-023?wid=2048&hei=2867&fit=crop","https://media.mango.com/is/image/punto/37052912-01-900?wid=2048&hei=2867&fit=crop","https://shop.mango.com/in/en/p/men/t-shirts/printed/100-cotton-printed-t-shirt/37052912/01/00","https://media.mango.com/is/image/punto/37052912-01-030?wid=2048&hei=2867&fit=crop","","","S","M","L","XL","XXL","100% cotton printed t-shirt","Current price [Rs. 2,999.00 ]","Rs. 2,999.00","","","","","","","","","","","","",""
"https://shop.mango.com/in/en/p/men/t-shirts/basics/relaxed-fit-t-shirt-260gsm/37011431/56/00","https://media.mango.com/is/image/punto/37011431-56-002?wid=2048&hei=2867&fit=crop","https://media.mango.com/is/image/punto/37011431-56-001?wid=2048&hei=2867&fit=crop","https://media.mango.com/is/image/punto/37011431-56-003?wid=2048&hei=2867&fit=crop","https://shop.mango.com/in/en/p/men/t-shirts/basics/relaxed-fit-t-shirt-260gsm/37011431/56/00","https://media.mango.com/is/image/punto/37011431-56-004?wid=2048&hei=2867&fit=crop","https://media.mango.com/is/image/punto/37011431-56-008?wid=2048&hei=2867&fit=crop","https://media.mango.com/is/image/punto/37011431-56-011?wid=2048&hei=2867&fit=crop","https://media.mango.com/is/image/punto/37011431-56-023?wid=2048&hei=2867&fit=crop","https://shop.mango.com/in/en/p/men/t-shirts/basics/relaxed-fit-t-shirt-260gsm/37011431/56/00","https://media.mango.com/is/image/punto/37011431-56-900?wid=2048&hei=2867&fit=crop","https://shop.mango.com/in/en/p/men/t-shirts/basics/relaxed-fit-t-shirt-260gsm/37011431/56/00","https://media.mango.com/is/image/punto/37011431-56-030?wid=2048&hei=2867&fit=crop","XS","S","M","L","XL","Relaxed fit T-shirt 260gsm","Current price [Rs. 1,990.00 ]","Rs. 1,990.00","Colours","https://media.mango.com/is/image/punto/37011431-56-020?wid=40","https://media.mango.com/is/image/punto/37011431-99-020?wid=40","XXL","https://media.mango.com/is/image/punto/37011431-37-020?wid=40","https://media.mango.com/is/image/punto/37011431-05-020?wid=40","https://media.mango.com/is/image/punto/37011431-07-020?wid=40","https://media.mango.com/is/image/punto/37011431-30-020?wid=40","https://media.mango.com/is/image/punto/37011431-52-020?wid=40","","","",""
"https://shop.mango.com/in/en/p/men/t-shirts/basics/regular-fit-t-shirt-200gsm/37011433/99/00","https://media.mango.com/is/image/punto/37011433-99-002?wid=2048&hei=2867&fit=crop","https://media.mango.com/is/image/punto/37011433-99-001?wid=2048&hei=2867&fit=crop","https://media.mango.com/is/image/punto/37011433-99-003?wid=2048&hei=2867&fit=crop","https://shop.mango.com/in/en/p/men/t-shirts/basics/regular-fit-t-shirt-200gsm/37011433/99/00","https://media.mango.com/is/image/punto/37011433-99-004?wid=2048&hei=2867&fit=crop","https://media.mango.com/is/image/punto/37011433-99-008?wid=2048&hei=2867&fit=crop","https://media.mango.com/is/image/punto/37011433-99-011?wid=2048&hei=2867&fit=crop","https://media.mango.com/is/image/punto/37011433-99-023?wid=2048&hei=2867&fit=crop","https://shop.mango.com/in/en/p/men/t-shirts/basics/regular-fit-t-shirt-200gsm/37011433/99/00","https://media.mango.com/is/image/punto/37011433-99-900?wid=2048&hei=2867&fit=crop","https://shop.mango.com/in/en/p/men/t-shirts/basics/regular-fit-t-shirt-200gsm/37011433/99/00","https://media.mango.com/is/image/punto/37011433-99-030?wid=2048&hei=2867&fit=crop","XS","S","M","L","XL","Regular fit T-shirt 200gsm","Current price [Rs. 2,499.00 ]","Rs. 2,499.00","Colours","https://media.mango.com/is/image/punto/37011433-99-020?wid=40","https://media.mango.com/is/image/punto/37011433-55-020?wid=40","XXL","https://media.mango.com/is/image/punto/37011433-45-020?wid=40","https://media.mango.com/is/image/punto/37011433-56-020?wid=40","https://media.mango.com/is/image/punto/37011433-02-020?wid=40","https://media.mango.com/is/image/punto/37011433-04-020?wid=40","https://media.mango.com/is/image/punto/37011433-38-020?wid=40","https://media.mango.com/is/image/punto/37011433-40-020?wid=40","","",""
"https://shop.mango.com/in/en/p/men/t-shirts/basics/pack-of-2-stretch-cotton-t-shirts/27041301/01/00","https://media.mango.com/is/image/punto/27041301-01-002?wid=2048&hei=2867&fit=crop","https://media.mango.com/is/image/punto/27041301-01-001?wid=2048&hei=2867&fit=crop","https://media.mango.com/is/image/punto/27041301-01-003?wid=2048&hei=2867&fit=crop","https://shop.mango.com/in/en/p/men/t-shirts/basics/pack-of-2-stretch-cotton-t-shirts/27041301/01/00","https://media.mango.com/is/image/punto/27041301-01-004?wid=2048&hei=2867&fit=crop","https://media.mango.com/is/image/punto/27041301-01-008?wid=2048&hei=2867&fit=crop","https://media.mango.com/is/image/punto/27041301-01-023?wid=2048&hei=2867&fit=crop","https://media.mango.com/is/image/punto/27041301-01-900?wid=2048&hei=2867&fit=crop","https://shop.mango.com/in/en/p/men/t-shirts/basics/pack-of-2-stretch-cotton-t-shirts/27041301/01/00","https://media.mango.com/is/image/punto/27041301-01-030?wid=2048&hei=2867&fit=crop","","","S","M","L","XL","","Pack of 2 stretch cotton t-shirts","Current price [Rs. 2,890.00 ]","Rs. 2,890.00","Colours","https://media.mango.com/is/image/punto/27041301-01-020?wid=40","https://media.mango.com/is/image/punto/27041301-99-020?wid=40","","","","","","","","2 PACK - LIGHTWEIGHT","",""
"https://shop.mango.com/in/en/p/men/t-shirts/printed/printed-cotton-blend-t-shirt/37052911/30/00","https://media.mango.com/is/image/punto/37052911-30-004?wid=2048&hei=2867&fit=crop","https://media.mango.com/is/image/punto/37052911-30-001?wid=2048&hei=2867&fit=crop","https://media.mango.com/is/image/punto/37052911-30-002?wid=2048&hei=2867&fit=crop","https://shop.mango.com/in/en/p/men/t-shirts/printed/printed-cotton-blend-t-shirt/37052911/30/00","https://media.mango.com/is/image/punto/37052911-30-003?wid=2048&hei=2867&fit=crop","https://media.mango.com/is/image/punto/37052911-30-008?wid=2048&hei=2867&fit=crop","https://media.mango.com/is/image/punto/37052911-30-023?wid=2048&hei=2867&fit=crop","https://media.mango.com/is/image/punto/37052911-30-900?wid=2048&hei=2867&fit=crop","https://shop.mango.com/in/en/p/men/t-shirts/printed/printed-cotton-blend-t-shirt/37052911/30/00","https://media.mango.com/is/image/punto/37052911-30-030?wid=2048&hei=2867&fit=crop","","","S","M","L","XL","XXL","Printed cotton-blend T-shirt","Current price [Rs. 2,999.00 ]","Rs. 2,999.00","","","","","","","","","","","","",""
"https://shop.mango.com/in/en/p/men/t-shirts/printed/slim-fit-striped-jersey-t-shirt/37031438/02/00","https://media.mango.com/is/image/punto/37031438-02-002?wid=2048&hei=2867&fit=crop","https://media.mango.com/is/image/punto/37031438-02-001?wid=2048&hei=2867&fit=crop","https://media.mango.com/is/image/punto/37031438-02-003?wid=2048&hei=2867&fit=crop","https://shop.mango.com/in/en/p/men/t-shirts/printed/slim-fit-striped-jersey-t-shirt/37031438/02/00","https://media.mango.com/is/image/punto/37031438-02-004?wid=2048&hei=2867&fit=crop","https://media.mango.com/is/image/punto/37031438-02-008?wid=2048&hei=2867&fit=crop","https://media.mango.com/is/image/punto/37031438-02-023?wid=2048&hei=2867&fit=crop","https://media.mango.com/is/image/punto/37031438-02-900?wid=2048&hei=2867&fit=crop","https://shop.mango.com/in/en/p/men/t-shirts/printed/slim-fit-striped-jersey-t-shirt/37031438/02/00","https://media.mango.com/is/image/punto/37031438-02-030?wid=2048&hei=2867&fit=crop","","","S","M","L","XL","XXL","Slim fit striped jersey t-shirt","Current price [Rs. 4,299.00 ]","Rs. 4,299.00","Colours","https://media.mango.com/is/image/punto/37031438-02-020?wid=40","https://media.mango.com/is/image/punto/37031438-07-020?wid=40","","","","","","","","","",""
"https://shop.mango.com/in/en/p/men/t-shirts/knitwear/ribbed-linen-lyocell-blend-t-shirt/37032900/02/00","https://media.mango.com/is/image/punto/37032900-02-002?wid=2048&hei=2867&fit=crop","https://media.mango.com/is/image/punto/37032900-02-001?wid=2048&hei=2867&fit=crop","https://media.mango.com/is/image/punto/37032900-02-003?wid=2048&hei=2867&fit=crop","https://shop.mango.com/in/en/p/men/t-shirts/knitwear/ribbed-linen-lyocell-blend-t-shirt/37032900/02/00","https://media.mango.com/is/image/punto/37032900-02-004?wid=2048&hei=2867&fit=crop","https://media.mango.com/is/image/punto/37032900-02-008?wid=2048&hei=2867&fit=crop","https://media.mango.com/is/image/punto/37032900-02-023?wid=2048&hei=2867&fit=crop","https://media.mango.com/is/image/punto/37032900-02-900?wid=2048&hei=2867&fit=crop","https://shop.mango.com/in/en/p/men/t-shirts/knitwear/ribbed-linen-lyocell-blend-t-shirt/37032900/02/00","https://media.mango.com/is/image/punto/37032900-02-030?wid=2048&hei=2867&fit=crop","","","S","M","L","XL","XXL","Ribbed linen lyocell blend T-shirt","Current price [Rs. 4,499.00 ]","Rs. 4,499.00","Colours","https://media.mango.com/is/image/punto/37032900-02-020?wid=40","https://media.mango.com/is/image/punto/37032900-30-020?wid=40","","","","","","","","","",""
"https://shop.mango.com/in/en/p/men/t-shirts/basics/regular-fit-t-shirt-200gsm/37011433/55/00","https://media.mango.com/is/image/punto/37011433-55-002?wid=2048&hei=2867&fit=crop","https://media.mango.com/is/image/punto/37011433-55-001?wid=2048&hei=2867&fit=crop","https://media.mango.com/is/image/punto/37011433-55-003?wid=2048&hei=2867&fit=crop","https://shop.mango.com/in/en/p/men/t-shirts/basics/regular-fit-t-shirt-200gsm/37011433/55/00","https://media.mango.com/is/image/punto/37011433-55-004?wid=2048&hei=2867&fit=crop","https://media.mango.com/is/image/punto/37011433-55-008?wid=2048&hei=2867&fit=crop","https://media.mango.com/is/image/punto/37011433-55-023?wid=2048&hei=2867&fit=crop","https://media.mango.com/is/image/punto/37011433-55-900?wid=2048&hei=2867&fit=crop","https://shop.mango.com/in/en/p/men/t-shirts/basics/regular-fit-t-shirt-200gsm/37011433/55/00","https://media.mango.com/is/image/punto/37011433-55-030?wid=2048&hei=2867&fit=crop","","","XS","S","M","L","XL","Regular fit T-shirt 200gsm","Current price [Rs. 2,499.00 ]","Rs. 2,499.00","Colours","https://media.mango.com/is/image/punto/37011433-55-020?wid=40","https://media.mango.com/is/image/punto/37011433-99-020?wid=40","XXL","https://media.mango.com/is/image/punto/37011433-45-020?wid=40","https://media.mango.com/is/image/punto/37011433-56-020?wid=40","https://media.mango.com/is/image/punto/37011433-02-020?wid=40","https://media.mango.com/is/image/punto/37011433-04-020?wid=40","https://media.mango.com/is/image/punto/37011433-38-020?wid=40","https://media.mango.com/is/image/punto/37011433-40-020?wid=40","","",""
"https://shop.mango.com/in/en/p/men/t-shirts/basics/relaxed-fit-t-shirt-260gsm/37011431/52/00","https://media.mango.com/is/image/punto/37011431-52-002?wid=2048&hei=2867&fit=crop","https://media.mango.com/is/image/punto/37011431-52-001?wid=2048&hei=2867&fit=crop","https://media.mango.com/is/image/punto/37011431-52-003?wid=2048&hei=2867&fit=crop","https://shop.mango.com/in/en/p/men/t-shirts/basics/relaxed-fit-t-shirt-260gsm/37011431/52/00","https://media.mango.com/is/image/punto/37011431-52-004?wid=2048&hei=2867&fit=crop","https://media.mango.com/is/image/punto/37011431-52-008?wid=2048&hei=2867&fit=crop","https://media.mango.com/is/image/punto/37011431-52-023?wid=2048&hei=2867&fit=crop","https://media.mango.com/is/image/punto/37011431-52-900?wid=2048&hei=2867&fit=crop","https://shop.mango.com/in/en/p/men/t-shirts/basics/relaxed-fit-t-shirt-260gsm/37011431/52/00","https://media.mango.com/is/image/punto/37011431-52-030?wid=2048&hei=2867&fit=crop","","","XS","S","M","L","XL","Relaxed fit T-shirt 260gsm","Current price [Rs. 1,990.00 ]","Rs. 1,990.00","Colours","https://media.mango.com/is/image/punto/37011431-52-020?wid=40","https://media.mango.com/is/image/punto/37011431-99-020?wid=40","XXL","https://media.mango.com/is/image/punto/37011431-56-020?wid=40","https://media.mango.com/is/image/punto/37011431-37-020?wid=40","https://media.mango.com/is/image/punto/37011431-05-020?wid=40","https://media.mango.com/is/image/punto/37011431-07-020?wid=40","https://media.mango.com/is/image/punto/37011431-30-020?wid=40","","","",""
"https://shop.mango.com/in/en/p/men/t-shirts/basics/regular-fit-t-shirt-190gsm/37011436/56/00","https://media.mango.com/is/image/punto/37011436-56-002?wid=2048&hei=2867&fit=crop","https://media.mango.com/is/image/punto/37011436-56-001?wid=2048&hei=2867&fit=crop","https://media.mango.com/is/image/punto/37011436-56-003?wid=2048&hei=2867&fit=crop","https://shop.mango.com/in/en/p/men/t-shirts/basics/regular-fit-t-shirt-190gsm/37011436/56/00","https://media.mango.com/is/image/punto/37011436-56-004?wid=2048&hei=2867&fit=crop","https://media.mango.com/is/image/punto/37011436-56-008?wid=2048&hei=2867&fit=crop","https://media.mango.com/is/image/punto/37011436-56-011?wid=2048&hei=2867&fit=crop","https://media.mango.com/is/image/punto/37011436-56-023?wid=2048&hei=2867&fit=crop","https://shop.mango.com/in/en/p/men/t-shirts/basics/regular-fit-t-shirt-190gsm/37011436/56/00","https://media.mango.com/is/image/punto/37011436-56-900?wid=2048&hei=2867&fit=crop","https://shop.mango.com/in/en/p/men/t-shirts/basics/regular-fit-t-shirt-190gsm/37011436/56/00","https://media.mango.com/is/image/punto/37011436-56-030?wid=2048&hei=2867&fit=crop","XS","S","M","L","XL","Regular fit T-shirt 190gsm","Current price [Rs. 2,299.00 ]","Rs. 2,299.00","Colours","https://media.mango.com/is/image/punto/37011436-56-020?wid=40","https://media.mango.com/is/image/punto/37011436-99-020?wid=40","XXL","https://media.mango.com/is/image/punto/37011436-01-020?wid=40","https://media.mango.com/is/image/punto/37011436-47-020?wid=40","https://media.mango.com/is/image/punto/37011436-06-020?wid=40","https://media.mango.com/is/image/punto/37011436-83-020?wid=40","https://media.mango.com/is/image/punto/37011436-51-020?wid=40","https://media.mango.com/is/image/punto/37011436-30-020?wid=40","","",""
"https://shop.mango.com/in/en/p/men/t-shirts/basics/pack-of-2-stretch-cotton-t-shirts/27041301/99/00","https://media.mango.com/is/image/punto/27041301-99-002?wid=2048&hei=2867&fit=crop","https://media.mango.com/is/image/punto/27041301-99-001?wid=2048&hei=2867&fit=crop","https://media.mango.com/is/image/punto/27041301-99-003?wid=2048&hei=2867&fit=crop","https://shop.mango.com/in/en/p/men/t-shirts/basics/pack-of-2-stretch-cotton-t-shirts/27041301/99/00","https://media.mango.com/is/image/punto/27041301-99-004?wid=2048&hei=2867&fit=crop","https://media.mango.com/is/image/punto/27041301-99-008?wid=2048&hei=2867&fit=crop","https://media.mango.com/is/image/punto/27041301-99-023?wid=2048&hei=2867&fit=crop","https://media.mango.com/is/image/punto/27041301-99-900?wid=2048&hei=2867&fit=crop","https://shop.mango.com/in/en/p/men/t-shirts/basics/pack-of-2-stretch-cotton-t-shirts/27041301/99/00","https://media.mango.com/is/image/punto/27041301-99-030?wid=2048&hei=2867&fit=crop","","","S","M","L","XL","","Pack of 2 stretch cotton t-shirts","Current price [Rs. 2,890.00 ]","Rs. 2,890.00","Colours","https://media.mango.com/is/image/punto/27041301-99-020?wid=40","https://media.mango.com/is/image/punto/27041301-01-020?wid=40","","","","","","","","2 PACK - LIGHTWEIGHT","",""
"https://shop.mango.com/in/en/p/men/t-shirts/basics/regular-fit-t-shirt-200gsm/37011433/45/00","https://media.mango.com/is/image/punto/37011433-45-002?wid=2048&hei=2867&fit=crop","https://media.mango.com/is/image/punto/37011433-45-001?wid=2048&hei=2867&fit=crop","https://media.mango.com/is/image/punto/37011433-45-003?wid=2048&hei=2867&fit=crop","https://shop.mango.com/in/en/p/men/t-shirts/basics/regular-fit-t-shirt-200gsm/37011433/45/00","https://media.mango.com/is/image/punto/37011433-45-004?wid=2048&hei=2867&fit=crop","https://media.mango.com/is/image/punto/37011433-45-008?wid=2048&hei=2867&fit=crop","https://media.mango.com/is/image/punto/37011433-45-011?wid=2048&hei=2867&fit=crop","https://media.mango.com/is/image/punto/37011433-45-023?wid=2048&hei=2867&fit=crop","https://shop.mango.com/in/en/p/men/t-shirts/basics/regular-fit-t-shirt-200gsm/37011433/45/00","https://media.mango.com/is/image/punto/37011433-45-900?wid=2048&hei=2867&fit=crop","https://shop.mango.com/in/en/p/men/t-shirts/basics/regular-fit-t-shirt-200gsm/37011433/45/00","https://media.mango.com/is/image/punto/37011433-45-030?wid=2048&hei=2867&fit=crop","XS","S","M","L","XL","Regular fit T-shirt 200gsm","Current price [Rs. 2,499.00 ]","Rs. 2,499.00","Colours","https://media.mango.com/is/image/punto/37011433-45-020?wid=40","https://media.mango.com/is/image/punto/37011433-55-020?wid=40","XXL","https://media.mango.com/is/image/punto/37011433-99-020?wid=40","https://media.mango.com/is/image/punto/37011433-56-020?wid=40","https://media.mango.com/is/image/punto/37011433-02-020?wid=40","https://media.mango.com/is/image/punto/37011433-04-020?wid=40","https://media.mango.com/is/image/punto/37011433-38-020?wid=40","https://media.mango.com/is/image/punto/37011433-40-020?wid=40","","",""
"https://shop.mango.com/in/en/p/men/t-shirts/basics/linen-blend-slim-fit-t-shirt/37011435/01/00","https://media.mango.com/is/image/punto/37011435-01-002?wid=2048&hei=2867&fit=crop","https://media.mango.com/is/image/punto/37011435-01-001?wid=2048&hei=2867&fit=crop","https://media.mango.com/is/image/punto/37011435-01-003?wid=2048&hei=2867&fit=crop","https://shop.mango.com/in/en/p/men/t-shirts/basics/linen-blend-slim-fit-t-shirt/37011435/01/00","https://media.mango.com/is/image/punto/37011435-01-004?wid=2048&hei=2867&fit=crop","https://media.mango.com/is/image/punto/37011435-01-008?wid=2048&hei=2867&fit=crop","https://media.mango.com/is/image/punto/37011435-01-023?wid=2048&hei=2867&fit=crop","https://media.mango.com/is/image/punto/37011435-01-900?wid=2048&hei=2867&fit=crop","https://shop.mango.com/in/en/p/men/t-shirts/basics/linen-blend-slim-fit-t-shirt/37011435/01/00","https://media.mango.com/is/image/punto/37011435-01-030?wid=2048&hei=2867&fit=crop","","","XS","S","M","L","XL","Linen blend slim fit T-shirt","Current price [Rs. 3,899.00 ]","Rs. 3,899.00","Colours","https://media.mango.com/is/image/punto/37011435-01-020?wid=40","https://media.mango.com/is/image/punto/37011435-44-020?wid=40","XXL","https://media.mango.com/is/image/punto/37011435-56-020?wid=40","https://media.mango.com/is/image/punto/37011435-04-020?wid=40","https://media.mango.com/is/image/punto/37011435-50-020?wid=40","","","","","",""
"https://shop.mango.com/in/en/p/men/t-shirts/printed/100-cotton-printed-t-shirt/37062910/01/00","https://media.mango.com/is/image/punto/37062910-01-002?wid=2048&hei=2867&fit=crop","https://media.mango.com/is/image/punto/37062910-01-001?wid=2048&hei=2867&fit=crop","https://media.mango.com/is/image/punto/37062910-01-003?wid=2048&hei=2867&fit=crop","https://shop.mango.com/in/en/p/men/t-shirts/printed/100-cotton-printed-t-shirt/37062910/01/00","https://media.mango.com/is/image/punto/37062910-01-004?wid=2048&hei=2867&fit=crop","https://media.mango.com/is/image/punto/37062910-01-008?wid=2048&hei=2867&fit=crop","https://media.mango.com/is/image/punto/37062910-01-023?wid=2048&hei=2867&fit=crop","https://media.mango.com/is/image/punto/37062910-01-900?wid=2048&hei=2867&fit=crop","https://shop.mango.com/in/en/p/men/t-shirts/printed/100-cotton-printed-t-shirt/37062910/01/00","https://media.mango.com/is/image/punto/37062910-01-030?wid=2048&hei=2867&fit=crop","","","S","M","L","XL","XXL","100% cotton printed t-shirt","Current price [Rs. 2,999.00 ]","Rs. 2,999.00","","","","","","","","","","","","",""
"https://shop.mango.com/in/en/p/men/t-shirts/linen/regular-fit-cotton-linen-blend-t-shirt/37092902/02/00","https://media.mango.com/is/image/punto/37092902-02-004?wid=2048&hei=2867&fit=crop","https://media.mango.com/is/image/punto/37092902-02-001?wid=2048&hei=2867&fit=crop","https://media.mango.com/is/image/punto/37092902-02-002?wid=2048&hei=2867&fit=crop","https://shop.mango.com/in/en/p/men/t-shirts/linen/regular-fit-cotton-linen-blend-t-shirt/37092902/02/00","https://media.mango.com/is/image/punto/37092902-02-003?wid=2048&hei=2867&fit=crop","https://media.mango.com/is/image/punto/37092902-02-008?wid=2048&hei=2867&fit=crop","https://media.mango.com/is/image/punto/37092902-02-023?wid=2048&hei=2867&fit=crop","https://media.mango.com/is/image/punto/37092902-02-900?wid=2048&hei=2867&fit=crop","https://shop.mango.com/in/en/p/men/t-shirts/linen/regular-fit-cotton-linen-blend-t-shirt/37092902/02/00","https://media.mango.com/is/image/punto/37092902-02-030?wid=2048&hei=2867&fit=crop","","","S","M","L","XL","XXL","Regular fit cotton-linen blend T-shirt","Current price [Rs. 3,299.00 ]","Rs. 3,299.00","Colours","https://media.mango.com/is/image/punto/37092902-02-020?wid=40","https://media.mango.com/is/image/punto/37092902-32-020?wid=40","","","","","","","","","",""
"https://shop.mango.com/in/en/p/men/t-shirts/printed/100-cotton-printed-t-shirt/37052913/08/00","https://media.mango.com/is/image/punto/37052913-08-002?wid=2048&hei=2867&fit=crop","https://media.mango.com/is/image/punto/37052913-08-001?wid=2048&hei=2867&fit=crop","https://media.mango.com/is/image/punto/37052913-08-003?wid=2048&hei=2867&fit=crop","https://shop.mango.com/in/en/p/men/t-shirts/printed/100-cotton-printed-t-shirt/37052913/08/00","https://media.mango.com/is/image/punto/37052913-08-004?wid=2048&hei=2867&fit=crop","https://media.mango.com/is/image/punto/37052913-08-008?wid=2048&hei=2867&fit=crop","https://media.mango.com/is/image/punto/37052913-08-023?wid=2048&hei=2867&fit=crop","https://media.mango.com/is/image/punto/37052913-08-900?wid=2048&hei=2867&fit=crop","https://shop.mango.com/in/en/p/men/t-shirts/printed/100-cotton-printed-t-shirt/37052913/08/00","https://media.mango.com/is/image/punto/37052913-08-030?wid=2048&hei=2867&fit=crop","","","S","M","L","XL","XXL","100% cotton printed t-shirt","Current price [Rs. 3,299.00 ]","Rs. 3,299.00","","","","","","","","","","","","",""
"https://shop.mango.com/in/en/p/men/t-shirts/basics/linen-blend-slim-fit-t-shirt/37011435/56/00","https://media.mango.com/is/image/punto/37011435-56-002?wid=2048&hei=2867&fit=crop","https://media.mango.com/is/image/punto/37011435-56-001?wid=2048&hei=2867&fit=crop","https://media.mango.com/is/image/punto/37011435-56-003?wid=2048&hei=2867&fit=crop","https://shop.mango.com/in/en/p/men/t-shirts/basics/linen-blend-slim-fit-t-shirt/37011435/56/00","https://media.mango.com/is/image/punto/37011435-56-004?wid=2048&hei=2867&fit=crop","https://media.mango.com/is/image/punto/37011435-56-008?wid=2048&hei=2867&fit=crop","https://media.mango.com/is/image/punto/37011435-56-023?wid=2048&hei=2867&fit=crop","https://media.mango.com/is/image/punto/37011435-56-900?wid=2048&hei=2867&fit=crop","https://shop.mango.com/in/en/p/men/t-shirts/basics/linen-blend-slim-fit-t-shirt/37011435/56/00","https://media.mango.com/is/image/punto/37011435-56-030?wid=2048&hei=2867&fit=crop","","","XS","S","M","L","XL","Linen blend slim fit T-shirt","Current price [Rs. 3,899.00 ]","Rs. 3,899.00","Colours","https://media.mango.com/is/image/punto/37011435-56-020?wid=40","https://media.mango.com/is/image/punto/37011435-44-020?wid=40","XXL","https://media.mango.com/is/image/punto/37011435-01-020?wid=40","https://media.mango.com/is/image/punto/37011435-04-020?wid=40","https://media.mango.com/is/image/punto/37011435-50-020?wid=40","","","","","",""
"https://shop.mango.com/in/en/p/men/t-shirts/basics/slim-fit-t-shirt-180gsm/37081426/99/00","https://media.mango.com/is/image/punto/37081426-99-002?wid=2048&hei=2867&fit=crop","https://media.mango.com/is/image/punto/37081426-99-001?wid=2048&hei=2867&fit=crop","https://media.mango.com/is/image/punto/37081426-99-003?wid=2048&hei=2867&fit=crop","https://shop.mango.com/in/en/p/men/t-shirts/basics/slim-fit-t-shirt-180gsm/37081426/99/00","https://media.mango.com/is/image/punto/37081426-99-004?wid=2048&hei=2867&fit=crop","https://media.mango.com/is/image/punto/37081426-99-008?wid=2048&hei=2867&fit=crop","https://media.mango.com/is/image/punto/37081426-99-023?wid=2048&hei=2867&fit=crop","https://media.mango.com/is/image/punto/37081426-99-900?wid=2048&hei=2867&fit=crop","https://shop.mango.com/in/en/p/men/t-shirts/basics/slim-fit-t-shirt-180gsm/37081426/99/00","https://media.mango.com/is/image/punto/37081426-99-030?wid=2048&hei=2867&fit=crop","","","XS","S","M","L","XL","Slim fit T-shirt 180gsm","Current price [Rs. 1,290.00 ]","Rs. 1,290.00","Colours","https://media.mango.com/is/image/punto/37081426-99-020?wid=40","https://media.mango.com/is/image/punto/37081426-01-020?wid=40","XXL","https://media.mango.com/is/image/punto/37081426-45-020?wid=40","https://media.mango.com/is/image/punto/37081426-56-020?wid=40","https://media.mango.com/is/image/punto/37081426-37-020?wid=40","https://media.mango.com/is/image/punto/37081426-07-020?wid=40","","","Online Exclusive","",""
"https://shop.mango.com/in/en/p/men/t-shirts/basics/slim-fit-t-shirt-180gsm/37081426/01/00","https://media.mango.com/is/image/punto/37081426-01-002?wid=2048&hei=2867&fit=crop","https://media.mango.com/is/image/punto/37081426-01-001?wid=2048&hei=2867&fit=crop","https://media.mango.com/is/image/punto/37081426-01-003?wid=2048&hei=2867&fit=crop","https://shop.mango.com/in/en/p/men/t-shirts/basics/slim-fit-t-shirt-180gsm/37081426/01/00","https://media.mango.com/is/image/punto/37081426-01-004?wid=2048&hei=2867&fit=crop","https://media.mango.com/is/image/punto/37081426-01-008?wid=2048&hei=2867&fit=crop","https://media.mango.com/is/image/punto/37081426-01-011?wid=2048&hei=2867&fit=crop","https://media.mango.com/is/image/punto/37081426-01-023?wid=2048&hei=2867&fit=crop","https://shop.mango.com/in/en/p/men/t-shirts/basics/slim-fit-t-shirt-180gsm/37081426/01/00","https://media.mango.com/is/image/punto/37081426-01-900?wid=2048&hei=2867&fit=crop","https://shop.mango.com/in/en/p/men/t-shirts/basics/slim-fit-t-shirt-180gsm/37081426/01/00","https://media.mango.com/is/image/punto/37081426-01-030?wid=2048&hei=2867&fit=crop","XS","S","M","L","XL","Slim fit T-shirt 180gsm","Current price [Rs. 1,290.00 ]","Rs. 1,290.00","Colours","https://media.mango.com/is/image/punto/37081426-01-020?wid=40","https://media.mango.com/is/image/punto/37081426-99-020?wid=40","XXL","https://media.mango.com/is/image/punto/37081426-45-020?wid=40","https://media.mango.com/is/image/punto/37081426-56-020?wid=40","https://media.mango.com/is/image/punto/37081426-37-020?wid=40","https://media.mango.com/is/image/punto/37081426-07-020?wid=40","","","Online Exclusive","",""
"https://shop.mango.com/in/en/p/men/t-shirts/basics/regular-fit-t-shirt-200gsm/37011433/56/00","https://media.mango.com/is/image/punto/37011433-56-002?wid=2048&hei=2867&fit=crop","https://media.mango.com/is/image/punto/37011433-56-001?wid=2048&hei=2867&fit=crop","https://media.mango.com/is/image/punto/37011433-56-003?wid=2048&hei=2867&fit=crop","https://shop.mango.com/in/en/p/men/t-shirts/basics/regular-fit-t-shirt-200gsm/37011433/56/00","https://media.mango.com/is/image/punto/37011433-56-004?wid=2048&hei=2867&fit=crop","https://media.mango.com/is/image/punto/37011433-56-008?wid=2048&hei=2867&fit=crop","https://media.mango.com/is/image/punto/37011433-56-011?wid=2048&hei=2867&fit=crop","https://media.mango.com/is/image/punto/37011433-56-023?wid=2048&hei=2867&fit=crop","https://shop.mango.com/in/en/p/men/t-shirts/basics/regular-fit-t-shirt-200gsm/37011433/56/00","https://media.mango.com/is/image/punto/37011433-56-900?wid=2048&hei=2867&fit=crop","https://shop.mango.com/in/en/p/men/t-shirts/basics/regular-fit-t-shirt-200gsm/37011433/56/00","https://media.mango.com/is/image/punto/37011433-56-030?wid=2048&hei=2867&fit=crop","XS","S","M","L","XL","Regular fit T-shirt 200gsm","Current price [Rs. 2,499.00 ]","Rs. 2,499.00","Colours","https://media.mango.com/is/image/punto/37011433-56-020?wid=40","https://media.mango.com/is/image/punto/37011433-55-020?wid=40","XXL","https://media.mango.com/is/image/punto/37011433-99-020?wid=40","https://media.mango.com/is/image/punto/37011433-45-020?wid=40","https://media.mango.com/is/image/punto/37011433-02-020?wid=40","https://media.mango.com/is/image/punto/37011433-04-020?wid=40","https://media.mango.com/is/image/punto/37011433-38-020?wid=40","https://media.mango.com/is/image/punto/37011433-40-020?wid=40","","",""
"https://shop.mango.com/in/en/p/men/t-shirts/basics/regular-fit-t-shirt-190gsm/37011436/30/00","https://media.mango.com/is/image/punto/37011436-30-002?wid=2048&hei=2867&fit=crop","https://media.mango.com/is/image/punto/37011436-30-001?wid=2048&hei=2867&fit=crop","https://media.mango.com/is/image/punto/37011436-30-003?wid=2048&hei=2867&fit=crop","https://shop.mango.com/in/en/p/men/t-shirts/basics/regular-fit-t-shirt-190gsm/37011436/30/00","https://media.mango.com/is/image/punto/37011436-30-004?wid=2048&hei=2867&fit=crop","https://media.mango.com/is/image/punto/37011436-30-008?wid=2048&hei=2867&fit=crop","https://media.mango.com/is/image/punto/37011436-30-011?wid=2048&hei=2867&fit=crop","https://media.mango.com/is/image/punto/37011436-30-023?wid=2048&hei=2867&fit=crop","https://shop.mango.com/in/en/p/men/t-shirts/basics/regular-fit-t-shirt-190gsm/37011436/30/00","https://media.mango.com/is/image/punto/37011436-30-900?wid=2048&hei=2867&fit=crop","https://shop.mango.com/in/en/p/men/t-shirts/basics/regular-fit-t-shirt-190gsm/37011436/30/00","https://media.mango.com/is/image/punto/37011436-30-030?wid=2048&hei=2867&fit=crop","XS","S","M","L","XL","Regular fit T-shirt 190gsm","Current price [Rs. 2,299.00 ]","Rs. 2,299.00","Colours","https://media.mango.com/is/image/punto/37011436-30-020?wid=40","https://media.mango.com/is/image/punto/37011436-99-020?wid=40","XXL","https://media.mango.com/is/image/punto/37011436-01-020?wid=40","https://media.mango.com/is/image/punto/37011436-56-020?wid=40","https://media.mango.com/is/image/punto/37011436-47-020?wid=40","https://media.mango.com/is/image/punto/37011436-06-020?wid=40","https://media.mango.com/is/image/punto/37011436-83-020?wid=40","https://media.mango.com/is/image/punto/37011436-51-020?wid=40","","",""
"https://shop.mango.com/in/en/p/men/t-shirts/basics/regular-fit-t-shirt-190gsm/37011436/83/00","https://media.mango.com/is/image/punto/37011436-83-002?wid=2048&hei=2867&fit=crop","https://media.mango.com/is/image/punto/37011436-83-001?wid=2048&hei=2867&fit=crop","https://media.mango.com/is/image/punto/37011436-83-003?wid=2048&hei=2867&fit=crop","https://shop.mango.com/in/en/p/men/t-shirts/basics/regular-fit-t-shirt-190gsm/37011436/83/00","https://media.mango.com/is/image/punto/37011436-83-004?wid=2048&hei=2867&fit=crop","https://media.mango.com/is/image/punto/37011436-83-008?wid=2048&hei=2867&fit=crop","https://media.mango.com/is/image/punto/37011436-83-023?wid=2048&hei=2867&fit=crop","https://media.mango.com/is/image/punto/37011436-83-900?wid=2048&hei=2867&fit=crop","https://shop.mango.com/in/en/p/men/t-shirts/basics/regular-fit-t-shirt-190gsm/37011436/83/00","https://media.mango.com/is/image/punto/37011436-83-030?wid=2048&hei=2867&fit=crop","","","XS","S","M","L","XL","Regular fit T-shirt 190gsm","Current price [Rs. 2,299.00 ]","Rs. 2,299.00","Colours","https://media.mango.com/is/image/punto/37011436-83-020?wid=40","https://media.mango.com/is/image/punto/37011436-99-020?wid=40","XXL","https://media.mango.com/is/image/punto/37011436-01-020?wid=40","https://media.mango.com/is/image/punto/37011436-56-020?wid=40","https://media.mango.com/is/image/punto/37011436-47-020?wid=40","https://media.mango.com/is/image/punto/37011436-06-020?wid=40","https://media.mango.com/is/image/punto/37011436-51-020?wid=40","https://media.mango.com/is/image/punto/37011436-30-020?wid=40","","",""
"https://shop.mango.com/in/en/p/men/t-shirts/printed/100-cotton-printed-t-shirt/37014472/52/00","https://media.mango.com/is/image/punto/37014472-52-900?wid=2048&hei=2867&fit=crop","https://media.mango.com/is/image/punto/37014472-52-023?wid=2048&hei=2867&fit=crop","https://media.mango.com/is/image/punto/37014472-52-030?wid=2048&hei=2867&fit=crop","","","","","","","","","","S","M","L","XL","XXL","100% cotton printed t-shirt","Current price [Rs. 3,299.00 ]","Rs. 3,299.00","","","","","","","","","","","","",""
"https://shop.mango.com/in/en/p/men/t-shirts/knitwear/ribbed-linen-lyocell-blend-t-shirt/37032900/30/00","https://media.mango.com/is/image/punto/37032900-30-002?wid=2048&hei=2867&fit=crop","https://media.mango.com/is/image/punto/37032900-30-001?wid=2048&hei=2867&fit=crop","https://media.mango.com/is/image/punto/37032900-30-003?wid=2048&hei=2867&fit=crop","https://shop.mango.com/in/en/p/men/t-shirts/knitwear/ribbed-linen-lyocell-blend-t-shirt/37032900/30/00","https://media.mango.com/is/image/punto/37032900-30-004?wid=2048&hei=2867&fit=crop","https://media.mango.com/is/image/punto/37032900-30-008?wid=2048&hei=2867&fit=crop","https://media.mango.com/is/image/punto/37032900-30-023?wid=2048&hei=2867&fit=crop","https://media.mango.com/is/image/punto/37032900-30-900?wid=2048&hei=2867&fit=crop","https://shop.mango.com/in/en/p/men/t-shirts/knitwear/ribbed-linen-lyocell-blend-t-shirt/37032900/30/00","https://media.mango.com/is/image/punto/37032900-30-030?wid=2048&hei=2867&fit=crop","","","S","M","L","XL","XXL","Ribbed linen lyocell blend T-shirt","Current price [Rs. 4,499.00 ]","Rs. 4,499.00","Colours","https://media.mango.com/is/image/punto/37032900-30-020?wid=40","https://media.mango.com/is/image/punto/37032900-02-020?wid=40","","","","","","","","","",""
"https://shop.mango.com/in/en/p/men/t-shirts/basics/relaxed-fit-t-shirt-260gsm/37011431/07/00","https://media.mango.com/is/image/punto/37011431-07-002?wid=2048&hei=2867&fit=crop","https://media.mango.com/is/image/punto/37011431-07-001?wid=2048&hei=2867&fit=crop","https://media.mango.com/is/image/punto/37011431-07-003?wid=2048&hei=2867&fit=crop","https://shop.mango.com/in/en/p/men/t-shirts/basics/relaxed-fit-t-shirt-260gsm/37011431/07/00","https://media.mango.com/is/image/punto/37011431-07-004?wid=2048&hei=2867&fit=crop","https://media.mango.com/is/image/punto/37011431-07-008?wid=2048&hei=2867&fit=crop","https://media.mango.com/is/image/punto/37011431-07-011?wid=2048&hei=2867&fit=crop","https://media.mango.com/is/image/punto/37011431-07-023?wid=2048&hei=2867&fit=crop","https://shop.mango.com/in/en/p/men/t-shirts/basics/relaxed-fit-t-shirt-260gsm/37011431/07/00","https://media.mango.com/is/image/punto/37011431-07-900?wid=2048&hei=2867&fit=crop","https://shop.mango.com/in/en/p/men/t-shirts/basics/relaxed-fit-t-shirt-260gsm/37011431/07/00","https://media.mango.com/is/image/punto/37011431-07-030?wid=2048&hei=2867&fit=crop","XS","S","M","L","XL","Relaxed fit T-shirt 260gsm","Current price [Rs. 1,990.00 ]","Rs. 1,990.00","Colours","https://media.mango.com/is/image/punto/37011431-07-020?wid=40","https://media.mango.com/is/image/punto/37011431-99-020?wid=40","XXL","https://media.mango.com/is/image/punto/37011431-56-020?wid=40","https://media.mango.com/is/image/punto/37011431-37-020?wid=40","https://media.mango.com/is/image/punto/37011431-05-020?wid=40","https://media.mango.com/is/image/punto/37011431-30-020?wid=40","https://media.mango.com/is/image/punto/37011431-52-020?wid=40","","","",""
"https://shop.mango.com/in/en/p/men/t-shirts/linen/regular-fit-cotton-linen-blend-t-shirt/37092902/32/00","https://media.mango.com/is/image/punto/37092902-32-002?wid=2048&hei=2867&fit=crop","https://media.mango.com/is/image/punto/37092902-32-001?wid=2048&hei=2867&fit=crop","https://media.mango.com/is/image/punto/37092902-32-003?wid=2048&hei=2867&fit=crop","https://shop.mango.com/in/en/p/men/t-shirts/linen/regular-fit-cotton-linen-blend-t-shirt/37092902/32/00","https://media.mango.com/is/image/punto/37092902-32-004?wid=2048&hei=2867&fit=crop","https://media.mango.com/is/image/punto/37092902-32-008?wid=2048&hei=2867&fit=crop","https://media.mango.com/is/image/punto/37092902-32-023?wid=2048&hei=2867&fit=crop","https://media.mango.com/is/image/punto/37092902-32-900?wid=2048&hei=2867&fit=crop","https://shop.mango.com/in/en/p/men/t-shirts/linen/regular-fit-cotton-linen-blend-t-shirt/37092902/32/00","https://media.mango.com/is/image/punto/37092902-32-030?wid=2048&hei=2867&fit=crop","","","S","M","L","XL","XXL","Regular fit cotton-linen blend T-shirt","Current price [Rs. 3,299.00 ]","Rs. 3,299.00","Colours","https://media.mango.com/is/image/punto/37092902-32-020?wid=40","https://media.mango.com/is/image/punto/37092902-02-020?wid=40","","","","","","","","","",""
"https://shop.mango.com/in/en/p/men/t-shirts/printed/100-cotton-t-shirt-with-drawing/37061463/01/00","https://media.mango.com/is/image/punto/37061463-01-003?wid=2048&hei=2867&fit=crop","https://media.mango.com/is/image/punto/37061463-01-001?wid=2048&hei=2867&fit=crop","https://media.mango.com/is/image/punto/37061463-01-002?wid=2048&hei=2867&fit=crop","https://shop.mango.com/in/en/p/men/t-shirts/printed/100-cotton-t-shirt-with-drawing/37061463/01/00","https://media.mango.com/is/image/punto/37061463-01-004?wid=2048&hei=2867&fit=crop","https://media.mango.com/is/image/punto/37061463-01-008?wid=2048&hei=2867&fit=crop","https://media.mango.com/is/image/punto/37061463-01-023?wid=2048&hei=2867&fit=crop","https://media.mango.com/is/image/punto/37061463-01-900?wid=2048&hei=2867&fit=crop","https://shop.mango.com/in/en/p/men/t-shirts/printed/100-cotton-t-shirt-with-drawing/37061463/01/00","https://media.mango.com/is/image/punto/37061463-01-030?wid=2048&hei=2867&fit=crop","","","S","M","L","XL","XXL","100% cotton t-shirt with drawing","Current price [Rs. 2,999.00 ]","Rs. 2,999.00","","","","","","","","","","","","",""
"https://shop.mango.com/in/en/p/men/t-shirts/slim-fit/slim-fit-cotton-tank-top/37031437/02/00","https://media.mango.com/is/image/punto/37031437-02-002?wid=2048&hei=2867&fit=crop","https://media.mango.com/is/image/punto/37031437-02-001?wid=2048&hei=2867&fit=crop","https://media.mango.com/is/image/punto/37031437-02-003?wid=2048&hei=2867&fit=crop","https://shop.mango.com/in/en/p/men/t-shirts/slim-fit/slim-fit-cotton-tank-top/37031437/02/00","https://media.mango.com/is/image/punto/37031437-02-004?wid=2048&hei=2867&fit=crop","https://media.mango.com/is/image/punto/37031437-02-008?wid=2048&hei=2867&fit=crop","https://media.mango.com/is/image/punto/37031437-02-023?wid=2048&hei=2867&fit=crop","https://media.mango.com/is/image/punto/37031437-02-900?wid=2048&hei=2867&fit=crop","https://shop.mango.com/in/en/p/men/t-shirts/slim-fit/slim-fit-cotton-tank-top/37031437/02/00","https://media.mango.com/is/image/punto/37031437-02-030?wid=2048&hei=2867&fit=crop","","","S","M","L","XL","","Slim-fit cotton tank top","Current price [Rs. 2,299.00 ]","Rs. 2,299.00","","","","","","","","","","","","",""
"https://shop.mango.com/in/en/p/men/t-shirts/knitwear/100-cotton-fine-jersey-t-shirt/37081435/40/00","https://media.mango.com/is/image/punto/37081435-40-002?wid=2048&hei=2867&fit=crop","https://media.mango.com/is/image/punto/37081435-40-001?wid=2048&hei=2867&fit=crop","https://media.mango.com/is/image/punto/37081435-40-003?wid=2048&hei=2867&fit=crop","https://shop.mango.com/in/en/p/men/t-shirts/knitwear/100-cotton-fine-jersey-t-shirt/37081435/40/00","https://media.mango.com/is/image/punto/37081435-40-004?wid=2048&hei=2867&fit=crop","https://media.mango.com/is/image/punto/37081435-40-008?wid=2048&hei=2867&fit=crop","https://media.mango.com/is/image/punto/37081435-40-011?wid=2048&hei=2867&fit=crop","https://media.mango.com/is/image/punto/37081435-40-023?wid=2048&hei=2867&fit=crop","https://shop.mango.com/in/en/p/men/t-shirts/knitwear/100-cotton-fine-jersey-t-shirt/37081435/40/00","https://media.mango.com/is/image/punto/37081435-40-900?wid=2048&hei=2867&fit=crop","https://shop.mango.com/in/en/p/men/t-shirts/knitwear/100-cotton-fine-jersey-t-shirt/37081435/40/00","https://media.mango.com/is/image/punto/37081435-40-030?wid=2048&hei=2867&fit=crop","S","M","L","XL","XXL","100% cotton fine jersey T-shirt","Current price [Rs. 3,299.00 ]","Rs. 3,299.00","Colours","https://media.mango.com/is/image/punto/37081435-40-020?wid=40","https://media.mango.com/is/image/punto/37031439-99-020?wid=40","","https://media.mango.com/is/image/punto/37081435-02-020?wid=40","https://media.mango.com/is/image/punto/37081435-57-020?wid=40","https://media.mango.com/is/image/punto/37081435-07-020?wid=40","","","","","",""
"https://shop.mango.com/in/en/p/men/t-shirts/printed/slim-fit-striped-jersey-t-shirt/37031438/07/00","https://media.mango.com/is/image/punto/37031438-07-002?wid=2048&hei=2867&fit=crop","https://media.mango.com/is/image/punto/37031438-07-001?wid=2048&hei=2867&fit=crop","https://media.mango.com/is/image/punto/37031438-07-003?wid=2048&hei=2867&fit=crop","https://shop.mango.com/in/en/p/men/t-shirts/printed/slim-fit-striped-jersey-t-shirt/37031438/07/00","https://media.mango.com/is/image/punto/37031438-07-004?wid=2048&hei=2867&fit=crop","https://media.mango.com/is/image/punto/37031438-07-008?wid=2048&hei=2867&fit=crop","https://media.mango.com/is/image/punto/37031438-07-023?wid=2048&hei=2867&fit=crop","https://media.mango.com/is/image/punto/37031438-07-900?wid=2048&hei=2867&fit=crop","https://shop.mango.com/in/en/p/men/t-shirts/printed/slim-fit-striped-jersey-t-shirt/37031438/07/00","https://media.mango.com/is/image/punto/37031438-07-030?wid=2048&hei=2867&fit=crop","","","S","M","L","XL","XXL","Slim fit striped jersey t-shirt","Current price [Rs. 4,299.00 ]","Rs. 4,299.00","Colours","https://media.mango.com/is/image/punto/37031438-07-020?wid=40","https://media.mango.com/is/image/punto/37031438-02-020?wid=40","","","","","","","","","",""
"https://shop.mango.com/in/en/p/men/t-shirts/basics/regular-fit-t-shirt-190gsm/37011436/99/00","https://media.mango.com/is/image/punto/37011436-99-002?wid=2048&hei=2867&fit=crop","https://media.mango.com/is/image/punto/37011436-99-001?wid=2048&hei=2867&fit=crop","https://media.mango.com/is/image/punto/37011436-99-003?wid=2048&hei=2867&fit=crop","https://shop.mango.com/in/en/p/men/t-shirts/basics/regular-fit-t-shirt-190gsm/37011436/99/00","https://media.mango.com/is/image/punto/37011436-99-004?wid=2048&hei=2867&fit=crop","https://media.mango.com/is/image/punto/37011436-99-008?wid=2048&hei=2867&fit=crop","https://media.mango.com/is/image/punto/37011436-99-011?wid=2048&hei=2867&fit=crop","https://media.mango.com/is/image/punto/37011436-99-023?wid=2048&hei=2867&fit=crop","https://shop.mango.com/in/en/p/men/t-shirts/basics/regular-fit-t-shirt-190gsm/37011436/99/00","https://media.mango.com/is/image/punto/37011436-99-900?wid=2048&hei=2867&fit=crop","https://shop.mango.com/in/en/p/men/t-shirts/basics/regular-fit-t-shirt-190gsm/37011436/99/00","https://media.mango.com/is/image/punto/37011436-99-030?wid=2048&hei=2867&fit=crop","XS","S","M","L","XL","Regular fit T-shirt 190gsm","Current price [Rs. 2,299.00 ]","Rs. 2,299.00","Colours","https://media.mango.com/is/image/punto/37011436-99-020?wid=40","https://media.mango.com/is/image/punto/37011436-01-020?wid=40","XXL","https://media.mango.com/is/image/punto/37011436-56-020?wid=40","https://media.mango.com/is/image/punto/37011436-47-020?wid=40","https://media.mango.com/is/image/punto/37011436-06-020?wid=40","https://media.mango.com/is/image/punto/37011436-83-020?wid=40","https://media.mango.com/is/image/punto/37011436-51-020?wid=40","https://media.mango.com/is/image/punto/37011436-30-020?wid=40","","",""
"https://shop.mango.com/in/en/p/men/t-shirts/basics/regular-fit-t-shirt-190gsm/37011436/51/00","https://media.mango.com/is/image/punto/37011436-51-002?wid=2048&hei=2867&fit=crop","https://media.mango.com/is/image/punto/37011436-51-001?wid=2048&hei=2867&fit=crop","https://media.mango.com/is/image/punto/37011436-51-003?wid=2048&hei=2867&fit=crop","https://shop.mango.com/in/en/p/men/t-shirts/basics/regular-fit-t-shirt-190gsm/37011436/51/00","https://media.mango.com/is/image/punto/37011436-51-004?wid=2048&hei=2867&fit=crop","https://media.mango.com/is/image/punto/37011436-51-008?wid=2048&hei=2867&fit=crop","https://media.mango.com/is/image/punto/37011436-51-011?wid=2048&hei=2867&fit=crop","https://media.mango.com/is/image/punto/37011436-51-023?wid=2048&hei=2867&fit=crop","https://shop.mango.com/in/en/p/men/t-shirts/basics/regular-fit-t-shirt-190gsm/37011436/51/00","https://media.mango.com/is/image/punto/37011436-51-900?wid=2048&hei=2867&fit=crop","https://shop.mango.com/in/en/p/men/t-shirts/basics/regular-fit-t-shirt-190gsm/37011436/51/00","https://media.mango.com/is/image/punto/37011436-51-030?wid=2048&hei=2867&fit=crop","XS","S","M","L","XL","Regular fit T-shirt 190gsm","Current price [Rs. 2,299.00 ]","Rs. 2,299.00","Colours","https://media.mango.com/is/image/punto/37011436-51-020?wid=40","https://media.mango.com/is/image/punto/37011436-99-020?wid=40","XXL","https://media.mango.com/is/image/punto/37011436-01-020?wid=40","https://media.mango.com/is/image/punto/37011436-56-020?wid=40","https://media.mango.com/is/image/punto/37011436-47-020?wid=40","https://media.mango.com/is/image/punto/37011436-06-020?wid=40","https://media.mango.com/is/image/punto/37011436-83-020?wid=40","https://media.mango.com/is/image/punto/37011436-30-020?wid=40","","",""
"https://shop.mango.com/in/en/p/men/t-shirts/printed/100-cotton-t-shirt-with-embroidered-detail/37041465/40/00","https://media.mango.com/is/image/punto/37041465-40-002?wid=2048&hei=2867&fit=crop","https://media.mango.com/is/image/punto/37041465-40-001?wid=2048&hei=2867&fit=crop","https://media.mango.com/is/image/punto/37041465-40-003?wid=2048&hei=2867&fit=crop","https://shop.mango.com/in/en/p/men/t-shirts/printed/100-cotton-t-shirt-with-embroidered-detail/37041465/40/00","https://media.mango.com/is/image/punto/37041465-40-004?wid=2048&hei=2867&fit=crop","https://media.mango.com/is/image/punto/37041465-40-008?wid=2048&hei=2867&fit=crop","https://media.mango.com/is/image/punto/37041465-40-023?wid=2048&hei=2867&fit=crop","https://media.mango.com/is/image/punto/37041465-40-900?wid=2048&hei=2867&fit=crop","https://shop.mango.com/in/en/p/men/t-shirts/printed/100-cotton-t-shirt-with-embroidered-detail/37041465/40/00","https://media.mango.com/is/image/punto/37041465-40-030?wid=2048&hei=2867&fit=crop","","","S","M","L","XL","XXL","100% cotton t-shirt with embroidered detail","Current price [Rs. 2,999.00 ]","Rs. 2,999.00","","","","","","","","","","","","",""
"https://shop.mango.com/in/en/p/men/t-shirts/printed/100-cotton-t-shirt-with-embroidered-detail/37041466/01/00","https://media.mango.com/is/image/punto/37041466-01-002?wid=2048&hei=2867&fit=crop","https://media.mango.com/is/image/punto/37041466-01-001?wid=2048&hei=2867&fit=crop","https://media.mango.com/is/image/punto/37041466-01-003?wid=2048&hei=2867&fit=crop","https://shop.mango.com/in/en/p/men/t-shirts/printed/100-cotton-t-shirt-with-embroidered-detail/37041466/01/00","https://media.mango.com/is/image/punto/37041466-01-004?wid=2048&hei=2867&fit=crop","https://media.mango.com/is/image/punto/37041466-01-008?wid=2048&hei=2867&fit=crop","https://media.mango.com/is/image/punto/37041466-01-023?wid=2048&hei=2867&fit=crop","https://media.mango.com/is/image/punto/37041466-01-900?wid=2048&hei=2867&fit=crop","https://shop.mango.com/in/en/p/men/t-shirts/printed/100-cotton-t-shirt-with-embroidered-detail/37041466/01/00","https://media.mango.com/is/image/punto/37041466-01-030?wid=2048&hei=2867&fit=crop","","","S","M","L","XL","XXL","100% cotton t-shirt with embroidered detail","Current price [Rs. 2,999.00 ]","Rs. 2,999.00","","","","","","","","","","","","",""
"https://shop.mango.com/in/en/p/men/t-shirts/basics/100-cotton-t-shirt-with-patch-detail/37051464/56/00","https://media.mango.com/is/image/punto/37051464-56-002?wid=2048&hei=2867&fit=crop","https://media.mango.com/is/image/punto/37051464-56-001?wid=2048&hei=2867&fit=crop","https://media.mango.com/is/image/punto/37051464-56-003?wid=2048&hei=2867&fit=crop","https://shop.mango.com/in/en/p/men/t-shirts/basics/100-cotton-t-shirt-with-patch-detail/37051464/56/00","https://media.mango.com/is/image/punto/37051464-56-004?wid=2048&hei=2867&fit=crop","https://media.mango.com/is/image/punto/37051464-56-008?wid=2048&hei=2867&fit=crop","https://media.mango.com/is/image/punto/37051464-56-023?wid=2048&hei=2867&fit=crop","https://media.mango.com/is/image/punto/37051464-56-900?wid=2048&hei=2867&fit=crop","https://shop.mango.com/in/en/p/men/t-shirts/basics/100-cotton-t-shirt-with-patch-detail/37051464/56/00","https://media.mango.com/is/image/punto/37051464-56-030?wid=2048&hei=2867&fit=crop","","","S","M","L","XL","XXL","100% cotton T-shirt with patch detail","Current price [Rs. 2,999.00 ]","Rs. 2,999.00","","","","","","","","","","","","",""
"https://shop.mango.com/in/en/p/men/t-shirts/slim-fit/slim-fit-cotton-tank-top/37011438/30/00","https://media.mango.com/is/image/punto/37011438-30-002?wid=2048&hei=2867&fit=crop","https://media.mango.com/is/image/punto/37011438-30-001?wid=2048&hei=2867&fit=crop","https://media.mango.com/is/image/punto/37011438-30-003?wid=2048&hei=2867&fit=crop","https://shop.mango.com/in/en/p/men/t-shirts/slim-fit/slim-fit-cotton-tank-top/37011438/30/00","https://media.mango.com/is/image/punto/37011438-30-004?wid=2048&hei=2867&fit=crop","https://media.mango.com/is/image/punto/37011438-30-008?wid=2048&hei=2867&fit=crop","https://media.mango.com/is/image/punto/37011438-30-006?wid=2048&hei=2867&fit=crop","https://media.mango.com/is/image/punto/37011438-30-023?wid=2048&hei=2867&fit=crop","https://shop.mango.com/in/en/p/men/t-shirts/slim-fit/slim-fit-cotton-tank-top/37011438/30/00","https://media.mango.com/is/image/punto/37011438-30-900?wid=2048&hei=2867&fit=crop","https://shop.mango.com/in/en/p/men/t-shirts/slim-fit/slim-fit-cotton-tank-top/37011438/30/00","https://media.mango.com/is/image/punto/37011438-30-030?wid=2048&hei=2867&fit=crop","S","M","L","XL","","Slim-fit cotton tank top","Current price [Rs. 1,899.00 ]","Rs. 1,899.00","Colours","https://media.mango.com/is/image/punto/37011438-30-020?wid=40","https://media.mango.com/is/image/punto/37011438-99-020?wid=40","","https://media.mango.com/is/image/punto/37011438-02-020?wid=40","","","","","","","",""
"https://shop.mango.com/in/en/p/men/t-shirts/basics/slim-fit-t-shirt-180gsm/37081426/07/00","https://media.mango.com/is/image/punto/37081426-07-002?wid=2048&hei=2867&fit=crop","https://media.mango.com/is/image/punto/37081426-07-001?wid=2048&hei=2867&fit=crop","https://media.mango.com/is/image/punto/37081426-07-003?wid=2048&hei=2867&fit=crop","https://shop.mango.com/in/en/p/men/t-shirts/basics/slim-fit-t-shirt-180gsm/37081426/07/00","https://media.mango.com/is/image/punto/37081426-07-004?wid=2048&hei=2867&fit=crop","https://media.mango.com/is/image/punto/37081426-07-008?wid=2048&hei=2867&fit=crop","https://media.mango.com/is/image/punto/37081426-07-011?wid=2048&hei=2867&fit=crop","https://media.mango.com/is/image/punto/37081426-07-023?wid=2048&hei=2867&fit=crop","https://shop.mango.com/in/en/p/men/t-shirts/basics/slim-fit-t-shirt-180gsm/37081426/07/00","https://media.mango.com/is/image/punto/37081426-07-900?wid=2048&hei=2867&fit=crop","https://shop.mango.com/in/en/p/men/t-shirts/basics/slim-fit-t-shirt-180gsm/37081426/07/00","https://media.mango.com/is/image/punto/37081426-07-030?wid=2048&hei=2867&fit=crop","XS","S","M","L","XL","Slim fit T-shirt 180gsm","Current price [Rs. 1,290.00 ]","Rs. 1,290.00","Colours","https://media.mango.com/is/image/punto/37081426-07-020?wid=40","https://media.mango.com/is/image/punto/37081426-99-020?wid=40","XXL","https://media.mango.com/is/image/punto/37081426-01-020?wid=40","https://media.mango.com/is/image/punto/37081426-45-020?wid=40","https://media.mango.com/is/image/punto/37081426-56-020?wid=40","https://media.mango.com/is/image/punto/37081426-37-020?wid=40","","","Online Exclusive","",""
"https://shop.mango.com/in/en/p/men/t-shirts/basics/regular-fit-t-shirt-200gsm/37011433/02/00","https://media.mango.com/is/image/punto/37011433-02-002?wid=2048&hei=2867&fit=crop","https://media.mango.com/is/image/punto/37011433-02-001?wid=2048&hei=2867&fit=crop","https://media.mango.com/is/image/punto/37011433-02-003?wid=2048&hei=2867&fit=crop","https://shop.mango.com/in/en/p/men/t-shirts/basics/regular-fit-t-shirt-200gsm/37011433/02/00","https://media.mango.com/is/image/punto/37011433-02-004?wid=2048&hei=2867&fit=crop","https://media.mango.com/is/image/punto/37011433-02-008?wid=2048&hei=2867&fit=crop","https://media.mango.com/is/image/punto/37011433-02-011?wid=2048&hei=2867&fit=crop","https://media.mango.com/is/image/punto/37011433-02-023?wid=2048&hei=2867&fit=crop","https://shop.mango.com/in/en/p/men/t-shirts/basics/regular-fit-t-shirt-200gsm/37011433/02/00","https://media.mango.com/is/image/punto/37011433-02-900?wid=2048&hei=2867&fit=crop","https://shop.mango.com/in/en/p/men/t-shirts/basics/regular-fit-t-shirt-200gsm/37011433/02/00","https://media.mango.com/is/image/punto/37011433-02-030?wid=2048&hei=2867&fit=crop","XS","S","M","L","XL","Regular fit T-shirt 200gsm","Current price [Rs. 2,499.00 ]","Rs. 2,499.00","Colours","https://media.mango.com/is/image/punto/37011433-02-020?wid=40","https://media.mango.com/is/image/punto/37011433-55-020?wid=40","XXL","https://media.mango.com/is/image/punto/37011433-99-020?wid=40","https://media.mango.com/is/image/punto/37011433-45-020?wid=40","https://media.mango.com/is/image/punto/37011433-56-020?wid=40","https://media.mango.com/is/image/punto/37011433-04-020?wid=40","https://media.mango.com/is/image/punto/37011433-38-020?wid=40","https://media.mango.com/is/image/punto/37011433-40-020?wid=40","","",""
"https://shop.mango.com/in/en/p/men/t-shirts/basics/slim-fit-t-shirt-180gsm/37081426/37/00","https://media.mango.com/is/image/punto/37081426-37-002?wid=2048&hei=2867&fit=crop","https://media.mango.com/is/image/punto/37081426-37-001?wid=2048&hei=2867&fit=crop","https://media.mango.com/is/image/punto/37081426-37-003?wid=2048&hei=2867&fit=crop","https://shop.mango.com/in/en/p/men/t-shirts/basics/slim-fit-t-shirt-180gsm/37081426/37/00","https://media.mango.com/is/image/punto/37081426-37-004?wid=2048&hei=2867&fit=crop","https://media.mango.com/is/image/punto/37081426-37-008?wid=2048&hei=2867&fit=crop","https://media.mango.com/is/image/punto/37081426-37-011?wid=2048&hei=2867&fit=crop","https://media.mango.com/is/image/punto/37081426-37-023?wid=2048&hei=2867&fit=crop","https://shop.mango.com/in/en/p/men/t-shirts/basics/slim-fit-t-shirt-180gsm/37081426/37/00","https://media.mango.com/is/image/punto/37081426-37-900?wid=2048&hei=2867&fit=crop","https://shop.mango.com/in/en/p/men/t-shirts/basics/slim-fit-t-shirt-180gsm/37081426/37/00","https://media.mango.com/is/image/punto/37081426-37-030?wid=2048&hei=2867&fit=crop","XS","S","M","L","XL","Slim fit T-shirt 180gsm","Current price [Rs. 1,290.00 ]","Rs. 1,290.00","Colours","https://media.mango.com/is/image/punto/37081426-37-020?wid=40","https://media.mango.com/is/image/punto/37081426-99-020?wid=40","XXL","https://media.mango.com/is/image/punto/37081426-01-020?wid=40","https://media.mango.com/is/image/punto/37081426-45-020?wid=40","https://media.mango.com/is/image/punto/37081426-56-020?wid=40","https://media.mango.com/is/image/punto/37081426-07-020?wid=40","","","Online Exclusive","",""
"https://shop.mango.com/in/en/p/men/t-shirts/knitwear/100-cotton-fine-jersey-t-shirt/37091436/35/00","https://media.mango.com/is/image/punto/37091436-35-002?wid=2048&hei=2867&fit=crop","https://media.mango.com/is/image/punto/37091436-35-001?wid=2048&hei=2867&fit=crop","https://media.mango.com/is/image/punto/37091436-35-003?wid=2048&hei=2867&fit=crop","https://shop.mango.com/in/en/p/men/t-shirts/knitwear/100-cotton-fine-jersey-t-shirt/37091436/35/00","https://media.mango.com/is/image/punto/37091436-35-004?wid=2048&hei=2867&fit=crop","https://media.mango.com/is/image/punto/37091436-35-008?wid=2048&hei=2867&fit=crop","https://media.mango.com/is/image/punto/37091436-35-023?wid=2048&hei=2867&fit=crop","https://media.mango.com/is/image/punto/37091436-35-900?wid=2048&hei=2867&fit=crop","https://shop.mango.com/in/en/p/men/t-shirts/knitwear/100-cotton-fine-jersey-t-shirt/37091436/35/00","https://media.mango.com/is/image/punto/37091436-35-030?wid=2048&hei=2867&fit=crop","","","S","M","L","XL","XXL","100% cotton fine jersey T-shirt","Current price [Rs. 3,899.00 ]","Rs. 3,899.00","","","","","","","","","","","","",""
"https://shop.mango.com/in/en/p/men/t-shirts/basics/regular-fit-t-shirt-200gsm/37011433/98/00","https://media.mango.com/is/image/punto/37011433-98-002?wid=2048&hei=2867&fit=crop","https://media.mango.com/is/image/punto/37011433-98-001?wid=2048&hei=2867&fit=crop","https://media.mango.com/is/image/punto/37011433-98-003?wid=2048&hei=2867&fit=crop","https://shop.mango.com/in/en/p/men/t-shirts/basics/regular-fit-t-shirt-200gsm/37011433/98/00","https://media.mango.com/is/image/punto/37011433-98-004?wid=2048&hei=2867&fit=crop","https://media.mango.com/is/image/punto/37011433-98-008?wid=2048&hei=2867&fit=crop","https://media.mango.com/is/image/punto/37011433-98-023?wid=2048&hei=2867&fit=crop","https://media.mango.com/is/image/punto/37011433-98-900?wid=2048&hei=2867&fit=crop","https://shop.mango.com/in/en/p/men/t-shirts/basics/regular-fit-t-shirt-200gsm/37011433/98/00","https://media.mango.com/is/image/punto/37011433-98-030?wid=2048&hei=2867&fit=crop","","","XS","S","M","L","XL","Regular fit T-shirt 200gsm","Current price [Rs. 2,499.00 ]","Rs. 2,499.00","Colours","https://media.mango.com/is/image/punto/37011433-98-020?wid=40","https://media.mango.com/is/image/punto/37011433-55-020?wid=40","XXL","https://media.mango.com/is/image/punto/37011433-99-020?wid=40","https://media.mango.com/is/image/punto/37011433-45-020?wid=40","https://media.mango.com/is/image/punto/37011433-56-020?wid=40","https://media.mango.com/is/image/punto/37011433-02-020?wid=40","https://media.mango.com/is/image/punto/37011433-04-020?wid=40","https://media.mango.com/is/image/punto/37011433-38-020?wid=40","","",""
"https://shop.mango.com/in/en/p/men/t-shirts/basics/100-cotton-washed-t-shirt/37091439/56/00","https://media.mango.com/is/image/punto/37091439-56-002?wid=2048&hei=2867&fit=crop","https://media.mango.com/is/image/punto/37091439-56-001?wid=2048&hei=2867&fit=crop","https://media.mango.com/is/image/punto/37091439-56-003?wid=2048&hei=2867&fit=crop","https://shop.mango.com/in/en/p/men/t-shirts/basics/100-cotton-washed-t-shirt/37091439/56/00","https://media.mango.com/is/image/punto/37091439-56-004?wid=2048&hei=2867&fit=crop","https://media.mango.com/is/image/punto/37091439-56-008?wid=2048&hei=2867&fit=crop","https://media.mango.com/is/image/punto/37091439-56-023?wid=2048&hei=2867&fit=crop","https://media.mango.com/is/image/punto/37091439-56-900?wid=2048&hei=2867&fit=crop","https://shop.mango.com/in/en/p/men/t-shirts/basics/100-cotton-washed-t-shirt/37091439/56/00","https://media.mango.com/is/image/punto/37091439-56-030?wid=2048&hei=2867&fit=crop","","","XS","S","M","L","XL","100% cotton washed T-shirt","Current price [Rs. 2,899.00 ]","Rs. 2,899.00","Colours","https://media.mango.com/is/image/punto/37091439-56-020?wid=40","https://media.mango.com/is/image/punto/37091439-35-020?wid=40","XXL","https://media.mango.com/is/image/punto/37091439-50-020?wid=40","","","","","","","",""
"https://shop.mango.com/in/en/p/men/t-shirts/basics/linen-blend-slim-fit-t-shirt/37011435/44/00","https://media.mango.com/is/image/punto/37011435-44-002?wid=2048&hei=2867&fit=crop","https://media.mango.com/is/image/punto/37011435-44-001?wid=2048&hei=2867&fit=crop","https://media.mango.com/is/image/punto/37011435-44-003?wid=2048&hei=2867&fit=crop","https://shop.mango.com/in/en/p/men/t-shirts/basics/linen-blend-slim-fit-t-shirt/37011435/44/00","https://media.mango.com/is/image/punto/37011435-44-004?wid=2048&hei=2867&fit=crop","https://media.mango.com/is/image/punto/37011435-44-008?wid=2048&hei=2867&fit=crop","https://media.mango.com/is/image/punto/37011435-44-023?wid=2048&hei=2867&fit=crop","https://media.mango.com/is/image/punto/37011435-44-900?wid=2048&hei=2867&fit=crop","https://shop.mango.com/in/en/p/men/t-shirts/basics/linen-blend-slim-fit-t-shirt/37011435/44/00","https://media.mango.com/is/image/punto/37011435-44-030?wid=2048&hei=2867&fit=crop","","","XS","S","M","L","XL","Linen blend slim fit T-shirt","Current price [Rs. 3,899.00 ]","Rs. 3,899.00","Colours","https://media.mango.com/is/image/punto/37011435-44-020?wid=40","https://media.mango.com/is/image/punto/37011435-01-020?wid=40","XXL","https://media.mango.com/is/image/punto/37011435-56-020?wid=40","https://media.mango.com/is/image/punto/37011435-04-020?wid=40","https://media.mango.com/is/image/punto/37011435-50-020?wid=40","","","","","",""
"https://shop.mango.com/in/en/p/men/t-shirts/basics/regular-fit-t-shirt-200gsm/37011433/38/00","https://media.mango.com/is/image/punto/37011433-38-002?wid=2048&hei=2867&fit=crop","https://media.mango.com/is/image/punto/37011433-38-001?wid=2048&hei=2867&fit=crop","https://media.mango.com/is/image/punto/37011433-38-003?wid=2048&hei=2867&fit=crop","https://shop.mango.com/in/en/p/men/t-shirts/basics/regular-fit-t-shirt-200gsm/37011433/38/00","https://media.mango.com/is/image/punto/37011433-38-004?wid=2048&hei=2867&fit=crop","https://media.mango.com/is/image/punto/37011433-38-008?wid=2048&hei=2867&fit=crop","https://media.mango.com/is/image/punto/37011433-38-006?wid=2048&hei=2867&fit=crop","https://media.mango.com/is/image/punto/37011433-38-023?wid=2048&hei=2867&fit=crop","https://shop.mango.com/in/en/p/men/t-shirts/basics/regular-fit-t-shirt-200gsm/37011433/38/00","https://media.mango.com/is/image/punto/37011433-38-900?wid=2048&hei=2867&fit=crop","https://shop.mango.com/in/en/p/men/t-shirts/basics/regular-fit-t-shirt-200gsm/37011433/38/00","https://media.mango.com/is/image/punto/37011433-38-030?wid=2048&hei=2867&fit=crop","XS","S","M","L","XL","Regular fit T-shirt 200gsm","Current price [Rs. 2,499.00 ]","Rs. 2,499.00","Colours","https://media.mango.com/is/image/punto/37011433-38-020?wid=40","https://media.mango.com/is/image/punto/37011433-55-020?wid=40","XXL","https://media.mango.com/is/image/punto/37011433-99-020?wid=40","https://media.mango.com/is/image/punto/37011433-45-020?wid=40","https://media.mango.com/is/image/punto/37011433-56-020?wid=40","https://media.mango.com/is/image/punto/37011433-02-020?wid=40","https://media.mango.com/is/image/punto/37011433-04-020?wid=40","https://media.mango.com/is/image/punto/37011433-40-020?wid=40","","",""
"https://shop.mango.com/in/en/p/men/t-shirts/basics/slim-fit-t-shirt-180gsm/37081426/45/00","https://media.mango.com/is/image/punto/37081426-45-002?wid=2048&hei=2867&fit=crop","https://media.mango.com/is/image/punto/37081426-45-001?wid=2048&hei=2867&fit=crop","https://media.mango.com/is/image/punto/37081426-45-003?wid=2048&hei=2867&fit=crop","https://shop.mango.com/in/en/p/men/t-shirts/basics/slim-fit-t-shirt-180gsm/37081426/45/00","https://media.mango.com/is/image/punto/37081426-45-004?wid=2048&hei=2867&fit=crop","https://media.mango.com/is/image/punto/37081426-45-008?wid=2048&hei=2867&fit=crop","https://media.mango.com/is/image/punto/37081426-45-011?wid=2048&hei=2867&fit=crop","https://media.mango.com/is/image/punto/37081426-45-023?wid=2048&hei=2867&fit=crop","https://shop.mango.com/in/en/p/men/t-shirts/basics/slim-fit-t-shirt-180gsm/37081426/45/00","https://media.mango.com/is/image/punto/37081426-45-900?wid=2048&hei=2867&fit=crop","https://shop.mango.com/in/en/p/men/t-shirts/basics/slim-fit-t-shirt-180gsm/37081426/45/00","https://media.mango.com/is/image/punto/37081426-45-030?wid=2048&hei=2867&fit=crop","XS","S","M","L","XL","Slim fit T-shirt 180gsm","Current price [Rs. 1,290.00 ]","Rs. 1,290.00","Colours","https://media.mango.com/is/image/punto/37081426-45-020?wid=40","https://media.mango.com/is/image/punto/37081426-99-020?wid=40","XXL","https://media.mango.com/is/image/punto/37081426-01-020?wid=40","https://media.mango.com/is/image/punto/37081426-56-020?wid=40","https://media.mango.com/is/image/punto/37081426-37-020?wid=40","https://media.mango.com/is/image/punto/37081426-07-020?wid=40","","","Online Exclusive","",""
"https://shop.mango.com/in/en/p/men/t-shirts/basics/relaxed-fit-cotton-linen-blend-t-shirt/37062898/32/00","https://media.mango.com/is/image/punto/37062898-32-002?wid=2048&hei=2867&fit=crop","https://media.mango.com/is/image/punto/37062898-32-001?wid=2048&hei=2867&fit=crop","https://media.mango.com/is/image/punto/37062898-32-003?wid=2048&hei=2867&fit=crop","https://shop.mango.com/in/en/p/men/t-shirts/basics/relaxed-fit-cotton-linen-blend-t-shirt/37062898/32/00","https://media.mango.com/is/image/punto/37062898-32-004?wid=2048&hei=2867&fit=crop","https://media.mango.com/is/image/punto/37062898-32-008?wid=2048&hei=2867&fit=crop","https://media.mango.com/is/image/punto/37062898-32-023?wid=2048&hei=2867&fit=crop","https://media.mango.com/is/image/punto/37062898-32-900?wid=2048&hei=2867&fit=crop","https://shop.mango.com/in/en/p/men/t-shirts/basics/relaxed-fit-cotton-linen-blend-t-shirt/37062898/32/00","https://media.mango.com/is/image/punto/37062898-32-030?wid=2048&hei=2867&fit=crop","","","XS","S","M","L","XL","Relaxed fit cotton-linen blend T-shirt","Current price [Rs. 2,499.00 ]","Rs. 2,499.00","Colours","https://media.mango.com/is/image/punto/37062898-32-020?wid=40","https://media.mango.com/is/image/punto/37062898-11-020?wid=40","XXL","https://media.mango.com/is/image/punto/37062898-89-020?wid=40","https://media.mango.com/is/image/punto/37062898-02-020?wid=40","","","","","","",""
"https://shop.mango.com/in/en/p/men/t-shirts/basics/regular-fit-t-shirt-190gsm/37011436/01/00","https://media.mango.com/is/image/punto/37011436-01-002?wid=2048&hei=2867&fit=crop","https://media.mango.com/is/image/punto/37011436-01-001?wid=2048&hei=2867&fit=crop","https://media.mango.com/is/image/punto/37011436-01-003?wid=2048&hei=2867&fit=crop","https://shop.mango.com/in/en/p/men/t-shirts/basics/regular-fit-t-shirt-190gsm/37011436/01/00","https://media.mango.com/is/image/punto/37011436-01-004?wid=2048&hei=2867&fit=crop","https://media.mango.com/is/image/punto/37011436-01-008?wid=2048&hei=2867&fit=crop","https://media.mango.com/is/image/punto/37011436-01-011?wid=2048&hei=2867&fit=crop","https://media.mango.com/is/image/punto/37011436-01-023?wid=2048&hei=2867&fit=crop","https://shop.mango.com/in/en/p/men/t-shirts/basics/regular-fit-t-shirt-190gsm/37011436/01/00","https://media.mango.com/is/image/punto/37011436-01-900?wid=2048&hei=2867&fit=crop","https://shop.mango.com/in/en/p/men/t-shirts/basics/regular-fit-t-shirt-190gsm/37011436/01/00","https://media.mango.com/is/image/punto/37011436-01-030?wid=2048&hei=2867&fit=crop","XS","S","M","L","XL","Regular fit T-shirt 190gsm","Current price [Rs. 2,299.00 ]","Rs. 2,299.00","Colours","https://media.mango.com/is/image/punto/37011436-01-020?wid=40","https://media.mango.com/is/image/punto/37011436-99-020?wid=40","XXL","https://media.mango.com/is/image/punto/37011436-56-020?wid=40","https://media.mango.com/is/image/punto/37011436-47-020?wid=40","https://media.mango.com/is/image/punto/37011436-06-020?wid=40","https://media.mango.com/is/image/punto/37011436-83-020?wid=40","https://media.mango.com/is/image/punto/37011436-51-020?wid=40","https://media.mango.com/is/image/punto/37011436-30-020?wid=40","","",""
"https://shop.mango.com/in/en/p/men/t-shirts/basics/100-cotton-fine-jersey-t-shirt/37031439/99/00","https://media.mango.com/is/image/punto/37031439-99-002?wid=2048&hei=2867&fit=crop","https://media.mango.com/is/image/punto/37031439-99-001?wid=2048&hei=2867&fit=crop","https://media.mango.com/is/image/punto/37031439-99-003?wid=2048&hei=2867&fit=crop","https://shop.mango.com/in/en/p/men/t-shirts/basics/100-cotton-fine-jersey-t-shirt/37031439/99/00","https://media.mango.com/is/image/punto/37031439-99-004?wid=2048&hei=2867&fit=crop","https://media.mango.com/is/image/punto/37031439-99-008?wid=2048&hei=2867&fit=crop","https://media.mango.com/is/image/punto/37031439-99-011?wid=2048&hei=2867&fit=crop","https://media.mango.com/is/image/punto/37031439-99-023?wid=2048&hei=2867&fit=crop","https://shop.mango.com/in/en/p/men/t-shirts/basics/100-cotton-fine-jersey-t-shirt/37031439/99/00","https://media.mango.com/is/image/punto/37031439-99-900?wid=2048&hei=2867&fit=crop","https://shop.mango.com/in/en/p/men/t-shirts/basics/100-cotton-fine-jersey-t-shirt/37031439/99/00","https://media.mango.com/is/image/punto/37031439-99-030?wid=2048&hei=2867&fit=crop","S","M","L","XL","XXL","100% cotton fine jersey T-shirt","Current price [Rs. 3,299.00 ]","Rs. 3,299.00","Colours","https://media.mango.com/is/image/punto/37031439-99-020?wid=40","https://media.mango.com/is/image/punto/37081435-02-020?wid=40","","https://media.mango.com/is/image/punto/37081435-57-020?wid=40","https://media.mango.com/is/image/punto/37081435-07-020?wid=40","https://media.mango.com/is/image/punto/37081435-40-020?wid=40","","","","Online Exclusive","",""
"https://shop.mango.com/in/en/p/men/t-shirts/basics/regular-fit-t-shirt-200gsm/37011433/40/00","https://media.mango.com/is/image/punto/37011433-40-002?wid=2048&hei=2867&fit=crop","https://media.mango.com/is/image/punto/37011433-40-001?wid=2048&hei=2867&fit=crop","https://media.mango.com/is/image/punto/37011433-40-003?wid=2048&hei=2867&fit=crop","https://shop.mango.com/in/en/p/men/t-shirts/basics/regular-fit-t-shirt-200gsm/37011433/40/00","https://media.mango.com/is/image/punto/37011433-40-004?wid=2048&hei=2867&fit=crop","https://media.mango.com/is/image/punto/37011433-40-008?wid=2048&hei=2867&fit=crop","https://media.mango.com/is/image/punto/37011433-40-011?wid=2048&hei=2867&fit=crop","https://media.mango.com/is/image/punto/37011433-40-023?wid=2048&hei=2867&fit=crop","https://shop.mango.com/in/en/p/men/t-shirts/basics/regular-fit-t-shirt-200gsm/37011433/40/00","https://media.mango.com/is/image/punto/37011433-40-900?wid=2048&hei=2867&fit=crop","https://shop.mango.com/in/en/p/men/t-shirts/basics/regular-fit-t-shirt-200gsm/37011433/40/00","https://media.mango.com/is/image/punto/37011433-40-030?wid=2048&hei=2867&fit=crop","XS","S","M","L","XL","Regular fit T-shirt 200gsm","Current price [Rs. 2,499.00 ]","Rs. 2,499.00","Colours","https://media.mango.com/is/image/punto/37011433-40-020?wid=40","https://media.mango.com/is/image/punto/37011433-55-020?wid=40","XXL","https://media.mango.com/is/image/punto/37011433-99-020?wid=40","https://media.mango.com/is/image/punto/37011433-45-020?wid=40","https://media.mango.com/is/image/punto/37011433-56-020?wid=40","https://media.mango.com/is/image/punto/37011433-02-020?wid=40","https://media.mango.com/is/image/punto/37011433-04-020?wid=40","https://media.mango.com/is/image/punto/37011433-38-020?wid=40","","",""
"https://shop.mango.com/in/en/p/men/t-shirts/basics/regular-fit-t-shirt-200gsm/37011433/04/00","https://media.mango.com/is/image/punto/37011433-04-002?wid=2048&hei=2867&fit=crop","https://media.mango.com/is/image/punto/37011433-04-001?wid=2048&hei=2867&fit=crop","https://media.mango.com/is/image/punto/37011433-04-003?wid=2048&hei=2867&fit=crop","https://shop.mango.com/in/en/p/men/t-shirts/basics/regular-fit-t-shirt-200gsm/37011433/04/00","https://media.mango.com/is/image/punto/37011433-04-004?wid=2048&hei=2867&fit=crop","https://media.mango.com/is/image/punto/37011433-04-008?wid=2048&hei=2867&fit=crop","https://media.mango.com/is/image/punto/37011433-04-011?wid=2048&hei=2867&fit=crop","https://media.mango.com/is/image/punto/37011433-04-023?wid=2048&hei=2867&fit=crop","https://shop.mango.com/in/en/p/men/t-shirts/basics/regular-fit-t-shirt-200gsm/37011433/04/00","https://media.mango.com/is/image/punto/37011433-04-900?wid=2048&hei=2867&fit=crop","https://shop.mango.com/in/en/p/men/t-shirts/basics/regular-fit-t-shirt-200gsm/37011433/04/00","https://media.mango.com/is/image/punto/37011433-04-030?wid=2048&hei=2867&fit=crop","XS","S","M","L","XL","Regular fit T-shirt 200gsm","Current price [Rs. 2,499.00 ]","Rs. 2,499.00","Colours","https://media.mango.com/is/image/punto/37011433-04-020?wid=40","https://media.mango.com/is/image/punto/37011433-55-020?wid=40","XXL","https://media.mango.com/is/image/punto/37011433-99-020?wid=40","https://media.mango.com/is/image/punto/37011433-45-020?wid=40","https://media.mango.com/is/image/punto/37011433-56-020?wid=40","https://media.mango.com/is/image/punto/37011433-02-020?wid=40","https://media.mango.com/is/image/punto/37011433-38-020?wid=40","https://media.mango.com/is/image/punto/37011433-40-020?wid=40","","",""
"https://shop.mango.com/in/en/p/men/t-shirts/basics/100-cotton-washed-t-shirt/37091439/50/00","https://media.mango.com/is/image/punto/37091439-50-002?wid=2048&hei=2867&fit=crop","https://media.mango.com/is/image/punto/37091439-50-001?wid=2048&hei=2867&fit=crop","https://media.mango.com/is/image/punto/37091439-50-003?wid=2048&hei=2867&fit=crop","https://shop.mango.com/in/en/p/men/t-shirts/basics/100-cotton-washed-t-shirt/37091439/50/00","https://media.mango.com/is/image/punto/37091439-50-004?wid=2048&hei=2867&fit=crop","https://media.mango.com/is/image/punto/37091439-50-008?wid=2048&hei=2867&fit=crop","https://media.mango.com/is/image/punto/37091439-50-023?wid=2048&hei=2867&fit=crop","https://media.mango.com/is/image/punto/37091439-50-900?wid=2048&hei=2867&fit=crop","https://shop.mango.com/in/en/p/men/t-shirts/basics/100-cotton-washed-t-shirt/37091439/50/00","https://media.mango.com/is/image/punto/37091439-50-030?wid=2048&hei=2867&fit=crop","","","XS","S","M","L","XL","100% cotton washed T-shirt","Current price [Rs. 2,899.00 ]","Rs. 2,899.00","Colours","https://media.mango.com/is/image/punto/37091439-50-020?wid=40","https://media.mango.com/is/image/punto/37091439-56-020?wid=40","XXL","https://media.mango.com/is/image/punto/37091439-35-020?wid=40","","","","","","","",""
"https://shop.mango.com/in/en/p/men/t-shirts/slim-fit/slim-fit-cotton-tank-top/37011438/02/00","https://media.mango.com/is/image/punto/37011438-02-002?wid=2048&hei=2867&fit=crop","https://media.mango.com/is/image/punto/37011438-02-001?wid=2048&hei=2867&fit=crop","https://media.mango.com/is/image/punto/37011438-02-003?wid=2048&hei=2867&fit=crop","https://shop.mango.com/in/en/p/men/t-shirts/slim-fit/slim-fit-cotton-tank-top/37011438/02/00","https://media.mango.com/is/image/punto/37011438-02-004?wid=2048&hei=2867&fit=crop","https://media.mango.com/is/image/punto/37011438-02-008?wid=2048&hei=2867&fit=crop","https://media.mango.com/is/image/punto/37011438-02-023?wid=2048&hei=2867&fit=crop","https://media.mango.com/is/image/punto/37011438-02-900?wid=2048&hei=2867&fit=crop","https://shop.mango.com/in/en/p/men/t-shirts/slim-fit/slim-fit-cotton-tank-top/37011438/02/00","https://media.mango.com/is/image/punto/37011438-02-030?wid=2048&hei=2867&fit=crop","","","S","M","L","XL","","Slim-fit cotton tank top","Current price [Rs. 1,899.00 ]","Rs. 1,899.00","Colours","https://media.mango.com/is/image/punto/37011438-02-020?wid=40","https://media.mango.com/is/image/punto/37011438-99-020?wid=40","","https://media.mango.com/is/image/punto/37011438-30-020?wid=40","","","","","","","",""
"https://shop.mango.com/in/en/p/men/t-shirts/basics/linen-blend-slim-fit-t-shirt/37011435/04/00","https://media.mango.com/is/image/punto/37011435-04-002?wid=2048&hei=2867&fit=crop","https://media.mango.com/is/image/punto/37011435-04-001?wid=2048&hei=2867&fit=crop","https://media.mango.com/is/image/punto/37011435-04-003?wid=2048&hei=2867&fit=crop","https://shop.mango.com/in/en/p/men/t-shirts/basics/linen-blend-slim-fit-t-shirt/37011435/04/00","https://media.mango.com/is/image/punto/37011435-04-004?wid=2048&hei=2867&fit=crop","https://media.mango.com/is/image/punto/37011435-04-008?wid=2048&hei=2867&fit=crop","https://media.mango.com/is/image/punto/37011435-04-023?wid=2048&hei=2867&fit=crop","https://media.mango.com/is/image/punto/37011435-04-900?wid=2048&hei=2867&fit=crop","https://shop.mango.com/in/en/p/men/t-shirts/basics/linen-blend-slim-fit-t-shirt/37011435/04/00","https://media.mango.com/is/image/punto/37011435-04-030?wid=2048&hei=2867&fit=crop","","","XS","S","M","L","XL","Linen blend slim fit T-shirt","Current price [Rs. 3,899.00 ]","Rs. 3,899.00","Colours","https://media.mango.com/is/image/punto/37011435-04-020?wid=40","https://media.mango.com/is/image/punto/37011435-44-020?wid=40","XXL","https://media.mango.com/is/image/punto/37011435-01-020?wid=40","https://media.mango.com/is/image/punto/37011435-56-020?wid=40","https://media.mango.com/is/image/punto/37011435-50-020?wid=40","","","","","",""
"https://shop.mango.com/in/en/p/men/t-shirts/basics/slim-fit-t-shirt-180gsm/37081426/56/00","https://media.mango.com/is/image/punto/37081426-56-002?wid=2048&hei=2867&fit=crop","https://media.mango.com/is/image/punto/37081426-56-001?wid=2048&hei=2867&fit=crop","https://media.mango.com/is/image/punto/37081426-56-003?wid=2048&hei=2867&fit=crop","https://shop.mango.com/in/en/p/men/t-shirts/basics/slim-fit-t-shirt-180gsm/37081426/56/00","https://media.mango.com/is/image/punto/37081426-56-004?wid=2048&hei=2867&fit=crop","https://media.mango.com/is/image/punto/37081426-56-008?wid=2048&hei=2867&fit=crop","https://media.mango.com/is/image/punto/37081426-56-023?wid=2048&hei=2867&fit=crop","https://media.mango.com/is/image/punto/37081426-56-900?wid=2048&hei=2867&fit=crop","https://shop.mango.com/in/en/p/men/t-shirts/basics/slim-fit-t-shirt-180gsm/37081426/56/00","https://media.mango.com/is/image/punto/37081426-56-030?wid=2048&hei=2867&fit=crop","","","XS","S","M","L","XL","Slim fit T-shirt 180gsm","Current price [Rs. 1,290.00 ]","Rs. 1,290.00","Colours","https://media.mango.com/is/image/punto/37081426-56-020?wid=40","https://media.mango.com/is/image/punto/37081426-99-020?wid=40","XXL","https://media.mango.com/is/image/punto/37081426-01-020?wid=40","https://media.mango.com/is/image/punto/37081426-45-020?wid=40","https://media.mango.com/is/image/punto/37081426-37-020?wid=40","https://media.mango.com/is/image/punto/37081426-07-020?wid=40","","","Online Exclusive","",""
"https://shop.mango.com/in/en/p/men/t-shirts/basics/100-cotton-washed-t-shirt/37091439/35/00","https://media.mango.com/is/image/punto/37091439-35-002?wid=2048&hei=2867&fit=crop","https://media.mango.com/is/image/punto/37091439-35-001?wid=2048&hei=2867&fit=crop","https://media.mango.com/is/image/punto/37091439-35-003?wid=2048&hei=2867&fit=crop","https://shop.mango.com/in/en/p/men/t-shirts/basics/100-cotton-washed-t-shirt/37091439/35/00","https://media.mango.com/is/image/punto/37091439-35-004?wid=2048&hei=2867&fit=crop","https://media.mango.com/is/image/punto/37091439-35-008?wid=2048&hei=2867&fit=crop","https://media.mango.com/is/image/punto/37091439-35-023?wid=2048&hei=2867&fit=crop","https://media.mango.com/is/image/punto/37091439-35-900?wid=2048&hei=2867&fit=crop","https://shop.mango.com/in/en/p/men/t-shirts/basics/100-cotton-washed-t-shirt/37091439/35/00","https://media.mango.com/is/image/punto/37091439-35-030?wid=2048&hei=2867&fit=crop","","","XS","S","M","L","XL","100% cotton washed T-shirt","Current price [Rs. 2,899.00 ]","Rs. 2,899.00","Colours","https://media.mango.com/is/image/punto/37091439-35-020?wid=40","https://media.mango.com/is/image/punto/37091439-56-020?wid=40","XXL","https://media.mango.com/is/image/punto/37091439-50-020?wid=40","","","","","","","",""
"https://shop.mango.com/in/en/p/men/t-shirts/basics/100-cotton-t-shirt-regular-fit/27045964/51/00","https://media.mango.com/is/image/punto/27045964-51-002?wid=2048&hei=2867&fit=crop","https://media.mango.com/is/image/punto/27045964-51-001?wid=2048&hei=2867&fit=crop","https://media.mango.com/is/image/punto/27045964-51-003?wid=2048&hei=2867&fit=crop","https://shop.mango.com/in/en/p/men/t-shirts/basics/100-cotton-t-shirt-regular-fit/27045964/51/00","https://media.mango.com/is/image/punto/27045964-51-004?wid=2048&hei=2867&fit=crop","https://media.mango.com/is/image/punto/27045964-51-008?wid=2048&hei=2867&fit=crop","https://media.mango.com/is/image/punto/27045964-51-023?wid=2048&hei=2867&fit=crop","https://media.mango.com/is/image/punto/27045964-51-900?wid=2048&hei=2867&fit=crop","https://shop.mango.com/in/en/p/men/t-shirts/basics/100-cotton-t-shirt-regular-fit/27045964/51/00","https://media.mango.com/is/image/punto/27045964-51-030?wid=2048&hei=2867&fit=crop","","","XS","S","M","L","XL","100% cotton T-shirt regular fit","Initial price struck through [Rs. 3,290.00 ]","Rs. 2,303.00","Colours","https://media.mango.com/is/image/punto/27045964-51-020?wid=40","https://media.mango.com/is/image/punto/27045964-01-020?wid=40","XXL","https://media.mango.com/is/image/punto/27045964-56-020?wid=40","https://media.mango.com/is/image/punto/27045964-41-020?wid=40","","","","","","Rs. 3,290.00","Current price [Rs. 2,303.00 ]"
"https://shop.mango.com/in/en/p/men/t-shirts/relaxed-fit-cotton-linen-t-shirt/17057767/42/00","https://media.mango.com/is/image/punto/17057767-42-002?wid=2048&hei=2867&fit=crop","https://media.mango.com/is/image/punto/17057767-42-001?wid=2048&hei=2867&fit=crop","https://media.mango.com/is/image/punto/17057767-42-003?wid=2048&hei=2867&fit=crop","https://shop.mango.com/in/en/p/men/t-shirts/relaxed-fit-cotton-linen-t-shirt/17057767/42/00","https://media.mango.com/is/image/punto/17057767-42-004?wid=2048&hei=2867&fit=crop","https://media.mango.com/is/image/punto/17057767-42-008?wid=2048&hei=2867&fit=crop","https://media.mango.com/is/image/punto/17057767-42-023?wid=2048&hei=2867&fit=crop","https://media.mango.com/is/image/punto/17057767-42-900?wid=2048&hei=2867&fit=crop","https://shop.mango.com/in/en/p/men/t-shirts/relaxed-fit-cotton-linen-t-shirt/17057767/42/00","https://media.mango.com/is/image/punto/17057767-42-030?wid=2048&hei=2867&fit=crop","","","XS","S","M","L","XL","Relaxed-fit cotton-linen t-shirt","Initial price struck through [Rs. 2,290.00 ]","Rs. 1,832.00","Colours","https://media.mango.com/is/image/punto/17057767-42-020?wid=40","https://media.mango.com/is/image/punto/17057767-13-020?wid=40","XXL","https://media.mango.com/is/image/punto/17057767-54-020?wid=40","","","","","","","Rs. 2,290.00","Current price [Rs. 1,832.00 ]"
"https://shop.mango.com/in/en/p/men/t-shirts/long-sleeve/henley-t-shirt/27027914/99/00","https://media.mango.com/is/image/punto/27027914-99-500?wid=2048&hei=2867&fit=crop","https://media.mango.com/is/image/punto/27027914-99-001?wid=2048&hei=2867&fit=crop","https://media.mango.com/is/image/punto/27027914-99-002?wid=2048&hei=2867&fit=crop","https://shop.mango.com/in/en/p/men/t-shirts/long-sleeve/henley-t-shirt/27027914/99/00","https://media.mango.com/is/image/punto/27027914-99-003?wid=2048&hei=2867&fit=crop","https://media.mango.com/is/image/punto/27027914-99-004?wid=2048&hei=2867&fit=crop","https://media.mango.com/is/image/punto/27027914-99-008?wid=2048&hei=2867&fit=crop","https://media.mango.com/is/image/punto/27027914-99-007?wid=2048&hei=2867&fit=crop","https://shop.mango.com/in/en/p/men/t-shirts/long-sleeve/henley-t-shirt/27027914/99/00","https://media.mango.com/is/image/punto/27027914-99-023?wid=2048&hei=2867&fit=crop","https://shop.mango.com/in/en/p/men/t-shirts/long-sleeve/henley-t-shirt/27027914/99/00","https://media.mango.com/is/image/punto/27027914-99-900?wid=2048&hei=2867&fit=crop","XS","S","M","L","XL","Henley T-shirt","Current price [Rs. 3,890.00 ]","Rs. 3,890.00","","","","XXL","","","","","","","","",""
"https://shop.mango.com/in/en/p/men/t-shirts/relaxed-fit-cotton-linen-t-shirt/17057767/54/00","https://media.mango.com/is/image/punto/17057767-54-002?wid=2048&hei=2867&fit=crop","https://media.mango.com/is/image/punto/17057767-54-001?wid=2048&hei=2867&fit=crop","https://media.mango.com/is/image/punto/17057767-54-003?wid=2048&hei=2867&fit=crop","https://shop.mango.com/in/en/p/men/t-shirts/relaxed-fit-cotton-linen-t-shirt/17057767/54/00","https://media.mango.com/is/image/punto/17057767-54-004?wid=2048&hei=2867&fit=crop","https://media.mango.com/is/image/punto/17057767-54-008?wid=2048&hei=2867&fit=crop","https://media.mango.com/is/image/punto/17057767-54-023?wid=2048&hei=2867&fit=crop","https://media.mango.com/is/image/punto/17057767-54-900?wid=2048&hei=2867&fit=crop","https://shop.mango.com/in/en/p/men/t-shirts/relaxed-fit-cotton-linen-t-shirt/17057767/54/00","https://media.mango.com/is/image/punto/17057767-54-030?wid=2048&hei=2867&fit=crop","","","XS","S","M","L","XL","Relaxed-fit cotton-linen t-shirt","Initial price struck through [Rs. 2,290.00 ]","Rs. 1,832.00","Colours","https://media.mango.com/is/image/punto/17057767-54-020?wid=40","https://media.mango.com/is/image/punto/17057767-13-020?wid=40","XXL","https://media.mango.com/is/image/punto/17057767-42-020?wid=40","","","","","","","Rs. 2,290.00","Current price [Rs. 1,832.00 ]"
"https://shop.mango.com/in/en/p/men/t-shirts/basics/long-sleeve-regular-fit-t-shirt/27061254/56/00","https://media.mango.com/is/image/punto/27061254-56-002?wid=2048&hei=2867&fit=crop","https://media.mango.com/is/image/punto/27061254-56-001?wid=2048&hei=2867&fit=crop","https://media.mango.com/is/image/punto/27061254-56-003?wid=2048&hei=2867&fit=crop","https://shop.mango.com/in/en/p/men/t-shirts/basics/long-sleeve-regular-fit-t-shirt/27061254/56/00","https://media.mango.com/is/image/punto/27061254-56-004?wid=2048&hei=2867&fit=crop","https://media.mango.com/is/image/punto/27061254-56-007?wid=2048&hei=2867&fit=crop","https://media.mango.com/is/image/punto/27061254-56-023?wid=2048&hei=2867&fit=crop","https://media.mango.com/is/image/punto/27061254-56-900?wid=2048&hei=2867&fit=crop","https://shop.mango.com/in/en/p/men/t-shirts/basics/long-sleeve-regular-fit-t-shirt/27061254/56/00","https://media.mango.com/is/image/punto/27061254-56-030?wid=2048&hei=2867&fit=crop","","","XS","S","M","L","XL","Long sleeve regular fit T-shirt","Initial price struck through [Rs. 2,890.00 ]","Rs. 2,312.00","Colours","https://media.mango.com/is/image/punto/27061254-56-020?wid=40","https://media.mango.com/is/image/punto/27061254-99-020?wid=40","XXL","https://media.mango.com/is/image/punto/27061254-01-020?wid=40","https://media.mango.com/is/image/punto/27061254-32-020?wid=40","","","","","","Rs. 2,890.00","Current price [Rs. 2,312.00 ]"
"https://shop.mango.com/in/en/p/men/t-shirts/basics/long-sleeve-regular-fit-t-shirt/27061254/32/00","https://media.mango.com/is/image/punto/27061254-32-002?wid=2048&hei=2867&fit=crop","https://media.mango.com/is/image/punto/27061254-32-001?wid=2048&hei=2867&fit=crop","https://media.mango.com/is/image/punto/27061254-32-003?wid=2048&hei=2867&fit=crop","https://shop.mango.com/in/en/p/men/t-shirts/basics/long-sleeve-regular-fit-t-shirt/27061254/32/00","https://media.mango.com/is/image/punto/27061254-32-004?wid=2048&hei=2867&fit=crop","https://media.mango.com/is/image/punto/27061254-32-008?wid=2048&hei=2867&fit=crop","https://media.mango.com/is/image/punto/27061254-32-023?wid=2048&hei=2867&fit=crop","https://media.mango.com/is/image/punto/27061254-32-900?wid=2048&hei=2867&fit=crop","https://shop.mango.com/in/en/p/men/t-shirts/basics/long-sleeve-regular-fit-t-shirt/27061254/32/00","https://media.mango.com/is/image/punto/27061254-32-030?wid=2048&hei=2867&fit=crop","","","XS","S","M","L","XL","Long sleeve regular fit T-shirt","Initial price struck through [Rs. 2,890.00 ]","Rs. 2,312.00","Colours","https://media.mango.com/is/image/punto/27061254-32-020?wid=40","https://media.mango.com/is/image/punto/27061254-99-020?wid=40","XXL","https://media.mango.com/is/image/punto/27061254-01-020?wid=40","https://media.mango.com/is/image/punto/27061254-56-020?wid=40","","","","","","Rs. 2,890.00","Current price [Rs. 2,312.00 ]"
"https://shop.mango.com/in/en/p/men/t-shirts/basics/long-sleeve-regular-fit-t-shirt/27061254/01/00","https://media.mango.com/is/image/punto/27061254-01-002?wid=2048&hei=2867&fit=crop","https://media.mango.com/is/image/punto/27061254-01-001?wid=2048&hei=2867&fit=crop","https://media.mango.com/is/image/punto/27061254-01-003?wid=2048&hei=2867&fit=crop","https://shop.mango.com/in/en/p/men/t-shirts/basics/long-sleeve-regular-fit-t-shirt/27061254/01/00","https://media.mango.com/is/image/punto/27061254-01-004?wid=2048&hei=2867&fit=crop","https://media.mango.com/is/image/punto/27061254-01-007?wid=2048&hei=2867&fit=crop","https://media.mango.com/is/image/punto/27061254-01-023?wid=2048&hei=2867&fit=crop","https://media.mango.com/is/image/punto/27061254-01-900?wid=2048&hei=2867&fit=crop","https://shop.mango.com/in/en/p/men/t-shirts/basics/long-sleeve-regular-fit-t-shirt/27061254/01/00","https://media.mango.com/is/image/punto/27061254-01-030?wid=2048&hei=2867&fit=crop","","","XS","S","M","L","XL","Long sleeve regular fit T-shirt","Initial price struck through [Rs. 2,890.00 ]","Rs. 2,312.00","Colours","https://media.mango.com/is/image/punto/27061254-01-020?wid=40","https://media.mango.com/is/image/punto/27061254-99-020?wid=40","XXL","https://media.mango.com/is/image/punto/27061254-56-020?wid=40","https://media.mango.com/is/image/punto/27061254-32-020?wid=40","","","","","","Rs. 2,890.00","Current price [Rs. 2,312.00 ]"
"https://shop.mango.com/in/en/p/men/t-shirts/regular-fit-striped-100-cotton-shirt/17037774/45/00","https://media.mango.com/is/image/punto/17037774-45-002?wid=2048&hei=2867&fit=crop","https://media.mango.com/is/image/punto/17037774-45-001?wid=2048&hei=2867&fit=crop","https://media.mango.com/is/image/punto/17037774-45-003?wid=2048&hei=2867&fit=crop","https://shop.mango.com/in/en/p/men/t-shirts/regular-fit-striped-100-cotton-shirt/17037774/45/00","https://media.mango.com/is/image/punto/17037774-45-004?wid=2048&hei=2867&fit=crop","https://media.mango.com/is/image/punto/17037774-45-008?wid=2048&hei=2867&fit=crop","https://media.mango.com/is/image/punto/17037774-45-023?wid=2048&hei=2867&fit=crop","https://media.mango.com/is/image/punto/17037774-45-900?wid=2048&hei=2867&fit=crop","https://shop.mango.com/in/en/p/men/t-shirts/regular-fit-striped-100-cotton-shirt/17037774/45/00","https://media.mango.com/is/image/punto/17037774-45-030?wid=2048&hei=2867&fit=crop","","","XS","S","M","L","XL","Regular-fit striped 100% cotton shirt","Initial price struck through [Rs. 2,490.00 ]","Rs. 1,992.00","","","","XXL","","","","","","","","Rs. 2,490.00","Current price [Rs. 1,992.00 ]"
"https://shop.mango.com/in/en/p/men/t-shirts/long-sleeve/perkins-neck-long-sleeved-t-shirt/27061311/32/00","https://media.mango.com/is/image/punto/27061311-32-002?wid=2048&hei=2867&fit=crop","https://media.mango.com/is/image/punto/27061311-32-001?wid=2048&hei=2867&fit=crop","https://media.mango.com/is/image/punto/27061311-32-003?wid=2048&hei=2867&fit=crop","https://shop.mango.com/in/en/p/men/t-shirts/long-sleeve/perkins-neck-long-sleeved-t-shirt/27061311/32/00","https://media.mango.com/is/image/punto/27061311-32-004?wid=2048&hei=2867&fit=crop","https://media.mango.com/is/image/punto/27061311-32-008?wid=2048&hei=2867&fit=crop","https://media.mango.com/is/image/punto/27061311-32-023?wid=2048&hei=2867&fit=crop","https://media.mango.com/is/image/punto/27061311-32-900?wid=2048&hei=2867&fit=crop","https://shop.mango.com/in/en/p/men/t-shirts/long-sleeve/perkins-neck-long-sleeved-t-shirt/27061311/32/00","https://media.mango.com/is/image/punto/27061311-32-030?wid=2048&hei=2867&fit=crop","","","XS","S","M","L","XL","Perkins-neck long-sleeved t-shirt","Initial price struck through [Rs. 3,290.00 ]","Rs. 2,303.00","Colours","https://media.mango.com/is/image/punto/27061311-32-020?wid=40","https://media.mango.com/is/image/punto/27061311-99-020?wid=40","XXL","","","","","","","","Rs. 3,290.00","Current price [Rs. 2,303.00 ]"
"https://shop.mango.com/in/en/p/men/t-shirts/long-sleeve/perkins-neck-long-sleeved-t-shirt/27061311/99/00","https://media.mango.com/is/image/punto/27061311-99-002?wid=2048&hei=2867&fit=crop","https://media.mango.com/is/image/punto/27061311-99-001?wid=2048&hei=2867&fit=crop","https://media.mango.com/is/image/punto/27061311-99-003?wid=2048&hei=2867&fit=crop","https://shop.mango.com/in/en/p/men/t-shirts/long-sleeve/perkins-neck-long-sleeved-t-shirt/27061311/99/00","https://media.mango.com/is/image/punto/27061311-99-004?wid=2048&hei=2867&fit=crop","https://media.mango.com/is/image/punto/27061311-99-007?wid=2048&hei=2867&fit=crop","https://media.mango.com/is/image/punto/27061311-99-023?wid=2048&hei=2867&fit=crop","https://media.mango.com/is/image/punto/27061311-99-900?wid=2048&hei=2867&fit=crop","https://shop.mango.com/in/en/p/men/t-shirts/long-sleeve/perkins-neck-long-sleeved-t-shirt/27061311/99/00","https://media.mango.com/is/image/punto/27061311-99-030?wid=2048&hei=2867&fit=crop","","","XS","S","M","L","XL","Perkins-neck long-sleeved t-shirt","Initial price struck through [Rs. 3,290.00 ]","Rs. 2,303.00","Colours","https://media.mango.com/is/image/punto/27061311-99-020?wid=40","https://media.mango.com/is/image/punto/27061311-32-020?wid=40","XXL","","","","","","","","Rs. 3,290.00","Current price [Rs. 2,303.00 ]"
"https://shop.mango.com/in/en/p/men/t-shirts/basics/heavy-weight-relaxed-fit-t-shirt/27054430/36/00","https://media.mango.com/is/image/punto/27054430-36-002?wid=2048&hei=2867&fit=crop","https://media.mango.com/is/image/punto/27054430-36-001?wid=2048&hei=2867&fit=crop","https://media.mango.com/is/image/punto/27054430-36-003?wid=2048&hei=2867&fit=crop","https://shop.mango.com/in/en/p/men/t-shirts/basics/heavy-weight-relaxed-fit-t-shirt/27054430/36/00","https://media.mango.com/is/image/punto/27054430-36-004?wid=2048&hei=2867&fit=crop","https://media.mango.com/is/image/punto/27054430-36-008?wid=2048&hei=2867&fit=crop","https://media.mango.com/is/image/punto/27054430-36-023?wid=2048&hei=2867&fit=crop","https://media.mango.com/is/image/punto/27054430-36-900?wid=2048&hei=2867&fit=crop","https://shop.mango.com/in/en/p/men/t-shirts/basics/heavy-weight-relaxed-fit-t-shirt/27054430/36/00","https://media.mango.com/is/image/punto/27054430-36-030?wid=2048&hei=2867&fit=crop","","","XS","S","M","L","XL","Heavy weight relaxed fit T-shirt","Initial price struck through [Rs. 1,990.00 ]","Rs. 1,592.00","Colours","https://media.mango.com/is/image/punto/27054430-36-020?wid=40","https://media.mango.com/is/image/punto/27054430-99-020?wid=40","XXL","https://media.mango.com/is/image/punto/27054430-56-020?wid=40","https://media.mango.com/is/image/punto/27054430-05-020?wid=40","https://media.mango.com/is/image/punto/27054430-39-020?wid=40","https://media.mango.com/is/image/punto/27054430-50-020?wid=40","","","","Rs. 1,990.00","Current price [Rs. 1,592.00 ]"
"https://shop.mango.com/in/en/p/men/t-shirts/basics/100-cotton-t-shirt-regular-fit/27041264/75/00","https://media.mango.com/is/image/punto/27041264-75-002?wid=2048&hei=2867&fit=crop","https://media.mango.com/is/image/punto/27041264-75-001?wid=2048&hei=2867&fit=crop","https://media.mango.com/is/image/punto/27041264-75-003?wid=2048&hei=2867&fit=crop","https://shop.mango.com/in/en/p/men/t-shirts/basics/100-cotton-t-shirt-regular-fit/27041264/75/00","https://media.mango.com/is/image/punto/27041264-75-004?wid=2048&hei=2867&fit=crop","https://media.mango.com/is/image/punto/27041264-75-008?wid=2048&hei=2867&fit=crop","https://media.mango.com/is/image/punto/27041264-75-023?wid=2048&hei=2867&fit=crop","https://media.mango.com/is/image/punto/27041264-75-900?wid=2048&hei=2867&fit=crop","https://shop.mango.com/in/en/p/men/t-shirts/basics/100-cotton-t-shirt-regular-fit/27041264/75/00","https://media.mango.com/is/image/punto/27041264-75-030?wid=2048&hei=2867&fit=crop","","","XS","S","M","L","XL","100% cotton T-shirt regular fit","Initial price struck through [Rs. 2,490.00 ]","Rs. 1,992.00","Colours","https://media.mango.com/is/image/punto/27041264-75-020?wid=40","https://media.mango.com/is/image/punto/27041264-01-020?wid=40","XXL","https://media.mango.com/is/image/punto/27041264-45-020?wid=40","https://media.mango.com/is/image/punto/27041264-56-020?wid=40","https://media.mango.com/is/image/punto/27041264-35-020?wid=40","https://media.mango.com/is/image/punto/27041264-26-020?wid=40","https://media.mango.com/is/image/punto/27041264-07-020?wid=40","https://media.mango.com/is/image/punto/27041264-50-020?wid=40","ESSENTIALS","Rs. 2,490.00","Current price [Rs. 1,992.00 ]"
"https://shop.mango.com/in/en/p/men/t-shirts/basics/slim-fit-ribbed-tank-top/27027915/99/00","https://media.mango.com/is/image/punto/27027915-99-002?wid=2048&hei=2867&fit=crop","https://media.mango.com/is/image/punto/27027915-99-001?wid=2048&hei=2867&fit=crop","https://media.mango.com/is/image/punto/27027915-99-003?wid=2048&hei=2867&fit=crop","https://shop.mango.com/in/en/p/men/t-shirts/basics/slim-fit-ribbed-tank-top/27027915/99/00","https://media.mango.com/is/image/punto/27027915-99-004?wid=2048&hei=2867&fit=crop","https://media.mango.com/is/image/punto/27027915-99-008?wid=2048&hei=2867&fit=crop","https://media.mango.com/is/image/punto/27027915-99-023?wid=2048&hei=2867&fit=crop","https://media.mango.com/is/image/punto/27027915-99-900?wid=2048&hei=2867&fit=crop","https://shop.mango.com/in/en/p/men/t-shirts/basics/slim-fit-ribbed-tank-top/27027915/99/00","https://media.mango.com/is/image/punto/27027915-99-030?wid=2048&hei=2867&fit=crop","","","S","M","L","XL","XXL","Slim fit ribbed tank top","Initial price struck through [Rs. 3,890.00 ]","Rs. 3,590.00","Colours","https://media.mango.com/is/image/punto/27027915-99-020?wid=40","https://media.mango.com/is/image/punto/27027915-02-020?wid=40","","","","","","","","","Rs. 3,890.00","Current price [Rs. 3,590.00 ]"
"https://shop.mango.com/in/en/p/men/t-shirts/basics/100-cotton-t-shirt-regular-fit/27041264/43/00","https://media.mango.com/is/image/punto/27041264-43-002?wid=2048&hei=2867&fit=crop","https://media.mango.com/is/image/punto/27041264-43-001?wid=2048&hei=2867&fit=crop","https://media.mango.com/is/image/punto/27041264-43-003?wid=2048&hei=2867&fit=crop","https://shop.mango.com/in/en/p/men/t-shirts/basics/100-cotton-t-shirt-regular-fit/27041264/43/00","https://media.mango.com/is/image/punto/27041264-43-004?wid=2048&hei=2867&fit=crop","https://media.mango.com/is/image/punto/27041264-43-008?wid=2048&hei=2867&fit=crop","https://media.mango.com/is/image/punto/27041264-43-023?wid=2048&hei=2867&fit=crop","https://media.mango.com/is/image/punto/27041264-43-900?wid=2048&hei=2867&fit=crop","https://shop.mango.com/in/en/p/men/t-shirts/basics/100-cotton-t-shirt-regular-fit/27041264/43/00","https://media.mango.com/is/image/punto/27041264-43-030?wid=2048&hei=2867&fit=crop","","","XS","S","M","L","XL","100% cotton T-shirt regular fit","Initial price struck through [Rs. 2,490.00 ]","Rs. 1,992.00","Colours","https://media.mango.com/is/image/punto/27041264-43-020?wid=40","https://media.mango.com/is/image/punto/27041264-01-020?wid=40","XXL","https://media.mango.com/is/image/punto/27041264-45-020?wid=40","https://media.mango.com/is/image/punto/27041264-56-020?wid=40","https://media.mango.com/is/image/punto/27041264-35-020?wid=40","https://media.mango.com/is/image/punto/27041264-26-020?wid=40","https://media.mango.com/is/image/punto/27041264-07-020?wid=40","https://media.mango.com/is/image/punto/27041264-50-020?wid=40","ESSENTIALS","Rs. 2,490.00","Current price [Rs. 1,992.00 ]"
"https://shop.mango.com/in/en/p/men/t-shirts/basics/coolmax-slim-fit-t-shirt/27067909/70/00","https://media.mango.com/is/image/punto/27067909-70-002?wid=2048&hei=2867&fit=crop","https://media.mango.com/is/image/punto/27067909-70-001?wid=2048&hei=2867&fit=crop","https://media.mango.com/is/image/punto/27067909-70-003?wid=2048&hei=2867&fit=crop","https://shop.mango.com/in/en/p/men/t-shirts/basics/coolmax-slim-fit-t-shirt/27067909/70/00","https://media.mango.com/is/image/punto/27067909-70-004?wid=2048&hei=2867&fit=crop","https://media.mango.com/is/image/punto/27067909-70-008?wid=2048&hei=2867&fit=crop","https://media.mango.com/is/image/punto/27067909-70-558?wid=2048&hei=2867&fit=crop","https://media.mango.com/is/image/punto/27067909-70-011?wid=2048&hei=2867&fit=crop","https://shop.mango.com/in/en/p/men/t-shirts/basics/coolmax-slim-fit-t-shirt/27067909/70/00","https://media.mango.com/is/image/punto/27067909-70-023?wid=2048&hei=2867&fit=crop","https://shop.mango.com/in/en/p/men/t-shirts/basics/coolmax-slim-fit-t-shirt/27067909/70/00","https://media.mango.com/is/image/punto/27067909-70-562?wid=2048&hei=2867&fit=crop","XS","S","M","L","XL","COOLMAX® slim fit T-shirt","Current price [Rs. 3,890.00 ]","Rs. 3,890.00","Colours","https://media.mango.com/is/image/punto/27067909-70-020?wid=40","https://media.mango.com/is/image/punto/27067909-50-020?wid=40","XXL","","","","","","","PERFORMANCE","",""
"https://shop.mango.com/in/en/p/men/t-shirts/plain/slim-fit-comfort-stretch-coolmax--t-shirt/27034426/51/00","https://media.mango.com/is/image/punto/27034426-51-002?wid=2048&hei=2867&fit=crop","https://media.mango.com/is/image/punto/27034426-51-001?wid=2048&hei=2867&fit=crop","https://media.mango.com/is/image/punto/27034426-51-003?wid=2048&hei=2867&fit=crop","https://shop.mango.com/in/en/p/men/t-shirts/plain/slim-fit-comfort-stretch-coolmax--t-shirt/27034426/51/00","https://media.mango.com/is/image/punto/27034426-51-004?wid=2048&hei=2867&fit=crop","https://media.mango.com/is/image/punto/27034426-51-008?wid=2048&hei=2867&fit=crop","https://media.mango.com/is/image/punto/27034426-51-023?wid=2048&hei=2867&fit=crop","https://media.mango.com/is/image/punto/27034426-51-031?wid=2048&hei=2867&fit=crop","https://shop.mango.com/in/en/p/men/t-shirts/plain/slim-fit-comfort-stretch-coolmax--t-shirt/27034426/51/00","https://media.mango.com/is/image/punto/27034426-51-900?wid=2048&hei=2867&fit=crop","https://shop.mango.com/in/en/p/men/t-shirts/plain/slim-fit-comfort-stretch-coolmax--t-shirt/27034426/51/00","https://media.mango.com/is/image/punto/27034426-51-030?wid=2048&hei=2867&fit=crop","XS","S","M","L","XL","Slim fit comfort stretch Coolmax ® T-shirt","Initial price struck through [Rs. 3,890.00 ]","Rs. 2,334.00","Colours","https://media.mango.com/is/image/punto/27034426-51-020?wid=40","https://media.mango.com/is/image/punto/27034426-01-020?wid=40","XXL","https://media.mango.com/is/image/punto/27034426-56-020?wid=40","","","","","","PERFORMANCE","Rs. 3,890.00","Current price [Rs. 2,334.00 ]"
"https://shop.mango.com/in/en/p/men/t-shirts/100-cotton-t-shirt-text/27021241/50/00","https://media.mango.com/is/image/punto/27021241-50-002?wid=2048&hei=2867&fit=crop","https://media.mango.com/is/image/punto/27021241-50-001?wid=2048&hei=2867&fit=crop","https://media.mango.com/is/image/punto/27021241-50-003?wid=2048&hei=2867&fit=crop","https://shop.mango.com/in/en/p/men/t-shirts/100-cotton-t-shirt-text/27021241/50/00","https://media.mango.com/is/image/punto/27021241-50-004?wid=2048&hei=2867&fit=crop","https://media.mango.com/is/image/punto/27021241-50-008?wid=2048&hei=2867&fit=crop","https://media.mango.com/is/image/punto/27021241-50-023?wid=2048&hei=2867&fit=crop","https://media.mango.com/is/image/punto/27021241-50-900?wid=2048&hei=2867&fit=crop","https://shop.mango.com/in/en/p/men/t-shirts/100-cotton-t-shirt-text/27021241/50/00","https://media.mango.com/is/image/punto/27021241-50-030?wid=2048&hei=2867&fit=crop","","","XS","S","M","L","XL","100% cotton t-shirt text","Initial price struck through [Rs. 2,890.00 ]","Rs. 2,023.00","","","","XXL","","","","","","","","Rs. 2,890.00","Current price [Rs. 2,023.00 ]"
"https://shop.mango.com/in/en/p/men/t-shirts/basics/slim-fit-short-sleeved-t-shirt/27021243/70/00","https://media.mango.com/is/image/punto/27021243-70-002?wid=2048&hei=2867&fit=crop","https://media.mango.com/is/image/punto/27021243-70-001?wid=2048&hei=2867&fit=crop","https://media.mango.com/is/image/punto/27021243-70-003?wid=2048&hei=2867&fit=crop","https://shop.mango.com/in/en/p/men/t-shirts/basics/slim-fit-short-sleeved-t-shirt/27021243/70/00","https://media.mango.com/is/image/punto/27021243-70-004?wid=2048&hei=2867&fit=crop","https://media.mango.com/is/image/punto/27021243-70-008?wid=2048&hei=2867&fit=crop","https://media.mango.com/is/image/punto/27021243-70-023?wid=2048&hei=2867&fit=crop","https://media.mango.com/is/image/punto/27021243-70-900?wid=2048&hei=2867&fit=crop","https://shop.mango.com/in/en/p/men/t-shirts/basics/slim-fit-short-sleeved-t-shirt/27021243/70/00","https://media.mango.com/is/image/punto/27021243-70-030?wid=2048&hei=2867&fit=crop","","","XS","S","M","L","XL","Slim-fit short-sleeved t-shirt","Initial price struck through [Rs. 1,490.00 ]","Rs. 1,043.00","Colours","https://media.mango.com/is/image/punto/27021243-70-020?wid=40","https://media.mango.com/is/image/punto/27021243-15-020?wid=40","XXL","https://media.mango.com/is/image/punto/27021243-50-020?wid=40","","","","","","","Rs. 1,490.00","Current price [Rs. 1,043.00 ]"
"https://shop.mango.com/in/en/p/men/t-shirts/basics/slim-fit-short-sleeved-t-shirt/27037911/49/00","https://media.mango.com/is/image/punto/27037911-49-002?wid=2048&hei=2867&fit=crop","https://media.mango.com/is/image/punto/27037911-49-001?wid=2048&hei=2867&fit=crop","https://media.mango.com/is/image/punto/27037911-49-003?wid=2048&hei=2867&fit=crop","https://shop.mango.com/in/en/p/men/t-shirts/basics/slim-fit-short-sleeved-t-shirt/27037911/49/00","https://media.mango.com/is/image/punto/27037911-49-004?wid=2048&hei=2867&fit=crop","https://media.mango.com/is/image/punto/27037911-49-008?wid=2048&hei=2867&fit=crop","https://media.mango.com/is/image/punto/27037911-49-023?wid=2048&hei=2867&fit=crop","https://media.mango.com/is/image/punto/27037911-49-900?wid=2048&hei=2867&fit=crop","https://shop.mango.com/in/en/p/men/t-shirts/basics/slim-fit-short-sleeved-t-shirt/27037911/49/00","https://media.mango.com/is/image/punto/27037911-49-030?wid=2048&hei=2867&fit=crop","","","XS","S","M","L","XL","Slim-fit short-sleeved t-shirt","Initial price struck through [Rs. 3,290.00 ]","Rs. 2,303.00","Colours","https://media.mango.com/is/image/punto/27037911-49-020?wid=40","https://media.mango.com/is/image/punto/27037911-01-020?wid=40","XXL","","","","","","","","Rs. 3,290.00","Current price [Rs. 2,303.00 ]"
"https://shop.mango.com/in/en/p/men/t-shirts/basics/coolmax-slim-fit-t-shirt/27067909/50/00","https://media.mango.com/is/image/punto/27067909-50-002?wid=2048&hei=2867&fit=crop","https://media.mango.com/is/image/punto/27067909-50-001?wid=2048&hei=2867&fit=crop","https://media.mango.com/is/image/punto/27067909-50-003?wid=2048&hei=2867&fit=crop","https://shop.mango.com/in/en/p/men/t-shirts/basics/coolmax-slim-fit-t-shirt/27067909/50/00","https://media.mango.com/is/image/punto/27067909-50-004?wid=2048&hei=2867&fit=crop","https://media.mango.com/is/image/punto/27067909-50-008?wid=2048&hei=2867&fit=crop","https://media.mango.com/is/image/punto/27067909-50-558?wid=2048&hei=2867&fit=crop","https://media.mango.com/is/image/punto/27067909-50-011?wid=2048&hei=2867&fit=crop","https://shop.mango.com/in/en/p/men/t-shirts/basics/coolmax-slim-fit-t-shirt/27067909/50/00","https://media.mango.com/is/image/punto/27067909-50-023?wid=2048&hei=2867&fit=crop","https://shop.mango.com/in/en/p/men/t-shirts/basics/coolmax-slim-fit-t-shirt/27067909/50/00","https://media.mango.com/is/image/punto/27067909-50-562?wid=2048&hei=2867&fit=crop","XS","S","M","L","XL","COOLMAX® slim fit T-shirt","Current price [Rs. 3,890.00 ]","Rs. 3,890.00","Colours","https://media.mango.com/is/image/punto/27067909-50-020?wid=40","https://media.mango.com/is/image/punto/27067909-70-020?wid=40","XXL","","","","","","","PERFORMANCE","",""
"https://shop.mango.com/in/en/p/men/t-shirts/printed/100-cotton-t-shirt-with-embroidered-graphic-pocket/27036000/01/00","https://media.mango.com/is/image/punto/27036000-01-002?wid=2048&hei=2867&fit=crop","https://media.mango.com/is/image/punto/27036000-01-001?wid=2048&hei=2867&fit=crop","https://media.mango.com/is/image/punto/27036000-01-003?wid=2048&hei=2867&fit=crop","https://shop.mango.com/in/en/p/men/t-shirts/printed/100-cotton-t-shirt-with-embroidered-graphic-pocket/27036000/01/00","https://media.mango.com/is/image/punto/27036000-01-004?wid=2048&hei=2867&fit=crop","https://media.mango.com/is/image/punto/27036000-01-008?wid=2048&hei=2867&fit=crop","https://media.mango.com/is/image/punto/27036000-01-011?wid=2048&hei=2867&fit=crop","https://media.mango.com/is/image/punto/27036000-01-023?wid=2048&hei=2867&fit=crop","https://shop.mango.com/in/en/p/men/t-shirts/printed/100-cotton-t-shirt-with-embroidered-graphic-pocket/27036000/01/00","https://media.mango.com/is/image/punto/27036000-01-900?wid=2048&hei=2867&fit=crop","https://shop.mango.com/in/en/p/men/t-shirts/printed/100-cotton-t-shirt-with-embroidered-graphic-pocket/27036000/01/00","https://media.mango.com/is/image/punto/27036000-01-030?wid=2048&hei=2867&fit=crop","XS","S","M","L","XL","100% cotton T-shirt with embroidered graphic pocket","Initial price struck through [Rs. 2,890.00 ]","Rs. 2,640.00","","","","XXL","","","","","","","Online Exclusive","Rs. 2,890.00","Current price [Rs. 2,640.00 ]"
"https://shop.mango.com/in/en/p/men/t-shirts/slim-fit/slim-fit-comfort-stretch-coolmax--t-shirt/27064425/97/00","https://media.mango.com/is/image/punto/27064425-97-002?wid=2048&hei=2867&fit=crop","https://media.mango.com/is/image/punto/27064425-97-001?wid=2048&hei=2867&fit=crop","https://media.mango.com/is/image/punto/27064425-97-003?wid=2048&hei=2867&fit=crop","https://shop.mango.com/in/en/p/men/t-shirts/slim-fit/slim-fit-comfort-stretch-coolmax--t-shirt/27064425/97/00","https://media.mango.com/is/image/punto/27064425-97-004?wid=2048&hei=2867&fit=crop","https://media.mango.com/is/image/punto/27064425-97-008?wid=2048&hei=2867&fit=crop","https://media.mango.com/is/image/punto/27064425-97-023?wid=2048&hei=2867&fit=crop","https://media.mango.com/is/image/punto/27064425-97-031?wid=2048&hei=2867&fit=crop","https://shop.mango.com/in/en/p/men/t-shirts/slim-fit/slim-fit-comfort-stretch-coolmax--t-shirt/27064425/97/00","https://media.mango.com/is/image/punto/27064425-97-900?wid=2048&hei=2867&fit=crop","https://shop.mango.com/in/en/p/men/t-shirts/slim-fit/slim-fit-comfort-stretch-coolmax--t-shirt/27064425/97/00","https://media.mango.com/is/image/punto/27064425-97-030?wid=2048&hei=2867&fit=crop","XS","S","M","L","XL","Slim fit comfort stretch Coolmax ® T-shirt","Initial price struck through [Rs. 3,890.00 ]","Rs. 2,334.00","Colours","https://media.mango.com/is/image/punto/27064425-97-020?wid=40","https://media.mango.com/is/image/punto/27064425-01-020?wid=40","XXL","","","","","","","PERFORMANCE","Rs. 3,890.00","Current price [Rs. 2,334.00 ]"
"https://shop.mango.com/in/en/p/men/t-shirts/basics/100-cotton-striped-jersey-t-shirt/27047914/08/00","https://media.mango.com/is/image/punto/27047914-08-002?wid=2048&hei=2867&fit=crop","https://media.mango.com/is/image/punto/27047914-08-001?wid=2048&hei=2867&fit=crop","https://media.mango.com/is/image/punto/27047914-08-003?wid=2048&hei=2867&fit=crop","https://shop.mango.com/in/en/p/men/t-shirts/basics/100-cotton-striped-jersey-t-shirt/27047914/08/00","https://media.mango.com/is/image/punto/27047914-08-004?wid=2048&hei=2867&fit=crop","https://media.mango.com/is/image/punto/27047914-08-008?wid=2048&hei=2867&fit=crop","https://media.mango.com/is/image/punto/27047914-08-023?wid=2048&hei=2867&fit=crop","https://media.mango.com/is/image/punto/27047914-08-900?wid=2048&hei=2867&fit=crop","https://shop.mango.com/in/en/p/men/t-shirts/basics/100-cotton-striped-jersey-t-shirt/27047914/08/00","https://media.mango.com/is/image/punto/27047914-08-030?wid=2048&hei=2867&fit=crop","","","S","M","L","XL","XXL","100% cotton striped jersey T-shirt","Initial price struck through [Rs. 3,890.00 ]","Rs. 2,334.00","Colours","https://media.mango.com/is/image/punto/27047914-08-020?wid=40","https://media.mango.com/is/image/punto/27047914-02-020?wid=40","","","","","","","","Online Exclusive","Rs. 3,890.00","Current price [Rs. 2,334.00 ]"
"https://shop.mango.com/in/en/p/men/t-shirts/basics/100-cotton-t-shirt-regular-fit/27045964/56/00","https://media.mango.com/is/image/punto/27045964-56-002?wid=2048&hei=2867&fit=crop","https://media.mango.com/is/image/punto/27045964-56-001?wid=2048&hei=2867&fit=crop","https://media.mango.com/is/image/punto/27045964-56-003?wid=2048&hei=2867&fit=crop","https://shop.mango.com/in/en/p/men/t-shirts/basics/100-cotton-t-shirt-regular-fit/27045964/56/00","https://media.mango.com/is/image/punto/27045964-56-004?wid=2048&hei=2867&fit=crop","https://media.mango.com/is/image/punto/27045964-56-008?wid=2048&hei=2867&fit=crop","https://media.mango.com/is/image/punto/27045964-56-023?wid=2048&hei=2867&fit=crop","https://media.mango.com/is/image/punto/27045964-56-900?wid=2048&hei=2867&fit=crop","https://shop.mango.com/in/en/p/men/t-shirts/basics/100-cotton-t-shirt-regular-fit/27045964/56/00","https://media.mango.com/is/image/punto/27045964-56-030?wid=2048&hei=2867&fit=crop","","","XS","S","M","L","XL","100% cotton T-shirt regular fit","Initial price struck through [Rs. 3,290.00 ]","Rs. 2,303.00","Colours","https://media.mango.com/is/image/punto/27045964-56-020?wid=40","https://media.mango.com/is/image/punto/27045964-01-020?wid=40","XXL","https://media.mango.com/is/image/punto/27045964-51-020?wid=40","https://media.mango.com/is/image/punto/27045964-41-020?wid=40","","","","","","Rs. 3,290.00","Current price [Rs. 2,303.00 ]"
"https://shop.mango.com/in/en/p/men/t-shirts/printed/regular-fit-striped-t-shirt/27075987/56/00","https://media.mango.com/is/image/punto/27075987-56-002?wid=2048&hei=2867&fit=crop","https://media.mango.com/is/image/punto/27075987-56-001?wid=2048&hei=2867&fit=crop","https://media.mango.com/is/image/punto/27075987-56-003?wid=2048&hei=2867&fit=crop","https://shop.mango.com/in/en/p/men/t-shirts/printed/regular-fit-striped-t-shirt/27075987/56/00","https://media.mango.com/is/image/punto/27075987-56-004?wid=2048&hei=2867&fit=crop","https://media.mango.com/is/image/punto/27075987-56-008?wid=2048&hei=2867&fit=crop","https://media.mango.com/is/image/punto/27075987-56-007?wid=2048&hei=2867&fit=crop","https://media.mango.com/is/image/punto/27075987-56-011?wid=2048&hei=2867&fit=crop","https://shop.mango.com/in/en/p/men/t-shirts/printed/regular-fit-striped-t-shirt/27075987/56/00","https://media.mango.com/is/image/punto/27075987-56-900?wid=2048&hei=2867&fit=crop","https://shop.mango.com/in/en/p/men/t-shirts/printed/regular-fit-striped-t-shirt/27075987/56/00","https://media.mango.com/is/image/punto/27075987-56-030?wid=2048&hei=2867&fit=crop","XS","S","M","L","XL","Regular fit striped T-shirt","Initial price struck through [Rs. 3,290.00 ]","Rs. 2,990.00","Colours","https://media.mango.com/is/image/punto/27075987-56-023?wid=40","https://media.mango.com/is/image/punto/27075987-01-043?wid=40","XXL","","","","","","","Online Exclusive","Rs. 3,290.00","Current price [Rs. 2,990.00 ]"
"https://shop.mango.com/in/en/p/men/t-shirts/knitwear/cotton-fine-knit-t-shirt/27037918/56/00","https://media.mango.com/is/image/punto/27037918-56-002?wid=2048&hei=2867&fit=crop","https://media.mango.com/is/image/punto/27037918-56-001?wid=2048&hei=2867&fit=crop","https://media.mango.com/is/image/punto/27037918-56-003?wid=2048&hei=2867&fit=crop","https://shop.mango.com/in/en/p/men/t-shirts/knitwear/cotton-fine-knit-t-shirt/27037918/56/00","https://media.mango.com/is/image/punto/27037918-56-004?wid=2048&hei=2867&fit=crop","https://media.mango.com/is/image/punto/27037918-56-008?wid=2048&hei=2867&fit=crop","https://media.mango.com/is/image/punto/27037918-56-007?wid=2048&hei=2867&fit=crop","https://media.mango.com/is/image/punto/27037918-56-011?wid=2048&hei=2867&fit=crop","https://shop.mango.com/in/en/p/men/t-shirts/knitwear/cotton-fine-knit-t-shirt/27037918/56/00","https://media.mango.com/is/image/punto/27037918-56-023?wid=2048&hei=2867&fit=crop","https://shop.mango.com/in/en/p/men/t-shirts/knitwear/cotton-fine-knit-t-shirt/27037918/56/00","https://media.mango.com/is/image/punto/27037918-56-900?wid=2048&hei=2867&fit=crop","S","M","L","XL","","Cotton fine-knit t-shirt","Initial price struck through [Rs. 5,990.00 ]","Rs. 5,540.00","Colours","https://media.mango.com/is/image/punto/27037918-56-020?wid=40","https://media.mango.com/is/image/punto/27037918-28-020?wid=40","","","","","","","","Selection","Rs. 5,990.00","Current price [Rs. 5,540.00 ]"
"https://shop.mango.com/in/en/p/men/t-shirts/basics/slim-fit-short-sleeved-t-shirt/27037911/01/00","https://media.mango.com/is/image/punto/27037911-01-002?wid=2048&hei=2867&fit=crop","https://media.mango.com/is/image/punto/27037911-01-001?wid=2048&hei=2867&fit=crop","https://media.mango.com/is/image/punto/27037911-01-003?wid=2048&hei=2867&fit=crop","https://shop.mango.com/in/en/p/men/t-shirts/basics/slim-fit-short-sleeved-t-shirt/27037911/01/00","https://media.mango.com/is/image/punto/27037911-01-004?wid=2048&hei=2867&fit=crop","https://media.mango.com/is/image/punto/27037911-01-008?wid=2048&hei=2867&fit=crop","https://media.mango.com/is/image/punto/27037911-01-023?wid=2048&hei=2867&fit=crop","https://media.mango.com/is/image/punto/27037911-01-900?wid=2048&hei=2867&fit=crop","https://shop.mango.com/in/en/p/men/t-shirts/basics/slim-fit-short-sleeved-t-shirt/27037911/01/00","https://media.mango.com/is/image/punto/27037911-01-030?wid=2048&hei=2867&fit=crop","","","XS","S","M","L","XL","Slim-fit short-sleeved t-shirt","Initial price struck through [Rs. 3,290.00 ]","Rs. 2,303.00","Colours","https://media.mango.com/is/image/punto/27037911-01-020?wid=40","https://media.mango.com/is/image/punto/27037911-49-020?wid=40","XXL","","","","","","","","Rs. 3,290.00","Current price [Rs. 2,303.00 ]"
"https://shop.mango.com/in/en/p/men/t-shirts/basics/medium-weight-regular-fit-t-shirt/27041262/51/00","https://media.mango.com/is/image/punto/27041262-51-002?wid=2048&hei=2867&fit=crop","https://media.mango.com/is/image/punto/27041262-51-001?wid=2048&hei=2867&fit=crop","https://media.mango.com/is/image/punto/27041262-51-003?wid=2048&hei=2867&fit=crop","https://shop.mango.com/in/en/p/men/t-shirts/basics/medium-weight-regular-fit-t-shirt/27041262/51/00","https://media.mango.com/is/image/punto/27041262-51-004?wid=2048&hei=2867&fit=crop","https://media.mango.com/is/image/punto/27041262-51-008?wid=2048&hei=2867&fit=crop","https://media.mango.com/is/image/punto/27041262-51-007?wid=2048&hei=2867&fit=crop","https://media.mango.com/is/image/punto/27041262-51-023?wid=2048&hei=2867&fit=crop","https://shop.mango.com/in/en/p/men/t-shirts/basics/medium-weight-regular-fit-t-shirt/27041262/51/00","https://media.mango.com/is/image/punto/27041262-51-900?wid=2048&hei=2867&fit=crop","https://shop.mango.com/in/en/p/men/t-shirts/basics/medium-weight-regular-fit-t-shirt/27041262/51/00","https://media.mango.com/is/image/punto/27041262-51-030?wid=2048&hei=2867&fit=crop","XS","S","M","L","XL","Medium weight regular fit T-shirt","Initial price struck through [Rs. 2,490.00 ]","Rs. 1,992.00","Colours","https://media.mango.com/is/image/punto/27041262-51-020?wid=40","https://media.mango.com/is/image/punto/27041262-66-020?wid=40","XXL","https://media.mango.com/is/image/punto/27041262-99-020?wid=40","https://media.mango.com/is/image/punto/27041262-56-020?wid=40","https://media.mango.com/is/image/punto/27041262-02-020?wid=40","https://media.mango.com/is/image/punto/27041262-58-020?wid=40","https://media.mango.com/is/image/punto/27041262-09-020?wid=40","https://media.mango.com/is/image/punto/27041262-83-020?wid=40","","Rs. 2,490.00","Current price [Rs. 1,992.00 ]"
"https://shop.mango.com/in/en/p/men/t-shirts/printed/slim-fit-striped-coolmax-t-shirt/27057910/56/00","https://media.mango.com/is/image/punto/27057910-56-002?wid=2048&hei=2867&fit=crop","https://media.mango.com/is/image/punto/27057910-56-001?wid=2048&hei=2867&fit=crop","https://media.mango.com/is/image/punto/27057910-56-003?wid=2048&hei=2867&fit=crop","https://shop.mango.com/in/en/p/men/t-shirts/printed/slim-fit-striped-coolmax-t-shirt/27057910/56/00","https://media.mango.com/is/image/punto/27057910-56-004?wid=2048&hei=2867&fit=crop","https://media.mango.com/is/image/punto/27057910-56-008?wid=2048&hei=2867&fit=crop","https://media.mango.com/is/image/punto/27057910-56-558?wid=2048&hei=2867&fit=crop","https://media.mango.com/is/image/punto/27057910-56-559?wid=2048&hei=2867&fit=crop","https://shop.mango.com/in/en/p/men/t-shirts/printed/slim-fit-striped-coolmax-t-shirt/27057910/56/00","https://media.mango.com/is/image/punto/27057910-56-023?wid=2048&hei=2867&fit=crop","https://shop.mango.com/in/en/p/men/t-shirts/printed/slim-fit-striped-coolmax-t-shirt/27057910/56/00","https://media.mango.com/is/image/punto/27057910-56-562?wid=2048&hei=2867&fit=crop","XS","S","M","L","XL","Slim fit striped COOLMAX® T-shirt","Current price [Rs. 3,890.00 ]","Rs. 3,890.00","","","","XXL","","","","","","","PERFORMANCE","",""
"https://shop.mango.com/in/en/p/men/t-shirts/basics/slim-fit-short-sleeved-t-shirt/27021243/15/00","https://media.mango.com/is/image/punto/27021243-15-002?wid=2048&hei=2867&fit=crop","https://media.mango.com/is/image/punto/27021243-15-001?wid=2048&hei=2867&fit=crop","https://media.mango.com/is/image/punto/27021243-15-003?wid=2048&hei=2867&fit=crop","https://shop.mango.com/in/en/p/men/t-shirts/basics/slim-fit-short-sleeved-t-shirt/27021243/15/00","https://media.mango.com/is/image/punto/27021243-15-004?wid=2048&hei=2867&fit=crop","https://media.mango.com/is/image/punto/27021243-15-008?wid=2048&hei=2867&fit=crop","https://media.mango.com/is/image/punto/27021243-15-023?wid=2048&hei=2867&fit=crop","https://media.mango.com/is/image/punto/27021243-15-900?wid=2048&hei=2867&fit=crop","https://shop.mango.com/in/en/p/men/t-shirts/basics/slim-fit-short-sleeved-t-shirt/27021243/15/00","https://media.mango.com/is/image/punto/27021243-15-030?wid=2048&hei=2867&fit=crop","","","XS","S","M","L","XL","Slim-fit short-sleeved t-shirt","Initial price struck through [Rs. 1,490.00 ]","Rs. 1,043.00","Colours","https://media.mango.com/is/image/punto/27021243-15-020?wid=40","https://media.mango.com/is/image/punto/27021243-70-020?wid=40","XXL","https://media.mango.com/is/image/punto/27021243-50-020?wid=40","","","","","","","Rs. 1,490.00","Current price [Rs. 1,043.00 ]"
"https://shop.mango.com/in/en/p/men/t-shirts/basics/100-cotton-slim-fit-t-shirt/27008284/56/00","https://media.mango.com/is/image/punto/27008284-56-002?wid=2048&hei=2867&fit=crop","https://media.mango.com/is/image/punto/27008284-56-001?wid=2048&hei=2867&fit=crop","https://media.mango.com/is/image/punto/27008284-56-003?wid=2048&hei=2867&fit=crop","https://shop.mango.com/in/en/p/men/t-shirts/basics/100-cotton-slim-fit-t-shirt/27008284/56/00","https://media.mango.com/is/image/punto/27008284-56-004?wid=2048&hei=2867&fit=crop","https://media.mango.com/is/image/punto/27008284-56-008?wid=2048&hei=2867&fit=crop","https://media.mango.com/is/image/punto/27008284-56-011?wid=2048&hei=2867&fit=crop","https://media.mango.com/is/image/punto/27008284-56-023?wid=2048&hei=2867&fit=crop","https://shop.mango.com/in/en/p/men/t-shirts/basics/100-cotton-slim-fit-t-shirt/27008284/56/00","https://media.mango.com/is/image/punto/27008284-56-900?wid=2048&hei=2867&fit=crop","https://shop.mango.com/in/en/p/men/t-shirts/basics/100-cotton-slim-fit-t-shirt/27008284/56/00","https://media.mango.com/is/image/punto/27008284-56-030?wid=2048&hei=2867&fit=crop","XS","S","M","L","XL","100% cotton slim-fit t-shirt","Current price [Rs. 3,590.00 ]","Rs. 3,590.00","","","","XXL","","","","","","","Selection","",""
"https://shop.mango.com/in/en/p/men/t-shirts/printed/regular-fit-striped-t-shirt/27075987/01/00","https://media.mango.com/is/image/punto/27075987-01-002?wid=2048&hei=2867&fit=crop","https://media.mango.com/is/image/punto/27075987-01-001?wid=2048&hei=2867&fit=crop","https://media.mango.com/is/image/punto/27075987-01-003?wid=2048&hei=2867&fit=crop","https://shop.mango.com/in/en/p/men/t-shirts/printed/regular-fit-striped-t-shirt/27075987/01/00","https://media.mango.com/is/image/punto/27075987-01-004?wid=2048&hei=2867&fit=crop","https://media.mango.com/is/image/punto/27075987-01-008?wid=2048&hei=2867&fit=crop","https://media.mango.com/is/image/punto/27075987-01-007?wid=2048&hei=2867&fit=crop","https://media.mango.com/is/image/punto/27075987-01-011?wid=2048&hei=2867&fit=crop","https://shop.mango.com/in/en/p/men/t-shirts/printed/regular-fit-striped-t-shirt/27075987/01/00","https://media.mango.com/is/image/punto/27075987-01-900?wid=2048&hei=2867&fit=crop","https://shop.mango.com/in/en/p/men/t-shirts/printed/regular-fit-striped-t-shirt/27075987/01/00","https://media.mango.com/is/image/punto/27075987-01-030?wid=2048&hei=2867&fit=crop","XS","S","M","L","XL","Regular fit striped T-shirt","Initial price struck through [Rs. 3,290.00 ]","Rs. 2,990.00","Colours","https://media.mango.com/is/image/punto/27075987-01-043?wid=40","https://media.mango.com/is/image/punto/27075987-56-023?wid=40","XXL","","","","","","","Online Exclusive","Rs. 3,290.00","Current price [Rs. 2,990.00 ]"
"https://shop.mango.com/in/en/p/men/t-shirts/basics/medium-weight-regular-fit-t-shirt/27041262/09/00","https://media.mango.com/is/image/punto/27041262-09-002?wid=2048&hei=2867&fit=crop","https://media.mango.com/is/image/punto/27041262-09-001?wid=2048&hei=2867&fit=crop","https://media.mango.com/is/image/punto/27041262-09-003?wid=2048&hei=2867&fit=crop","https://shop.mango.com/in/en/p/men/t-shirts/basics/medium-weight-regular-fit-t-shirt/27041262/09/00","https://media.mango.com/is/image/punto/27041262-09-004?wid=2048&hei=2867&fit=crop","https://media.mango.com/is/image/punto/27041262-09-008?wid=2048&hei=2867&fit=crop","https://media.mango.com/is/image/punto/27041262-09-023?wid=2048&hei=2867&fit=crop","https://media.mango.com/is/image/punto/27041262-09-900?wid=2048&hei=2867&fit=crop","https://shop.mango.com/in/en/p/men/t-shirts/basics/medium-weight-regular-fit-t-shirt/27041262/09/00","https://media.mango.com/is/image/punto/27041262-09-030?wid=2048&hei=2867&fit=crop","","","XS","S","M","L","XL","Medium weight regular fit T-shirt","Initial price struck through [Rs. 2,490.00 ]","Rs. 1,992.00","Colours","https://media.mango.com/is/image/punto/27041262-09-020?wid=40","https://media.mango.com/is/image/punto/27041262-66-020?wid=40","XXL","https://media.mango.com/is/image/punto/27041262-99-020?wid=40","https://media.mango.com/is/image/punto/27041262-56-020?wid=40","https://media.mango.com/is/image/punto/27041262-02-020?wid=40","https://media.mango.com/is/image/punto/27041262-58-020?wid=40","https://media.mango.com/is/image/punto/27041262-83-020?wid=40","https://media.mango.com/is/image/punto/27041262-51-020?wid=40","","Rs. 2,490.00","Current price [Rs. 1,992.00 ]"
"https://shop.mango.com/in/en/p/men/t-shirts/printed/100-cotton-printed-t-shirt/27067792/49/00","https://media.mango.com/is/image/punto/27067792-49-002?wid=2048&hei=2867&fit=crop","https://media.mango.com/is/image/punto/27067792-49-001?wid=2048&hei=2867&fit=crop","https://media.mango.com/is/image/punto/27067792-49-003?wid=2048&hei=2867&fit=crop","https://shop.mango.com/in/en/p/men/t-shirts/printed/100-cotton-printed-t-shirt/27067792/49/00","https://media.mango.com/is/image/punto/27067792-49-004?wid=2048&hei=2867&fit=crop","https://media.mango.com/is/image/punto/27067792-49-008?wid=2048&hei=2867&fit=crop","https://media.mango.com/is/image/punto/27067792-49-011?wid=2048&hei=2867&fit=crop","https://media.mango.com/is/image/punto/27067792-49-023?wid=2048&hei=2867&fit=crop","https://shop.mango.com/in/en/p/men/t-shirts/printed/100-cotton-printed-t-shirt/27067792/49/00","https://media.mango.com/is/image/punto/27067792-49-900?wid=2048&hei=2867&fit=crop","https://shop.mango.com/in/en/p/men/t-shirts/printed/100-cotton-printed-t-shirt/27067792/49/00","https://media.mango.com/is/image/punto/27067792-49-030?wid=2048&hei=2867&fit=crop","S","M","L","XL","","100% cotton printed t-shirt","Initial price struck through [Rs. 3,890.00 ]","Rs. 3,590.00","","","","","","","","","","","MANGO TENNIS CLUB","Rs. 3,890.00","Current price [Rs. 3,590.00 ]"
"https://shop.mango.com/in/en/p/men/t-shirts/basics/100-cotton-slim-fit-t-shirt/27041263/75/00","https://media.mango.com/is/image/punto/27041263-75-002?wid=2048&hei=2867&fit=crop","https://media.mango.com/is/image/punto/27041263-75-001?wid=2048&hei=2867&fit=crop","https://media.mango.com/is/image/punto/27041263-75-003?wid=2048&hei=2867&fit=crop","https://shop.mango.com/in/en/p/men/t-shirts/basics/100-cotton-slim-fit-t-shirt/27041263/75/00","https://media.mango.com/is/image/punto/27041263-75-004?wid=2048&hei=2867&fit=crop","https://media.mango.com/is/image/punto/27041263-75-008?wid=2048&hei=2867&fit=crop","https://media.mango.com/is/image/punto/27041263-75-023?wid=2048&hei=2867&fit=crop","https://media.mango.com/is/image/punto/27041263-75-900?wid=2048&hei=2867&fit=crop","","","","","XS","S","M","L","XL","100% cotton slim-fit t-shirt","Initial price struck through [Rs. 1,490.00 ]","Rs. 1,192.00","Colours","https://media.mango.com/is/image/punto/27041263-75-020?wid=40","https://media.mango.com/is/image/punto/27041263-66-020?wid=40","XXL","https://media.mango.com/is/image/punto/27041263-99-020?wid=40","https://media.mango.com/is/image/punto/27041263-01-020?wid=40","https://media.mango.com/is/image/punto/27041263-56-020?wid=40","https://media.mango.com/is/image/punto/27041263-35-020?wid=40","https://media.mango.com/is/image/punto/27041263-36-020?wid=40","https://media.mango.com/is/image/punto/27041263-48-020?wid=40","","Rs. 1,490.00","Current price [Rs. 1,192.00 ]"
"https://shop.mango.com/in/en/p/men/t-shirts/100-cotton-t-shirt-text/27021242/31/00","https://media.mango.com/is/image/punto/27021242-31-002?wid=2048&hei=2867&fit=crop","https://media.mango.com/is/image/punto/27021242-31-001?wid=2048&hei=2867&fit=crop","https://media.mango.com/is/image/punto/27021242-31-003?wid=2048&hei=2867&fit=crop","https://shop.mango.com/in/en/p/men/t-shirts/100-cotton-t-shirt-text/27021242/31/00","https://media.mango.com/is/image/punto/27021242-31-004?wid=2048&hei=2867&fit=crop","https://media.mango.com/is/image/punto/27021242-31-008?wid=2048&hei=2867&fit=crop","https://media.mango.com/is/image/punto/27021242-31-023?wid=2048&hei=2867&fit=crop","https://media.mango.com/is/image/punto/27021242-31-900?wid=2048&hei=2867&fit=crop","https://shop.mango.com/in/en/p/men/t-shirts/100-cotton-t-shirt-text/27021242/31/00","https://media.mango.com/is/image/punto/27021242-31-030?wid=2048&hei=2867&fit=crop","","","XS","S","M","L","XL","100% cotton t-shirt text","Initial price struck through [Rs. 2,890.00 ]","Rs. 2,023.00","","","","XXL","","","","","","","","Rs. 2,890.00","Current price [Rs. 2,023.00 ]"
"https://shop.mango.com/in/en/p/men/t-shirts/relaxed-fit-printed-t-shirt/27051239/05/00","https://media.mango.com/is/image/punto/27051239-05-002?wid=2048&hei=2867&fit=crop","https://media.mango.com/is/image/punto/27051239-05-001?wid=2048&hei=2867&fit=crop","https://media.mango.com/is/image/punto/27051239-05-003?wid=2048&hei=2867&fit=crop","https://shop.mango.com/in/en/p/men/t-shirts/relaxed-fit-printed-t-shirt/27051239/05/00","https://media.mango.com/is/image/punto/27051239-05-004?wid=2048&hei=2867&fit=crop","https://media.mango.com/is/image/punto/27051239-05-008?wid=2048&hei=2867&fit=crop","https://media.mango.com/is/image/punto/27051239-05-023?wid=2048&hei=2867&fit=crop","https://media.mango.com/is/image/punto/27051239-05-900?wid=2048&hei=2867&fit=crop","https://shop.mango.com/in/en/p/men/t-shirts/relaxed-fit-printed-t-shirt/27051239/05/00","https://media.mango.com/is/image/punto/27051239-05-030?wid=2048&hei=2867&fit=crop","","","XS","S","M","L","XL","Relaxed-fit printed t-shirt","Current price [Rs. 2,890.00 ]","Rs. 2,890.00","","","","XXL","","","","","","","","",""
"https://shop.mango.com/in/en/p/men/t-shirts/basics/100-cotton-slim-fit-v-neck-t-shirt/27061261/08/00","https://media.mango.com/is/image/punto/27061261-08-002?wid=2048&hei=2867&fit=crop","https://media.mango.com/is/image/punto/27061261-08-001?wid=2048&hei=2867&fit=crop","https://media.mango.com/is/image/punto/27061261-08-003?wid=2048&hei=2867&fit=crop","https://shop.mango.com/in/en/p/men/t-shirts/basics/100-cotton-slim-fit-v-neck-t-shirt/27061261/08/00","https://media.mango.com/is/image/punto/27061261-08-004?wid=2048&hei=2867&fit=crop","https://media.mango.com/is/image/punto/27061261-08-008?wid=2048&hei=2867&fit=crop","https://media.mango.com/is/image/punto/27061261-08-023?wid=2048&hei=2867&fit=crop","https://media.mango.com/is/image/punto/27061261-08-900?wid=2048&hei=2867&fit=crop","https://shop.mango.com/in/en/p/men/t-shirts/basics/100-cotton-slim-fit-v-neck-t-shirt/27061261/08/00","https://media.mango.com/is/image/punto/27061261-08-030?wid=2048&hei=2867&fit=crop","","","XS","S","M","L","XL","100% cotton slim-fit V-neck t-shirt","Initial price struck through [Rs. 1,490.00 ]","Rs. 1,192.00","Colours","https://media.mango.com/is/image/punto/27061261-08-020?wid=40","https://media.mango.com/is/image/punto/27061261-99-020?wid=40","XXL","https://media.mango.com/is/image/punto/27061261-01-020?wid=40","https://media.mango.com/is/image/punto/27061261-56-020?wid=40","https://media.mango.com/is/image/punto/27061261-78-020?wid=40","https://media.mango.com/is/image/punto/27061261-37-020?wid=40","","","Online Exclusive","Rs. 1,490.00","Current price [Rs. 1,192.00 ]"
"https://shop.mango.com/in/en/p/men/t-shirts/basics/100-cotton-t-shirt-regular-fit/27041264/32/00","https://media.mango.com/is/image/punto/27041264-32-002?wid=2048&hei=2867&fit=crop","https://media.mango.com/is/image/punto/27041264-32-001?wid=2048&hei=2867&fit=crop","https://media.mango.com/is/image/punto/27041264-32-003?wid=2048&hei=2867&fit=crop","https://shop.mango.com/in/en/p/men/t-shirts/basics/100-cotton-t-shirt-regular-fit/27041264/32/00","https://media.mango.com/is/image/punto/27041264-32-004?wid=2048&hei=2867&fit=crop","https://media.mango.com/is/image/punto/27041264-32-008?wid=2048&hei=2867&fit=crop","https://media.mango.com/is/image/punto/27041264-32-023?wid=2048&hei=2867&fit=crop","https://media.mango.com/is/image/punto/27041264-32-900?wid=2048&hei=2867&fit=crop","https://shop.mango.com/in/en/p/men/t-shirts/basics/100-cotton-t-shirt-regular-fit/27041264/32/00","https://media.mango.com/is/image/punto/27041264-32-030?wid=2048&hei=2867&fit=crop","","","XS","S","M","L","XL","100% cotton T-shirt regular fit","Initial price struck through [Rs. 2,490.00 ]","Rs. 1,992.00","Colours","https://media.mango.com/is/image/punto/27041264-32-020?wid=40","https://media.mango.com/is/image/punto/27041264-01-020?wid=40","XXL","https://media.mango.com/is/image/punto/27041264-45-020?wid=40","https://media.mango.com/is/image/punto/27041264-56-020?wid=40","https://media.mango.com/is/image/punto/27041264-35-020?wid=40","https://media.mango.com/is/image/punto/27041264-26-020?wid=40","https://media.mango.com/is/image/punto/27041264-07-020?wid=40","https://media.mango.com/is/image/punto/27041264-50-020?wid=40","ESSENTIALS","Rs. 2,490.00","Current price [Rs. 1,992.00 ]"
"https://shop.mango.com/in/en/p/men/t-shirts/linen/linen-blend-slim-fit-striped-t-shirt/27067896/55/00","https://media.mango.com/is/image/punto/27067896-55-002?wid=2048&hei=2867&fit=crop","https://media.mango.com/is/image/punto/27067896-55-001?wid=2048&hei=2867&fit=crop","https://media.mango.com/is/image/punto/27067896-55-003?wid=2048&hei=2867&fit=crop","https://shop.mango.com/in/en/p/men/t-shirts/linen/linen-blend-slim-fit-striped-t-shirt/27067896/55/00","https://media.mango.com/is/image/punto/27067896-55-004?wid=2048&hei=2867&fit=crop","https://media.mango.com/is/image/punto/27067896-55-008?wid=2048&hei=2867&fit=crop","https://media.mango.com/is/image/punto/27067896-55-007?wid=2048&hei=2867&fit=crop","https://media.mango.com/is/image/punto/27067896-55-023?wid=2048&hei=2867&fit=crop","https://shop.mango.com/in/en/p/men/t-shirts/linen/linen-blend-slim-fit-striped-t-shirt/27067896/55/00","https://media.mango.com/is/image/punto/27067896-55-900?wid=2048&hei=2867&fit=crop","https://shop.mango.com/in/en/p/men/t-shirts/linen/linen-blend-slim-fit-striped-t-shirt/27067896/55/00","https://media.mango.com/is/image/punto/27067896-55-030?wid=2048&hei=2867&fit=crop","XS","S","M","L","XL","Linen blend slim fit striped T-shirt","Current price [Rs. 3,890.00 ]","Rs. 3,890.00","Colours","https://media.mango.com/is/image/punto/27067896-55-020?wid=40","https://media.mango.com/is/image/punto/27067896-01-020?wid=40","XXL","","","","","","","","",""
"https://shop.mango.com/in/en/p/men/t-shirts/basics/heavy-weight-relaxed-fit-t-shirt/27054430/39/00","https://media.mango.com/is/image/punto/27054430-39-002?wid=2048&hei=2867&fit=crop","https://media.mango.com/is/image/punto/27054430-39-001?wid=2048&hei=2867&fit=crop","https://media.mango.com/is/image/punto/27054430-39-003?wid=2048&hei=2867&fit=crop","https://shop.mango.com/in/en/p/men/t-shirts/basics/heavy-weight-relaxed-fit-t-shirt/27054430/39/00","https://media.mango.com/is/image/punto/27054430-39-004?wid=2048&hei=2867&fit=crop","https://media.mango.com/is/image/punto/27054430-39-008?wid=2048&hei=2867&fit=crop","https://media.mango.com/is/image/punto/27054430-39-023?wid=2048&hei=2867&fit=crop","https://media.mango.com/is/image/punto/27054430-39-900?wid=2048&hei=2867&fit=crop","https://shop.mango.com/in/en/p/men/t-shirts/basics/heavy-weight-relaxed-fit-t-shirt/27054430/39/00","https://media.mango.com/is/image/punto/27054430-39-030?wid=2048&hei=2867&fit=crop","","","XS","S","M","L","XL","Heavy weight relaxed fit T-shirt","Initial price struck through [Rs. 1,990.00 ]","Rs. 1,592.00","Colours","https://media.mango.com/is/image/punto/27054430-39-020?wid=40","https://media.mango.com/is/image/punto/27054430-99-020?wid=40","XXL","https://media.mango.com/is/image/punto/27054430-56-020?wid=40","https://media.mango.com/is/image/punto/27054430-36-020?wid=40","https://media.mango.com/is/image/punto/27054430-05-020?wid=40","https://media.mango.com/is/image/punto/27054430-50-020?wid=40","","","","Rs. 1,990.00","Current price [Rs. 1,592.00 ]"
"https://shop.mango.com/in/en/p/men/t-shirts/printed/text-cotton-t-shirt/27071238/70/00","https://media.mango.com/is/image/punto/27071238-70-002?wid=2048&hei=2867&fit=crop","https://media.mango.com/is/image/punto/27071238-70-001?wid=2048&hei=2867&fit=crop","https://media.mango.com/is/image/punto/27071238-70-003?wid=2048&hei=2867&fit=crop","https://shop.mango.com/in/en/p/men/t-shirts/printed/text-cotton-t-shirt/27071238/70/00","https://media.mango.com/is/image/punto/27071238-70-004?wid=2048&hei=2867&fit=crop","https://media.mango.com/is/image/punto/27071238-70-008?wid=2048&hei=2867&fit=crop","https://media.mango.com/is/image/punto/27071238-70-023?wid=2048&hei=2867&fit=crop","https://media.mango.com/is/image/punto/27071238-70-900?wid=2048&hei=2867&fit=crop","https://shop.mango.com/in/en/p/men/t-shirts/printed/text-cotton-t-shirt/27071238/70/00","https://media.mango.com/is/image/punto/27071238-70-030?wid=2048&hei=2867&fit=crop","","","XS","S","M","L","XL","Text cotton T-shirt","Current price [Rs. 2,890.00 ]","Rs. 2,890.00","","","","XXL","","","","","","","","",""
"https://shop.mango.com/in/en/p/men/t-shirts/basics/100-cotton-t-shirt-regular-fit/27041264/50/00","https://media.mango.com/is/image/punto/27041264-50-002?wid=2048&hei=2867&fit=crop","https://media.mango.com/is/image/punto/27041264-50-001?wid=2048&hei=2867&fit=crop","https://media.mango.com/is/image/punto/27041264-50-003?wid=2048&hei=2867&fit=crop","https://shop.mango.com/in/en/p/men/t-shirts/basics/100-cotton-t-shirt-regular-fit/27041264/50/00","https://media.mango.com/is/image/punto/27041264-50-004?wid=2048&hei=2867&fit=crop","https://media.mango.com/is/image/punto/27041264-50-008?wid=2048&hei=2867&fit=crop","https://media.mango.com/is/image/punto/27041264-50-023?wid=2048&hei=2867&fit=crop","https://media.mango.com/is/image/punto/27041264-50-900?wid=2048&hei=2867&fit=crop","https://shop.mango.com/in/en/p/men/t-shirts/basics/100-cotton-t-shirt-regular-fit/27041264/50/00","https://media.mango.com/is/image/punto/27041264-50-030?wid=2048&hei=2867&fit=crop","","","XS","S","M","L","XL","100% cotton T-shirt regular fit","Initial price struck through [Rs. 2,490.00 ]","Rs. 1,992.00","Colours","https://media.mango.com/is/image/punto/27041264-50-020?wid=40","https://media.mango.com/is/image/punto/27041264-01-020?wid=40","XXL","https://media.mango.com/is/image/punto/27041264-45-020?wid=40","https://media.mango.com/is/image/punto/27041264-56-020?wid=40","https://media.mango.com/is/image/punto/27041264-35-020?wid=40","https://media.mango.com/is/image/punto/27041264-26-020?wid=40","https://media.mango.com/is/image/punto/27041264-07-020?wid=40","https://media.mango.com/is/image/punto/27041264-75-020?wid=40","ESSENTIALS","Rs. 2,490.00","Current price [Rs. 1,992.00 ]"
"https://shop.mango.com/in/en/p/men/t-shirts/basics/100-cotton-slim-fit-t-shirt/27041263/50/00","https://media.mango.com/is/image/punto/27041263-50-002?wid=2048&hei=2867&fit=crop","https://media.mango.com/is/image/punto/27041263-50-001?wid=2048&hei=2867&fit=crop","https://media.mango.com/is/image/punto/27041263-50-003?wid=2048&hei=2867&fit=crop","https://shop.mango.com/in/en/p/men/t-shirts/basics/100-cotton-slim-fit-t-shirt/27041263/50/00","https://media.mango.com/is/image/punto/27041263-50-004?wid=2048&hei=2867&fit=crop","https://media.mango.com/is/image/punto/27041263-50-008?wid=2048&hei=2867&fit=crop","https://media.mango.com/is/image/punto/27041263-50-011?wid=2048&hei=2867&fit=crop","https://media.mango.com/is/image/punto/27041263-50-023?wid=2048&hei=2867&fit=crop","https://shop.mango.com/in/en/p/men/t-shirts/basics/100-cotton-slim-fit-t-shirt/27041263/50/00","https://media.mango.com/is/image/punto/27041263-50-900?wid=2048&hei=2867&fit=crop","https://shop.mango.com/in/en/p/men/t-shirts/basics/100-cotton-slim-fit-t-shirt/27041263/50/00","https://media.mango.com/is/image/punto/27041263-50-030?wid=2048&hei=2867&fit=crop","XS","S","M","L","XL","100% cotton slim-fit t-shirt","Initial price struck through [Rs. 1,490.00 ]","Rs. 1,192.00","Colours","https://media.mango.com/is/image/punto/27041263-50-020?wid=40","https://media.mango.com/is/image/punto/27041263-66-020?wid=40","XXL","https://media.mango.com/is/image/punto/27041263-99-020?wid=40","https://media.mango.com/is/image/punto/27041263-01-020?wid=40","https://media.mango.com/is/image/punto/27041263-56-020?wid=40","https://media.mango.com/is/image/punto/27041263-35-020?wid=40","https://media.mango.com/is/image/punto/27041263-36-020?wid=40","https://media.mango.com/is/image/punto/27041263-48-020?wid=40","","Rs. 1,490.00","Current price [Rs. 1,192.00 ]"
"https://shop.mango.com/in/en/p/men/t-shirts/basics/slim-fit-short-sleeved-t-shirt/27021243/50/00","https://media.mango.com/is/image/punto/27021243-50-002?wid=2048&hei=2867&fit=crop","https://media.mango.com/is/image/punto/27021243-50-001?wid=2048&hei=2867&fit=crop","https://media.mango.com/is/image/punto/27021243-50-003?wid=2048&hei=2867&fit=crop","https://shop.mango.com/in/en/p/men/t-shirts/basics/slim-fit-short-sleeved-t-shirt/27021243/50/00","https://media.mango.com/is/image/punto/27021243-50-004?wid=2048&hei=2867&fit=crop","https://media.mango.com/is/image/punto/27021243-50-008?wid=2048&hei=2867&fit=crop","https://media.mango.com/is/image/punto/27021243-50-023?wid=2048&hei=2867&fit=crop","https://media.mango.com/is/image/punto/27021243-50-900?wid=2048&hei=2867&fit=crop","https://shop.mango.com/in/en/p/men/t-shirts/basics/slim-fit-short-sleeved-t-shirt/27021243/50/00","https://media.mango.com/is/image/punto/27021243-50-030?wid=2048&hei=2867&fit=crop","","","XS","S","M","L","XL","Slim-fit short-sleeved t-shirt","Initial price struck through [Rs. 1,490.00 ]","Rs. 1,043.00","Colours","https://media.mango.com/is/image/punto/27021243-50-020?wid=40","https://media.mango.com/is/image/punto/27021243-15-020?wid=40","XXL","https://media.mango.com/is/image/punto/27021243-70-020?wid=40","","","","","","","Rs. 1,490.00","Current price [Rs. 1,043.00 ]"
"https://shop.mango.com/in/en/p/men/t-shirts/basics/100-cotton-slim-fit-v-neck-t-shirt/27061261/78/00","https://media.mango.com/is/image/punto/27061261-78-002?wid=2048&hei=2867&fit=crop","https://media.mango.com/is/image/punto/27061261-78-001?wid=2048&hei=2867&fit=crop","https://media.mango.com/is/image/punto/27061261-78-003?wid=2048&hei=2867&fit=crop","https://shop.mango.com/in/en/p/men/t-shirts/basics/100-cotton-slim-fit-v-neck-t-shirt/27061261/78/00","https://media.mango.com/is/image/punto/27061261-78-004?wid=2048&hei=2867&fit=crop","https://media.mango.com/is/image/punto/27061261-78-008?wid=2048&hei=2867&fit=crop","https://media.mango.com/is/image/punto/27061261-78-023?wid=2048&hei=2867&fit=crop","https://media.mango.com/is/image/punto/27061261-78-900?wid=2048&hei=2867&fit=crop","https://shop.mango.com/in/en/p/men/t-shirts/basics/100-cotton-slim-fit-v-neck-t-shirt/27061261/78/00","https://media.mango.com/is/image/punto/27061261-78-030?wid=2048&hei=2867&fit=crop","","","XS","S","M","L","XL","100% cotton slim-fit V-neck t-shirt","Initial price struck through [Rs. 1,490.00 ]","Rs. 1,192.00","Colours","https://media.mango.com/is/image/punto/27061261-78-020?wid=40","https://media.mango.com/is/image/punto/27061261-99-020?wid=40","XXL","https://media.mango.com/is/image/punto/27061261-01-020?wid=40","https://media.mango.com/is/image/punto/27061261-56-020?wid=40","https://media.mango.com/is/image/punto/27061261-37-020?wid=40","https://media.mango.com/is/image/punto/27061261-08-020?wid=40","","","Online Exclusive","Rs. 1,490.00","Current price [Rs. 1,192.00 ]"
"https://shop.mango.com/in/en/p/men/t-shirts/basics/medium-weight-regular-fit-t-shirt/27041262/58/00","https://media.mango.com/is/image/punto/27041262-58-002?wid=2048&hei=2867&fit=crop","https://media.mango.com/is/image/punto/27041262-58-001?wid=2048&hei=2867&fit=crop","https://media.mango.com/is/image/punto/27041262-58-003?wid=2048&hei=2867&fit=crop","https://shop.mango.com/in/en/p/men/t-shirts/basics/medium-weight-regular-fit-t-shirt/27041262/58/00","https://media.mango.com/is/image/punto/27041262-58-004?wid=2048&hei=2867&fit=crop","https://media.mango.com/is/image/punto/27041262-58-008?wid=2048&hei=2867&fit=crop","https://media.mango.com/is/image/punto/27041262-58-023?wid=2048&hei=2867&fit=crop","https://media.mango.com/is/image/punto/27041262-58-900?wid=2048&hei=2867&fit=crop","https://shop.mango.com/in/en/p/men/t-shirts/basics/medium-weight-regular-fit-t-shirt/27041262/58/00","https://media.mango.com/is/image/punto/27041262-58-030?wid=2048&hei=2867&fit=crop","","","XS","S","M","L","XL","Medium weight regular fit T-shirt","Initial price struck through [Rs. 2,490.00 ]","Rs. 1,992.00","Colours","https://media.mango.com/is/image/punto/27041262-58-020?wid=40","https://media.mango.com/is/image/punto/27041262-66-020?wid=40","XXL","https://media.mango.com/is/image/punto/27041262-99-020?wid=40","https://media.mango.com/is/image/punto/27041262-56-020?wid=40","https://media.mango.com/is/image/punto/27041262-02-020?wid=40","https://media.mango.com/is/image/punto/27041262-09-020?wid=40","https://media.mango.com/is/image/punto/27041262-83-020?wid=40","https://media.mango.com/is/image/punto/27041262-51-020?wid=40","","Rs. 2,490.00","Current price [Rs. 1,992.00 ]"
"https://shop.mango.com/in/en/p/men/t-shirts/relaxed-fit/heavyweight-graphic-embroidered-t-shirt/27054438/56/00","https://media.mango.com/is/image/punto/27054438-56-002?wid=2048&hei=2867&fit=crop","https://media.mango.com/is/image/punto/27054438-56-001?wid=2048&hei=2867&fit=crop","https://media.mango.com/is/image/punto/27054438-56-003?wid=2048&hei=2867&fit=crop","https://shop.mango.com/in/en/p/men/t-shirts/relaxed-fit/heavyweight-graphic-embroidered-t-shirt/27054438/56/00","https://media.mango.com/is/image/punto/27054438-56-004?wid=2048&hei=2867&fit=crop","https://media.mango.com/is/image/punto/27054438-56-008?wid=2048&hei=2867&fit=crop","https://media.mango.com/is/image/punto/27054438-56-011?wid=2048&hei=2867&fit=crop","https://media.mango.com/is/image/punto/27054438-56-023?wid=2048&hei=2867&fit=crop","https://shop.mango.com/in/en/p/men/t-shirts/relaxed-fit/heavyweight-graphic-embroidered-t-shirt/27054438/56/00","https://media.mango.com/is/image/punto/27054438-56-900?wid=2048&hei=2867&fit=crop","https://shop.mango.com/in/en/p/men/t-shirts/relaxed-fit/heavyweight-graphic-embroidered-t-shirt/27054438/56/00","https://media.mango.com/is/image/punto/27054438-56-030?wid=2048&hei=2867&fit=crop","XS","S","M","L","XL","Heavyweight graphic embroidered T-shirt","Current price [Rs. 3,290.00 ]","Rs. 3,290.00","","","","XXL","","","","","","","","",""
"https://shop.mango.com/in/en/p/men/t-shirts/basics/medium-weight-regular-fit-t-shirt/27041262/83/00","https://media.mango.com/is/image/punto/27041262-83-002?wid=2048&hei=2867&fit=crop","https://media.mango.com/is/image/punto/27041262-83-001?wid=2048&hei=2867&fit=crop","https://media.mango.com/is/image/punto/27041262-83-003?wid=2048&hei=2867&fit=crop","https://shop.mango.com/in/en/p/men/t-shirts/basics/medium-weight-regular-fit-t-shirt/27041262/83/00","https://media.mango.com/is/image/punto/27041262-83-004?wid=2048&hei=2867&fit=crop","https://media.mango.com/is/image/punto/27041262-83-007?wid=2048&hei=2867&fit=crop","https://media.mango.com/is/image/punto/27041262-83-023?wid=2048&hei=2867&fit=crop","https://media.mango.com/is/image/punto/27041262-83-900?wid=2048&hei=2867&fit=crop","https://shop.mango.com/in/en/p/men/t-shirts/basics/medium-weight-regular-fit-t-shirt/27041262/83/00","https://media.mango.com/is/image/punto/27041262-83-030?wid=2048&hei=2867&fit=crop","","","XS","S","M","L","XL","Medium weight regular fit T-shirt","Initial price struck through [Rs. 2,490.00 ]","Rs. 1,992.00","Colours","https://media.mango.com/is/image/punto/27041262-83-020?wid=40","https://media.mango.com/is/image/punto/27041262-66-020?wid=40","XXL","https://media.mango.com/is/image/punto/27041262-99-020?wid=40","https://media.mango.com/is/image/punto/27041262-56-020?wid=40","https://media.mango.com/is/image/punto/27041262-02-020?wid=40","https://media.mango.com/is/image/punto/27041262-58-020?wid=40","https://media.mango.com/is/image/punto/27041262-09-020?wid=40","https://media.mango.com/is/image/punto/27041262-51-020?wid=40","","Rs. 2,490.00","Current price [Rs. 1,992.00 ]"
"https://shop.mango.com/in/en/p/men/t-shirts/basics/100-cotton-slim-fit-t-shirt/27041263/10/00","https://media.mango.com/is/image/punto/27041263-10-002?wid=2048&hei=2867&fit=crop","https://media.mango.com/is/image/punto/27041263-10-001?wid=2048&hei=2867&fit=crop","https://media.mango.com/is/image/punto/27041263-10-003?wid=2048&hei=2867&fit=crop","https://shop.mango.com/in/en/p/men/t-shirts/basics/100-cotton-slim-fit-t-shirt/27041263/10/00","https://media.mango.com/is/image/punto/27041263-10-004?wid=2048&hei=2867&fit=crop","https://media.mango.com/is/image/punto/27041263-10-008?wid=2048&hei=2867&fit=crop","https://media.mango.com/is/image/punto/27041263-10-023?wid=2048&hei=2867&fit=crop","https://media.mango.com/is/image/punto/27041263-10-900?wid=2048&hei=2867&fit=crop","","","","","XS","S","M","L","XL","100% cotton slim-fit t-shirt","Initial price struck through [Rs. 1,490.00 ]","Rs. 1,192.00","Colours","https://media.mango.com/is/image/punto/27041263-10-020?wid=40","https://media.mango.com/is/image/punto/27041263-66-020?wid=40","XXL","https://media.mango.com/is/image/punto/27041263-99-020?wid=40","https://media.mango.com/is/image/punto/27041263-01-020?wid=40","https://media.mango.com/is/image/punto/27041263-56-020?wid=40","https://media.mango.com/is/image/punto/27041263-35-020?wid=40","https://media.mango.com/is/image/punto/27041263-36-020?wid=40","https://media.mango.com/is/image/punto/27041263-48-020?wid=40","","Rs. 1,490.00","Current price [Rs. 1,192.00 ]"
"https://shop.mango.com/in/en/p/men/t-shirts/basics/100-cotton-t-shirt-regular-fit/27045964/41/00","https://media.mango.com/is/image/punto/27045964-41-002?wid=2048&hei=2867&fit=crop","https://media.mango.com/is/image/punto/27045964-41-001?wid=2048&hei=2867&fit=crop","https://media.mango.com/is/image/punto/27045964-41-003?wid=2048&hei=2867&fit=crop","https://shop.mango.com/in/en/p/men/t-shirts/basics/100-cotton-t-shirt-regular-fit/27045964/41/00","https://media.mango.com/is/image/punto/27045964-41-004?wid=2048&hei=2867&fit=crop","https://media.mango.com/is/image/punto/27045964-41-007?wid=2048&hei=2867&fit=crop","https://media.mango.com/is/image/punto/27045964-41-023?wid=2048&hei=2867&fit=crop","https://media.mango.com/is/image/punto/27045964-41-900?wid=2048&hei=2867&fit=crop","https://shop.mango.com/in/en/p/men/t-shirts/basics/100-cotton-t-shirt-regular-fit/27045964/41/00","https://media.mango.com/is/image/punto/27045964-41-030?wid=2048&hei=2867&fit=crop","","","XS","S","M","L","XL","100% cotton T-shirt regular fit","Initial price struck through [Rs. 3,290.00 ]","Rs. 2,303.00","Colours","https://media.mango.com/is/image/punto/27045964-41-020?wid=40","https://media.mango.com/is/image/punto/27045964-01-020?wid=40","XXL","https://media.mango.com/is/image/punto/27045964-56-020?wid=40","https://media.mango.com/is/image/punto/27045964-51-020?wid=40","","","","","","Rs. 3,290.00","Current price [Rs. 2,303.00 ]"
"https://shop.mango.com/in/en/p/men/t-shirts/basics/100-cotton-slim-fit-t-shirt/27041263/48/00","https://media.mango.com/is/image/punto/27041263-48-002?wid=2048&hei=2867&fit=crop","https://media.mango.com/is/image/punto/27041263-48-001?wid=2048&hei=2867&fit=crop","https://media.mango.com/is/image/punto/27041263-48-003?wid=2048&hei=2867&fit=crop","https://shop.mango.com/in/en/p/men/t-shirts/basics/100-cotton-slim-fit-t-shirt/27041263/48/00","https://media.mango.com/is/image/punto/27041263-48-004?wid=2048&hei=2867&fit=crop","https://media.mango.com/is/image/punto/27041263-48-008?wid=2048&hei=2867&fit=crop","https://media.mango.com/is/image/punto/27041263-48-023?wid=2048&hei=2867&fit=crop","https://media.mango.com/is/image/punto/27041263-48-900?wid=2048&hei=2867&fit=crop","","","","","XS","S","M","L","XL","100% cotton slim-fit t-shirt","Initial price struck through [Rs. 1,490.00 ]","Rs. 1,192.00","Colours","https://media.mango.com/is/image/punto/27041263-48-020?wid=40","https://media.mango.com/is/image/punto/27041263-66-020?wid=40","XXL","https://media.mango.com/is/image/punto/27041263-99-020?wid=40","https://media.mango.com/is/image/punto/27041263-01-020?wid=40","https://media.mango.com/is/image/punto/27041263-56-020?wid=40","https://media.mango.com/is/image/punto/27041263-35-020?wid=40","https://media.mango.com/is/image/punto/27041263-36-020?wid=40","https://media.mango.com/is/image/punto/27041263-91-020?wid=40","","Rs. 1,490.00","Current price [Rs. 1,192.00 ]"
"https://shop.mango.com/in/en/p/men/t-shirts/basics/100-cotton-slim-fit-t-shirt/27008283/02/00","https://media.mango.com/is/image/punto/27008283-02-002?wid=2048&hei=2867&fit=crop","https://media.mango.com/is/image/punto/27008283-02-001?wid=2048&hei=2867&fit=crop","https://media.mango.com/is/image/punto/27008283-02-003?wid=2048&hei=2867&fit=crop","https://shop.mango.com/in/en/p/men/t-shirts/basics/100-cotton-slim-fit-t-shirt/27008283/02/00","https://media.mango.com/is/image/punto/27008283-02-004?wid=2048&hei=2867&fit=crop","https://media.mango.com/is/image/punto/27008283-02-008?wid=2048&hei=2867&fit=crop","https://media.mango.com/is/image/punto/27008283-02-011?wid=2048&hei=2867&fit=crop","https://media.mango.com/is/image/punto/27008283-02-023?wid=2048&hei=2867&fit=crop","https://shop.mango.com/in/en/p/men/t-shirts/basics/100-cotton-slim-fit-t-shirt/27008283/02/00","https://media.mango.com/is/image/punto/27008283-02-900?wid=2048&hei=2867&fit=crop","https://shop.mango.com/in/en/p/men/t-shirts/basics/100-cotton-slim-fit-t-shirt/27008283/02/00","https://media.mango.com/is/image/punto/27008283-02-030?wid=2048&hei=2867&fit=crop","XS","S","M","L","XL","100% cotton slim-fit t-shirt","Initial price struck through [Rs. 3,590.00 ]","Rs. 3,240.00","","","","XXL","","","","","","","","Rs. 3,590.00","Current price [Rs. 3,240.00 ]"
"https://shop.mango.com/in/en/p/men/t-shirts/relaxed-fit-cotton-linen-t-shirt/17057767/13/00","https://media.mango.com/is/image/punto/17057767-13-002?wid=2048&hei=2867&fit=crop","https://media.mango.com/is/image/punto/17057767-13-001?wid=2048&hei=2867&fit=crop","https://media.mango.com/is/image/punto/17057767-13-003?wid=2048&hei=2867&fit=crop","https://shop.mango.com/in/en/p/men/t-shirts/relaxed-fit-cotton-linen-t-shirt/17057767/13/00","https://media.mango.com/is/image/punto/17057767-13-004?wid=2048&hei=2867&fit=crop","https://media.mango.com/is/image/punto/17057767-13-008?wid=2048&hei=2867&fit=crop","https://media.mango.com/is/image/punto/17057767-13-023?wid=2048&hei=2867&fit=crop","https://media.mango.com/is/image/punto/17057767-13-900?wid=2048&hei=2867&fit=crop","https://shop.mango.com/in/en/p/men/t-shirts/relaxed-fit-cotton-linen-t-shirt/17057767/13/00","https://media.mango.com/is/image/punto/17057767-13-030?wid=2048&hei=2867&fit=crop","","","XS","S","M","L","XL","Relaxed-fit cotton-linen t-shirt","Initial price struck through [Rs. 2,290.00 ]","Rs. 1,832.00","Colours","https://media.mango.com/is/image/punto/17057767-13-020?wid=40","https://media.mango.com/is/image/punto/17057767-42-020?wid=40","XXL","https://media.mango.com/is/image/punto/17057767-54-020?wid=40","","","","","","","Rs. 2,290.00","Current price [Rs. 1,832.00 ]"
"https://shop.mango.com/in/en/p/men/t-shirts/basics/100-cotton-slim-fit-t-shirt/27041263/36/00","https://media.mango.com/is/image/punto/27041263-36-002?wid=2048&hei=2867&fit=crop","https://media.mango.com/is/image/punto/27041263-36-001?wid=2048&hei=2867&fit=crop","https://media.mango.com/is/image/punto/27041263-36-003?wid=2048&hei=2867&fit=crop","https://shop.mango.com/in/en/p/men/t-shirts/basics/100-cotton-slim-fit-t-shirt/27041263/36/00","https://media.mango.com/is/image/punto/27041263-36-004?wid=2048&hei=2867&fit=crop","https://media.mango.com/is/image/punto/27041263-36-008?wid=2048&hei=2867&fit=crop","https://media.mango.com/is/image/punto/27041263-36-023?wid=2048&hei=2867&fit=crop","https://media.mango.com/is/image/punto/27041263-36-900?wid=2048&hei=2867&fit=crop","","","","","XS","S","M","L","XL","100% cotton slim-fit t-shirt","Initial price struck through [Rs. 1,490.00 ]","Rs. 1,192.00","Colours","https://media.mango.com/is/image/punto/27041263-36-020?wid=40","https://media.mango.com/is/image/punto/27041263-66-020?wid=40","XXL","https://media.mango.com/is/image/punto/27041263-99-020?wid=40","https://media.mango.com/is/image/punto/27041263-01-020?wid=40","https://media.mango.com/is/image/punto/27041263-56-020?wid=40","https://media.mango.com/is/image/punto/27041263-35-020?wid=40","https://media.mango.com/is/image/punto/27041263-48-020?wid=40","https://media.mango.com/is/image/punto/27041263-91-020?wid=40","","Rs. 1,490.00","Current price [Rs. 1,192.00 ]"
"","","","","","","","","","","","","","XS","S","M","L","XL","100% cotton graphic tee","Initial price struck through [Rs. 3,290.00 ]","Rs. 2,990.00","Current price [Rs. 2,990.00 ]","","","XXL","","","","","","","Online Exclusive","Rs. 3,290.00",""
"https://shop.mango.com/in/en/p/men/t-shirts/printed/100-cotton-t-shirt-with-embroidered-detail/27035999/41/00","https://media.mango.com/is/image/punto/27035999-41-002?wid=2048&hei=2867&fit=crop","https://media.mango.com/is/image/punto/27035999-41-001?wid=2048&hei=2867&fit=crop","https://media.mango.com/is/image/punto/27035999-41-003?wid=2048&hei=2867&fit=crop","https://shop.mango.com/in/en/p/men/t-shirts/printed/100-cotton-t-shirt-with-embroidered-detail/27035999/41/00","https://media.mango.com/is/image/punto/27035999-41-004?wid=2048&hei=2867&fit=crop","https://media.mango.com/is/image/punto/27035999-41-007?wid=2048&hei=2867&fit=crop","https://media.mango.com/is/image/punto/27035999-41-023?wid=2048&hei=2867&fit=crop","https://media.mango.com/is/image/punto/27035999-41-900?wid=2048&hei=2867&fit=crop","https://shop.mango.com/in/en/p/men/t-shirts/printed/100-cotton-t-shirt-with-embroidered-detail/27035999/41/00","https://media.mango.com/is/image/punto/27035999-41-030?wid=2048&hei=2867&fit=crop","","","XS","S","M","L","XL","100% cotton t-shirt with embroidered detail","Initial price struck through [Rs. 2,890.00 ]","Rs. 2,640.00","","","","XXL","","","","","","","Online Exclusive","Rs. 2,890.00","Current price [Rs. 2,640.00 ]"
"https://shop.mango.com/in/en/p/men/t-shirts/basics/medium-weight-regular-fit-t-shirt/27041262/32/00","https://media.mango.com/is/image/punto/27041262-32-002?wid=2048&hei=2867&fit=crop","https://media.mango.com/is/image/punto/27041262-32-001?wid=2048&hei=2867&fit=crop","https://media.mango.com/is/image/punto/27041262-32-003?wid=2048&hei=2867&fit=crop","https://shop.mango.com/in/en/p/men/t-shirts/basics/medium-weight-regular-fit-t-shirt/27041262/32/00","https://media.mango.com/is/image/punto/27041262-32-004?wid=2048&hei=2867&fit=crop","https://media.mango.com/is/image/punto/27041262-32-008?wid=2048&hei=2867&fit=crop","https://media.mango.com/is/image/punto/27041262-32-023?wid=2048&hei=2867&fit=crop","https://media.mango.com/is/image/punto/27041262-32-900?wid=2048&hei=2867&fit=crop","https://shop.mango.com/in/en/p/men/t-shirts/basics/medium-weight-regular-fit-t-shirt/27041262/32/00","https://media.mango.com/is/image/punto/27041262-32-030?wid=2048&hei=2867&fit=crop","","","XS","S","M","L","XL","Medium weight regular fit T-shirt","Initial price struck through [Rs. 2,490.00 ]","Rs. 1,992.00","Colours","https://media.mango.com/is/image/punto/27041262-32-020?wid=40","https://media.mango.com/is/image/punto/27041262-66-020?wid=40","XXL","https://media.mango.com/is/image/punto/27041262-99-020?wid=40","https://media.mango.com/is/image/punto/27041262-56-020?wid=40","https://media.mango.com/is/image/punto/27041262-02-020?wid=40","https://media.mango.com/is/image/punto/27041262-58-020?wid=40","https://media.mango.com/is/image/punto/27041262-09-020?wid=40","https://media.mango.com/is/image/punto/27041262-83-020?wid=40","","Rs. 2,490.00","Current price [Rs. 1,992.00 ]"
"https://shop.mango.com/in/en/p/men/t-shirts/basics/fine-jersey-100-cotton-t-shirt/27061281/37/00","https://media.mango.com/is/image/punto/27061281-37-002?wid=2048&hei=2867&fit=crop","https://media.mango.com/is/image/punto/27061281-37-001?wid=2048&hei=2867&fit=crop","https://media.mango.com/is/image/punto/27061281-37-003?wid=2048&hei=2867&fit=crop","https://shop.mango.com/in/en/p/men/t-shirts/basics/fine-jersey-100-cotton-t-shirt/27061281/37/00","https://media.mango.com/is/image/punto/27061281-37-004?wid=2048&hei=2867&fit=crop","https://media.mango.com/is/image/punto/27061281-37-008?wid=2048&hei=2867&fit=crop","https://media.mango.com/is/image/punto/27061281-37-023?wid=2048&hei=2867&fit=crop","https://media.mango.com/is/image/punto/27061281-37-900?wid=2048&hei=2867&fit=crop","https://shop.mango.com/in/en/p/men/t-shirts/basics/fine-jersey-100-cotton-t-shirt/27061281/37/00","https://media.mango.com/is/image/punto/27061281-37-030?wid=2048&hei=2867&fit=crop","","","S","M","L","XL","XXL","Fine jersey 100% cotton T-shirt","Initial price struck through [Rs. 3,290.00 ]","Rs. 2,303.00","Colours","https://media.mango.com/is/image/punto/27061281-37-020?wid=40","https://media.mango.com/is/image/punto/27061281-45-020?wid=40","","https://media.mango.com/is/image/punto/27061281-02-020?wid=40","https://media.mango.com/is/image/punto/27061281-57-020?wid=40","https://media.mango.com/is/image/punto/27061281-25-020?wid=40","https://media.mango.com/is/image/punto/27061281-32-020?wid=40","","","ESSENTIALS","Rs. 3,290.00","Current price [Rs. 2,303.00 ]"
"https://shop.mango.com/in/en/p/men/t-shirts/basics/100-cotton-slim-fit-t-shirt/27041263/35/00","https://media.mango.com/is/image/punto/27041263-35-002?wid=2048&hei=2867&fit=crop","https://media.mango.com/is/image/punto/27041263-35-001?wid=2048&hei=2867&fit=crop","https://media.mango.com/is/image/punto/27041263-35-003?wid=2048&hei=2867&fit=crop","https://shop.mango.com/in/en/p/men/t-shirts/basics/100-cotton-slim-fit-t-shirt/27041263/35/00","https://media.mango.com/is/image/punto/27041263-35-004?wid=2048&hei=2867&fit=crop","https://media.mango.com/is/image/punto/27041263-35-008?wid=2048&hei=2867&fit=crop","https://media.mango.com/is/image/punto/27041263-35-023?wid=2048&hei=2867&fit=crop","https://media.mango.com/is/image/punto/27041263-35-900?wid=2048&hei=2867&fit=crop","","","","","XS","S","M","L","XL","100% cotton slim-fit t-shirt","Initial price struck through [Rs. 1,490.00 ]","Rs. 1,192.00","Colours","https://media.mango.com/is/image/punto/27041263-35-020?wid=40","https://media.mango.com/is/image/punto/27041263-66-020?wid=40","XXL","https://media.mango.com/is/image/punto/27041263-99-020?wid=40","https://media.mango.com/is/image/punto/27041263-01-020?wid=40","https://media.mango.com/is/image/punto/27041263-56-020?wid=40","https://media.mango.com/is/image/punto/27041263-36-020?wid=40","https://media.mango.com/is/image/punto/27041263-48-020?wid=40","https://media.mango.com/is/image/punto/27041263-91-020?wid=40","","Rs. 1,490.00","Current price [Rs. 1,192.00 ]"
"https://shop.mango.com/in/en/p/men/t-shirts/long-sleeve/henley-linen-blend-t-shirt/27035965/56/00","https://media.mango.com/is/image/punto/27035965-56-002?wid=2048&hei=2867&fit=crop","https://media.mango.com/is/image/punto/27035965-56-001?wid=2048&hei=2867&fit=crop","https://media.mango.com/is/image/punto/27035965-56-003?wid=2048&hei=2867&fit=crop","https://shop.mango.com/in/en/p/men/t-shirts/long-sleeve/henley-linen-blend-t-shirt/27035965/56/00","https://media.mango.com/is/image/punto/27035965-56-004?wid=2048&hei=2867&fit=crop","https://media.mango.com/is/image/punto/27035965-56-008?wid=2048&hei=2867&fit=crop","https://media.mango.com/is/image/punto/27035965-56-007?wid=2048&hei=2867&fit=crop","https://media.mango.com/is/image/punto/27035965-56-011?wid=2048&hei=2867&fit=crop","https://shop.mango.com/in/en/p/men/t-shirts/long-sleeve/henley-linen-blend-t-shirt/27035965/56/00","https://media.mango.com/is/image/punto/27035965-56-023?wid=2048&hei=2867&fit=crop","https://shop.mango.com/in/en/p/men/t-shirts/long-sleeve/henley-linen-blend-t-shirt/27035965/56/00","https://media.mango.com/is/image/punto/27035965-56-900?wid=2048&hei=2867&fit=crop","XS","S","M","L","XL","Henley linen-blend T-shirt","Current price [Rs. 4,290.00 ]","Rs. 4,290.00","","","","XXL","","","","","","","","",""
"https://shop.mango.com/in/en/p/men/t-shirts/basics/medium-weight-regular-fit-t-shirt/27041262/66/00","https://media.mango.com/is/image/punto/27041262-66-002?wid=2048&hei=2867&fit=crop","https://media.mango.com/is/image/punto/27041262-66-001?wid=2048&hei=2867&fit=crop","https://media.mango.com/is/image/punto/27041262-66-003?wid=2048&hei=2867&fit=crop","https://shop.mango.com/in/en/p/men/t-shirts/basics/medium-weight-regular-fit-t-shirt/27041262/66/00","https://media.mango.com/is/image/punto/27041262-66-004?wid=2048&hei=2867&fit=crop","https://media.mango.com/is/image/punto/27041262-66-008?wid=2048&hei=2867&fit=crop","https://media.mango.com/is/image/punto/27041262-66-023?wid=2048&hei=2867&fit=crop","https://media.mango.com/is/image/punto/27041262-66-900?wid=2048&hei=2867&fit=crop","https://shop.mango.com/in/en/p/men/t-shirts/basics/medium-weight-regular-fit-t-shirt/27041262/66/00","https://media.mango.com/is/image/punto/27041262-66-030?wid=2048&hei=2867&fit=crop","","","XS","S","M","L","XL","Medium weight regular fit T-shirt","Initial price struck through [Rs. 2,490.00 ]","Rs. 1,992.00","Colours","https://media.mango.com/is/image/punto/27041262-66-020?wid=40","https://media.mango.com/is/image/punto/27041262-99-020?wid=40","XXL","https://media.mango.com/is/image/punto/27041262-56-020?wid=40","https://media.mango.com/is/image/punto/27041262-02-020?wid=40","https://media.mango.com/is/image/punto/27041262-58-020?wid=40","https://media.mango.com/is/image/punto/27041262-09-020?wid=40","https://media.mango.com/is/image/punto/27041262-83-020?wid=40","https://media.mango.com/is/image/punto/27041262-51-020?wid=40","","Rs. 2,490.00","Current price [Rs. 1,992.00 ]"
"https://shop.mango.com/in/en/p/men/t-shirts/basics/100-cotton-slim-fit-t-shirt/27041263/91/00","https://media.mango.com/is/image/punto/27041263-91-002?wid=2048&hei=2867&fit=crop","https://media.mango.com/is/image/punto/27041263-91-001?wid=2048&hei=2867&fit=crop","https://media.mango.com/is/image/punto/27041263-91-003?wid=2048&hei=2867&fit=crop","https://shop.mango.com/in/en/p/men/t-shirts/basics/100-cotton-slim-fit-t-shirt/27041263/91/00","https://media.mango.com/is/image/punto/27041263-91-004?wid=2048&hei=2867&fit=crop","https://media.mango.com/is/image/punto/27041263-91-008?wid=2048&hei=2867&fit=crop","https://media.mango.com/is/image/punto/27041263-91-023?wid=2048&hei=2867&fit=crop","https://media.mango.com/is/image/punto/27041263-91-900?wid=2048&hei=2867&fit=crop","","","","","XS","S","M","L","XL","100% cotton slim-fit t-shirt","Initial price struck through [Rs. 1,490.00 ]","Rs. 1,192.00","Colours","https://media.mango.com/is/image/punto/27041263-91-020?wid=40","https://media.mango.com/is/image/punto/27041263-66-020?wid=40","XXL","https://media.mango.com/is/image/punto/27041263-99-020?wid=40","https://media.mango.com/is/image/punto/27041263-01-020?wid=40","https://media.mango.com/is/image/punto/27041263-56-020?wid=40","https://media.mango.com/is/image/punto/27041263-35-020?wid=40","https://media.mango.com/is/image/punto/27041263-36-020?wid=40","https://media.mango.com/is/image/punto/27041263-48-020?wid=40","","Rs. 1,490.00","Current price [Rs. 1,192.00 ]"
"https://shop.mango.com/in/en/p/men/t-shirts/basics/100-cotton-slim-fit-t-shirt/27041263/81/00","https://media.mango.com/is/image/punto/27041263-81-002?wid=2048&hei=2867&fit=crop","https://media.mango.com/is/image/punto/27041263-81-001?wid=2048&hei=2867&fit=crop","https://media.mango.com/is/image/punto/27041263-81-003?wid=2048&hei=2867&fit=crop","https://shop.mango.com/in/en/p/men/t-shirts/basics/100-cotton-slim-fit-t-shirt/27041263/81/00","https://media.mango.com/is/image/punto/27041263-81-004?wid=2048&hei=2867&fit=crop","https://media.mango.com/is/image/punto/27041263-81-008?wid=2048&hei=2867&fit=crop","https://media.mango.com/is/image/punto/27041263-81-007?wid=2048&hei=2867&fit=crop","https://media.mango.com/is/image/punto/27041263-81-011?wid=2048&hei=2867&fit=crop","https://shop.mango.com/in/en/p/men/t-shirts/basics/100-cotton-slim-fit-t-shirt/27041263/81/00","https://media.mango.com/is/image/punto/27041263-81-023?wid=2048&hei=2867&fit=crop","https://shop.mango.com/in/en/p/men/t-shirts/basics/100-cotton-slim-fit-t-shirt/27041263/81/00","https://media.mango.com/is/image/punto/27041263-81-900?wid=2048&hei=2867&fit=crop","XS","S","M","L","XL","100% cotton slim-fit t-shirt","Initial price struck through [Rs. 1,490.00 ]","Rs. 1,192.00","Colours","https://media.mango.com/is/image/punto/27041263-81-020?wid=40","https://media.mango.com/is/image/punto/27041263-66-020?wid=40","XXL","https://media.mango.com/is/image/punto/27041263-99-020?wid=40","https://media.mango.com/is/image/punto/27041263-01-020?wid=40","https://media.mango.com/is/image/punto/27041263-56-020?wid=40","https://media.mango.com/is/image/punto/27041263-35-020?wid=40","https://media.mango.com/is/image/punto/27041263-36-020?wid=40","https://media.mango.com/is/image/punto/27041263-48-020?wid=40","","Rs. 1,490.00","Current price [Rs. 1,192.00 ]"
"https://shop.mango.com/in/en/p/men/t-shirts/printed/100-cotton-t-shirt-text/17047772/39/00","https://media.mango.com/is/image/punto/17047772-39-002?wid=2048&hei=2867&fit=crop","https://media.mango.com/is/image/punto/17047772-39-001?wid=2048&hei=2867&fit=crop","https://media.mango.com/is/image/punto/17047772-39-003?wid=2048&hei=2867&fit=crop","https://shop.mango.com/in/en/p/men/t-shirts/printed/100-cotton-t-shirt-text/17047772/39/00","https://media.mango.com/is/image/punto/17047772-39-004?wid=2048&hei=2867&fit=crop","https://media.mango.com/is/image/punto/17047772-39-008?wid=2048&hei=2867&fit=crop","https://media.mango.com/is/image/punto/17047772-39-023?wid=2048&hei=2867&fit=crop","https://media.mango.com/is/image/punto/17047772-39-900?wid=2048&hei=2867&fit=crop","https://shop.mango.com/in/en/p/men/t-shirts/printed/100-cotton-t-shirt-text/17047772/39/00","https://media.mango.com/is/image/punto/17047772-39-030?wid=2048&hei=2867&fit=crop","","","XS","S","M","L","XL","100% cotton t-shirt text","Current price [Rs. 2,490.00 ]","Rs. 2,490.00","","","","XXL","","","","","","","","",""
"https://shop.mango.com/in/en/p/men/t-shirts/printed/100-cotton-t-shirt-text/17067771/54/00","https://media.mango.com/is/image/punto/17067771-54-003?wid=2048&hei=2867&fit=crop","https://media.mango.com/is/image/punto/17067771-54-001?wid=2048&hei=2867&fit=crop","https://media.mango.com/is/image/punto/17067771-54-002?wid=2048&hei=2867&fit=crop","https://shop.mango.com/in/en/p/men/t-shirts/printed/100-cotton-t-shirt-text/17067771/54/00","https://media.mango.com/is/image/punto/17067771-54-004?wid=2048&hei=2867&fit=crop","https://media.mango.com/is/image/punto/17067771-54-008?wid=2048&hei=2867&fit=crop","https://media.mango.com/is/image/punto/17067771-54-023?wid=2048&hei=2867&fit=crop","https://media.mango.com/is/image/punto/17067771-54-900?wid=2048&hei=2867&fit=crop","https://shop.mango.com/in/en/p/men/t-shirts/printed/100-cotton-t-shirt-text/17067771/54/00","https://media.mango.com/is/image/punto/17067771-54-030?wid=2048&hei=2867&fit=crop","","","XS","S","M","L","XL","100% cotton t-shirt text","Current price [Rs. 2,490.00 ]","Rs. 2,490.00","","","","XXL","","","","","","","","",""
"https://shop.mango.com/in/en/p/men/t-shirts/printed/100-cotton-printed-t-shirt/27025992/55/00","https://media.mango.com/is/image/punto/27025992-55-002?wid=2048&hei=2867&fit=crop","https://media.mango.com/is/image/punto/27025992-55-001?wid=2048&hei=2867&fit=crop","https://media.mango.com/is/image/punto/27025992-55-003?wid=2048&hei=2867&fit=crop","https://shop.mango.com/in/en/p/men/t-shirts/printed/100-cotton-printed-t-shirt/27025992/55/00","https://media.mango.com/is/image/punto/27025992-55-004?wid=2048&hei=2867&fit=crop","https://media.mango.com/is/image/punto/27025992-55-008?wid=2048&hei=2867&fit=crop","https://media.mango.com/is/image/punto/27025992-55-007?wid=2048&hei=2867&fit=crop","https://media.mango.com/is/image/punto/27025992-55-006?wid=2048&hei=2867&fit=crop","https://shop.mango.com/in/en/p/men/t-shirts/printed/100-cotton-printed-t-shirt/27025992/55/00","https://media.mango.com/is/image/punto/27025992-55-023?wid=2048&hei=2867&fit=crop","https://shop.mango.com/in/en/p/men/t-shirts/printed/100-cotton-printed-t-shirt/27025992/55/00","https://media.mango.com/is/image/punto/27025992-55-031?wid=2048&hei=2867&fit=crop","XS","S","M","L","XL","100% cotton printed t-shirt","Current price [Rs. 3,290.00 ]","Rs. 3,290.00","","","","XXL","","","","","","","Fantastic Man x Mango","",""
"https://shop.mango.com/in/en/p/men/t-shirts/printed/100-cotton-printed-t-shirt/27025993/02/00","https://media.mango.com/is/image/punto/27025993-02-002?wid=2048&hei=2867&fit=crop","https://media.mango.com/is/image/punto/27025993-02-001?wid=2048&hei=2867&fit=crop","https://media.mango.com/is/image/punto/27025993-02-003?wid=2048&hei=2867&fit=crop","https://shop.mango.com/in/en/p/men/t-shirts/printed/100-cotton-printed-t-shirt/27025993/02/00","https://media.mango.com/is/image/punto/27025993-02-004?wid=2048&hei=2867&fit=crop","https://media.mango.com/is/image/punto/27025993-02-008?wid=2048&hei=2867&fit=crop","https://media.mango.com/is/image/punto/27025993-02-007?wid=2048&hei=2867&fit=crop","https://media.mango.com/is/image/punto/27025993-02-006?wid=2048&hei=2867&fit=crop","https://shop.mango.com/in/en/p/men/t-shirts/printed/100-cotton-printed-t-shirt/27025993/02/00","https://media.mango.com/is/image/punto/27025993-02-023?wid=2048&hei=2867&fit=crop","https://shop.mango.com/in/en/p/men/t-shirts/printed/100-cotton-printed-t-shirt/27025993/02/00","https://media.mango.com/is/image/punto/27025993-02-031?wid=2048&hei=2867&fit=crop","XS","S","M","L","XL","100% cotton printed t-shirt","Current price [Rs. 3,290.00 ]","Rs. 3,290.00","","","","XXL","","","","","","","Fantastic Man x Mango","",""
"https://shop.mango.com/in/en/p/men/t-shirts/printed/100-cotton-printed-t-shirt/27025994/94/00","https://media.mango.com/is/image/punto/27025994-94-002?wid=2048&hei=2867&fit=crop","https://media.mango.com/is/image/punto/27025994-94-001?wid=2048&hei=2867&fit=crop","https://media.mango.com/is/image/punto/27025994-94-003?wid=2048&hei=2867&fit=crop","https://shop.mango.com/in/en/p/men/t-shirts/printed/100-cotton-printed-t-shirt/27025994/94/00","https://media.mango.com/is/image/punto/27025994-94-004?wid=2048&hei=2867&fit=crop","https://media.mango.com/is/image/punto/27025994-94-008?wid=2048&hei=2867&fit=crop","https://media.mango.com/is/image/punto/27025994-94-007?wid=2048&hei=2867&fit=crop","https://media.mango.com/is/image/punto/27025994-94-011?wid=2048&hei=2867&fit=crop","https://shop.mango.com/in/en/p/men/t-shirts/printed/100-cotton-printed-t-shirt/27025994/94/00","https://media.mango.com/is/image/punto/27025994-94-023?wid=2048&hei=2867&fit=crop","https://shop.mango.com/in/en/p/men/t-shirts/printed/100-cotton-printed-t-shirt/27025994/94/00","https://media.mango.com/is/image/punto/27025994-94-031?wid=2048&hei=2867&fit=crop","XS","S","M","L","XL","100% cotton printed t-shirt","Current price [Rs. 3,290.00 ]","Rs. 3,290.00","","","","XXL","","","","","","","Fantastic Man x Mango","",""
"https://shop.mango.com/in/en/p/men/t-shirts/printed/100-cotton-printed-t-shirt/27025995/08/00","https://media.mango.com/is/image/punto/27025995-08-002?wid=2048&hei=2867&fit=crop","https://media.mango.com/is/image/punto/27025995-08-001?wid=2048&hei=2867&fit=crop","https://media.mango.com/is/image/punto/27025995-08-003?wid=2048&hei=2867&fit=crop","https://shop.mango.com/in/en/p/men/t-shirts/printed/100-cotton-printed-t-shirt/27025995/08/00","https://media.mango.com/is/image/punto/27025995-08-004?wid=2048&hei=2867&fit=crop","https://media.mango.com/is/image/punto/27025995-08-008?wid=2048&hei=2867&fit=crop","https://media.mango.com/is/image/punto/27025995-08-007?wid=2048&hei=2867&fit=crop","https://media.mango.com/is/image/punto/27025995-08-023?wid=2048&hei=2867&fit=crop","https://shop.mango.com/in/en/p/men/t-shirts/printed/100-cotton-printed-t-shirt/27025995/08/00","https://media.mango.com/is/image/punto/27025995-08-031?wid=2048&hei=2867&fit=crop","https://shop.mango.com/in/en/p/men/t-shirts/printed/100-cotton-printed-t-shirt/27025995/08/00","https://media.mango.com/is/image/punto/27025995-08-900?wid=2048&hei=2867&fit=crop","XS","S","M","L","XL","100% cotton printed t-shirt","Current price [Rs. 3,290.00 ]","Rs. 3,290.00","","","","XXL","","","","","","","Fantastic Man x Mango","",""
"https://shop.mango.com/in/en/p/men/t-shirts/basics/slim-fit-ribbed-tank-top/27027915/02/00","https://media.mango.com/is/image/punto/27027915-02-002?wid=2048&hei=2867&fit=crop","https://media.mango.com/is/image/punto/27027915-02-001?wid=2048&hei=2867&fit=crop","https://media.mango.com/is/image/punto/27027915-02-003?wid=2048&hei=2867&fit=crop","https://shop.mango.com/in/en/p/men/t-shirts/basics/slim-fit-ribbed-tank-top/27027915/02/00","https://media.mango.com/is/image/punto/27027915-02-004?wid=2048&hei=2867&fit=crop","https://media.mango.com/is/image/punto/27027915-02-008?wid=2048&hei=2867&fit=crop","https://media.mango.com/is/image/punto/27027915-02-023?wid=2048&hei=2867&fit=crop","https://media.mango.com/is/image/punto/27027915-02-900?wid=2048&hei=2867&fit=crop","https://shop.mango.com/in/en/p/men/t-shirts/basics/slim-fit-ribbed-tank-top/27027915/02/00","https://media.mango.com/is/image/punto/27027915-02-030?wid=2048&hei=2867&fit=crop","","","S","M","L","XL","XXL","Slim fit ribbed tank top","Initial price struck through [Rs. 3,890.00 ]","Rs. 3,590.00","Colours","https://media.mango.com/is/image/punto/27027915-02-020?wid=40","https://media.mango.com/is/image/punto/27027915-99-020?wid=40","","","","","","","","","Rs. 3,890.00","Current price [Rs. 3,590.00 ]"
"https://shop.mango.com/in/en/p/men/t-shirts/plain/slim-fit-comfort-stretch-coolmax--t-shirt/27034426/56/00","https://media.mango.com/is/image/punto/27034426-56-002?wid=2048&hei=2867&fit=crop","https://media.mango.com/is/image/punto/27034426-56-001?wid=2048&hei=2867&fit=crop","https://media.mango.com/is/image/punto/27034426-56-003?wid=2048&hei=2867&fit=crop","https://shop.mango.com/in/en/p/men/t-shirts/plain/slim-fit-comfort-stretch-coolmax--t-shirt/27034426/56/00","https://media.mango.com/is/image/punto/27034426-56-004?wid=2048&hei=2867&fit=crop","https://media.mango.com/is/image/punto/27034426-56-008?wid=2048&hei=2867&fit=crop","https://media.mango.com/is/image/punto/27034426-56-023?wid=2048&hei=2867&fit=crop","https://media.mango.com/is/image/punto/27034426-56-031?wid=2048&hei=2867&fit=crop","https://shop.mango.com/in/en/p/men/t-shirts/plain/slim-fit-comfort-stretch-coolmax--t-shirt/27034426/56/00","https://media.mango.com/is/image/punto/27034426-56-900?wid=2048&hei=2867&fit=crop","https://shop.mango.com/in/en/p/men/t-shirts/plain/slim-fit-comfort-stretch-coolmax--t-shirt/27034426/56/00","https://media.mango.com/is/image/punto/27034426-56-030?wid=2048&hei=2867&fit=crop","XS","S","M","L","XL","Slim fit comfort stretch Coolmax ® T-shirt","Initial price struck through [Rs. 3,890.00 ]","Rs. 2,334.00","Colours","https://media.mango.com/is/image/punto/27034426-56-020?wid=40","https://media.mango.com/is/image/punto/27034426-01-020?wid=40","XXL","https://media.mango.com/is/image/punto/27034426-51-020?wid=40","","","","","","PERFORMANCE","Rs. 3,890.00","Current price [Rs. 2,334.00 ]"
"https://shop.mango.com/in/en/p/men/t-shirts/printed/100-cotton-printed-t-shirt/27035991/55/00","https://media.mango.com/is/image/punto/27035991-55-002?wid=2048&hei=2867&fit=crop","https://media.mango.com/is/image/punto/27035991-55-001?wid=2048&hei=2867&fit=crop","https://media.mango.com/is/image/punto/27035991-55-003?wid=2048&hei=2867&fit=crop","https://shop.mango.com/in/en/p/men/t-shirts/printed/100-cotton-printed-t-shirt/27035991/55/00","https://media.mango.com/is/image/punto/27035991-55-004?wid=2048&hei=2867&fit=crop","https://media.mango.com/is/image/punto/27035991-55-008?wid=2048&hei=2867&fit=crop","https://media.mango.com/is/image/punto/27035991-55-558?wid=2048&hei=2867&fit=crop","https://media.mango.com/is/image/punto/27035991-55-023?wid=2048&hei=2867&fit=crop","https://shop.mango.com/in/en/p/men/t-shirts/printed/100-cotton-printed-t-shirt/27035991/55/00","https://media.mango.com/is/image/punto/27035991-55-900?wid=2048&hei=2867&fit=crop","https://shop.mango.com/in/en/p/men/t-shirts/printed/100-cotton-printed-t-shirt/27035991/55/00","https://media.mango.com/is/image/punto/27035991-55-030?wid=2048&hei=2867&fit=crop","XS","S","M","L","XL","100% cotton printed t-shirt","Current price [Rs. 3,290.00 ]","Rs. 3,290.00","","","","XXL","","","","","","","Fantastic Man x Mango","",""
"https://shop.mango.com/in/en/p/men/t-shirts/printed/two-tone-zip-neck-polo/27037912/08/00","https://media.mango.com/is/image/punto/27037912-08-002?wid=2048&hei=2867&fit=crop","https://media.mango.com/is/image/punto/27037912-08-001?wid=2048&hei=2867&fit=crop","https://media.mango.com/is/image/punto/27037912-08-003?wid=2048&hei=2867&fit=crop","https://shop.mango.com/in/en/p/men/t-shirts/printed/two-tone-zip-neck-polo/27037912/08/00","https://media.mango.com/is/image/punto/27037912-08-004?wid=2048&hei=2867&fit=crop","https://media.mango.com/is/image/punto/27037912-08-008?wid=2048&hei=2867&fit=crop","https://media.mango.com/is/image/punto/27037912-08-558?wid=2048&hei=2867&fit=crop","https://media.mango.com/is/image/punto/27037912-08-011?wid=2048&hei=2867&fit=crop","https://shop.mango.com/in/en/p/men/t-shirts/printed/two-tone-zip-neck-polo/27037912/08/00","https://media.mango.com/is/image/punto/27037912-08-023?wid=2048&hei=2867&fit=crop","https://shop.mango.com/in/en/p/men/t-shirts/printed/two-tone-zip-neck-polo/27037912/08/00","https://media.mango.com/is/image/punto/27037912-08-562?wid=2048&hei=2867&fit=crop","XS","S","M","L","XL","Two-tone zip neck polo","Current price [Rs. 4,290.00 ]","Rs. 4,290.00","","","","XXL","","","","","","","PERFORMANCE","",""
"https://shop.mango.com/in/en/p/men/t-shirts/knitwear/cotton-fine-knit-t-shirt/27037918/28/00","https://media.mango.com/is/image/punto/27037918-28-002?wid=2048&hei=2867&fit=crop","https://media.mango.com/is/image/punto/27037918-28-001?wid=2048&hei=2867&fit=crop","https://media.mango.com/is/image/punto/27037918-28-003?wid=2048&hei=2867&fit=crop","https://shop.mango.com/in/en/p/men/t-shirts/knitwear/cotton-fine-knit-t-shirt/27037918/28/00","https://media.mango.com/is/image/punto/27037918-28-004?wid=2048&hei=2867&fit=crop","https://media.mango.com/is/image/punto/27037918-28-008?wid=2048&hei=2867&fit=crop","https://media.mango.com/is/image/punto/27037918-28-558?wid=2048&hei=2867&fit=crop","https://media.mango.com/is/image/punto/27037918-28-011?wid=2048&hei=2867&fit=crop","https://shop.mango.com/in/en/p/men/t-shirts/knitwear/cotton-fine-knit-t-shirt/27037918/28/00","https://media.mango.com/is/image/punto/27037918-28-023?wid=2048&hei=2867&fit=crop","https://shop.mango.com/in/en/p/men/t-shirts/knitwear/cotton-fine-knit-t-shirt/27037918/28/00","https://media.mango.com/is/image/punto/27037918-28-900?wid=2048&hei=2867&fit=crop","S","M","L","XL","","Cotton fine-knit t-shirt","Initial price struck through [Rs. 5,990.00 ]","Rs. 5,540.00","Colours","https://media.mango.com/is/image/punto/27037918-28-020?wid=40","https://media.mango.com/is/image/punto/27037918-56-020?wid=40","","","","","","","","Selection","Rs. 5,990.00","Current price [Rs. 5,540.00 ]"
"https://shop.mango.com/in/en/p/men/t-shirts/printed/striped-cotton-t-shirt/27039208/56/00","https://media.mango.com/is/image/punto/27039208-56-002?wid=2048&hei=2867&fit=crop","https://media.mango.com/is/image/punto/27039208-56-001?wid=2048&hei=2867&fit=crop","https://media.mango.com/is/image/punto/27039208-56-003?wid=2048&hei=2867&fit=crop","https://shop.mango.com/in/en/p/men/t-shirts/printed/striped-cotton-t-shirt/27039208/56/00","https://media.mango.com/is/image/punto/27039208-56-004?wid=2048&hei=2867&fit=crop","https://media.mango.com/is/image/punto/27039208-56-008?wid=2048&hei=2867&fit=crop","https://media.mango.com/is/image/punto/27039208-56-011?wid=2048&hei=2867&fit=crop","https://media.mango.com/is/image/punto/27039208-56-023?wid=2048&hei=2867&fit=crop","https://shop.mango.com/in/en/p/men/t-shirts/printed/striped-cotton-t-shirt/27039208/56/00","https://media.mango.com/is/image/punto/27039208-56-900?wid=2048&hei=2867&fit=crop","https://shop.mango.com/in/en/p/men/t-shirts/printed/striped-cotton-t-shirt/27039208/56/00","https://media.mango.com/is/image/punto/27039208-56-030?wid=2048&hei=2867&fit=crop","XS","S","M","L","XL","Striped cotton T-shirt","Current price [Rs. 3,290.00 ]","Rs. 3,290.00","","","","XXL","","","","","","","","",""
"https://shop.mango.com/in/en/p/men/t-shirts/basics/100-cotton-t-shirt-regular-fit/27041264/35/00","https://media.mango.com/is/image/punto/27041264-35-002?wid=2048&hei=2867&fit=crop","https://media.mango.com/is/image/punto/27041264-35-001?wid=2048&hei=2867&fit=crop","https://media.mango.com/is/image/punto/27041264-35-003?wid=2048&hei=2867&fit=crop","https://shop.mango.com/in/en/p/men/t-shirts/basics/100-cotton-t-shirt-regular-fit/27041264/35/00","https://media.mango.com/is/image/punto/27041264-35-004?wid=2048&hei=2867&fit=crop","https://media.mango.com/is/image/punto/27041264-35-008?wid=2048&hei=2867&fit=crop","https://media.mango.com/is/image/punto/27041264-35-007?wid=2048&hei=2867&fit=crop","https://media.mango.com/is/image/punto/27041264-35-011?wid=2048&hei=2867&fit=crop","https://shop.mango.com/in/en/p/men/t-shirts/basics/100-cotton-t-shirt-regular-fit/27041264/35/00","https://media.mango.com/is/image/punto/27041264-35-023?wid=2048&hei=2867&fit=crop","https://shop.mango.com/in/en/p/men/t-shirts/basics/100-cotton-t-shirt-regular-fit/27041264/35/00","https://media.mango.com/is/image/punto/27041264-35-900?wid=2048&hei=2867&fit=crop","XS","S","M","L","XL","100% cotton T-shirt regular fit","Initial price struck through [Rs. 2,490.00 ]","Rs. 1,992.00","Colours","https://media.mango.com/is/image/punto/27041264-35-020?wid=40","https://media.mango.com/is/image/punto/27041264-01-020?wid=40","XXL","https://media.mango.com/is/image/punto/27041264-45-020?wid=40","https://media.mango.com/is/image/punto/27041264-56-020?wid=40","https://media.mango.com/is/image/punto/27041264-26-020?wid=40","https://media.mango.com/is/image/punto/27041264-07-020?wid=40","https://media.mango.com/is/image/punto/27041264-50-020?wid=40","https://media.mango.com/is/image/punto/27041264-75-020?wid=40","ESSENTIALS","Rs. 2,490.00","Current price [Rs. 1,992.00 ]"
"https://shop.mango.com/in/en/p/men/t-shirts/basics/100-cotton-t-shirt-regular-fit/27045964/01/00","https://media.mango.com/is/image/punto/27045964-01-002?wid=2048&hei=2867&fit=crop","https://media.mango.com/is/image/punto/27045964-01-001?wid=2048&hei=2867&fit=crop","https://media.mango.com/is/image/punto/27045964-01-003?wid=2048&hei=2867&fit=crop","https://shop.mango.com/in/en/p/men/t-shirts/basics/100-cotton-t-shirt-regular-fit/27045964/01/00","https://media.mango.com/is/image/punto/27045964-01-004?wid=2048&hei=2867&fit=crop","https://media.mango.com/is/image/punto/27045964-01-008?wid=2048&hei=2867&fit=crop","https://media.mango.com/is/image/punto/27045964-01-007?wid=2048&hei=2867&fit=crop","https://media.mango.com/is/image/punto/27045964-01-023?wid=2048&hei=2867&fit=crop","https://shop.mango.com/in/en/p/men/t-shirts/basics/100-cotton-t-shirt-regular-fit/27045964/01/00","https://media.mango.com/is/image/punto/27045964-01-900?wid=2048&hei=2867&fit=crop","https://shop.mango.com/in/en/p/men/t-shirts/basics/100-cotton-t-shirt-regular-fit/27045964/01/00","https://media.mango.com/is/image/punto/27045964-01-030?wid=2048&hei=2867&fit=crop","XS","S","M","L","XL","100% cotton T-shirt regular fit","Initial price struck through [Rs. 3,290.00 ]","Rs. 2,303.00","Colours","https://media.mango.com/is/image/punto/27045964-01-020?wid=40","https://media.mango.com/is/image/punto/27045964-56-020?wid=40","XXL","https://media.mango.com/is/image/punto/27045964-51-020?wid=40","https://media.mango.com/is/image/punto/27045964-41-020?wid=40","","","","","","Rs. 3,290.00","Current price [Rs. 2,303.00 ]"
"https://shop.mango.com/in/en/p/men/t-shirts/printed/100-cotton-printed-t-shirt/27045990/08/00","https://media.mango.com/is/image/punto/27045990-08-002?wid=2048&hei=2867&fit=crop","https://media.mango.com/is/image/punto/27045990-08-001?wid=2048&hei=2867&fit=crop","https://media.mango.com/is/image/punto/27045990-08-003?wid=2048&hei=2867&fit=crop","https://shop.mango.com/in/en/p/men/t-shirts/printed/100-cotton-printed-t-shirt/27045990/08/00","https://media.mango.com/is/image/punto/27045990-08-004?wid=2048&hei=2867&fit=crop","https://media.mango.com/is/image/punto/27045990-08-008?wid=2048&hei=2867&fit=crop","https://media.mango.com/is/image/punto/27045990-08-007?wid=2048&hei=2867&fit=crop","https://media.mango.com/is/image/punto/27045990-08-011?wid=2048&hei=2867&fit=crop","https://shop.mango.com/in/en/p/men/t-shirts/printed/100-cotton-printed-t-shirt/27045990/08/00","https://media.mango.com/is/image/punto/27045990-08-023?wid=2048&hei=2867&fit=crop","https://shop.mango.com/in/en/p/men/t-shirts/printed/100-cotton-printed-t-shirt/27045990/08/00","https://media.mango.com/is/image/punto/27045990-08-031?wid=2048&hei=2867&fit=crop","XS","S","M","L","XL","100% cotton printed t-shirt","Current price [Rs. 3,290.00 ]","Rs. 3,290.00","","","","XXL","","","","","","","Fantastic Man x Mango","",""
"https://shop.mango.com/in/en/p/men/t-shirts/basics/100-cotton-striped-jersey-t-shirt/27047914/02/00","https://media.mango.com/is/image/punto/27047914-02-002?wid=2048&hei=2867&fit=crop","https://media.mango.com/is/image/punto/27047914-02-001?wid=2048&hei=2867&fit=crop","https://media.mango.com/is/image/punto/27047914-02-003?wid=2048&hei=2867&fit=crop","https://shop.mango.com/in/en/p/men/t-shirts/basics/100-cotton-striped-jersey-t-shirt/27047914/02/00","https://media.mango.com/is/image/punto/27047914-02-004?wid=2048&hei=2867&fit=crop","https://media.mango.com/is/image/punto/27047914-02-008?wid=2048&hei=2867&fit=crop","https://media.mango.com/is/image/punto/27047914-02-023?wid=2048&hei=2867&fit=crop","https://media.mango.com/is/image/punto/27047914-02-900?wid=2048&hei=2867&fit=crop","https://shop.mango.com/in/en/p/men/t-shirts/basics/100-cotton-striped-jersey-t-shirt/27047914/02/00","https://media.mango.com/is/image/punto/27047914-02-030?wid=2048&hei=2867&fit=crop","","","S","M","L","XL","XXL","100% cotton striped jersey T-shirt","Initial price struck through [Rs. 3,890.00 ]","Rs. 2,334.00","Colours","https://media.mango.com/is/image/punto/27047914-02-020?wid=40","https://media.mango.com/is/image/punto/27047914-08-020?wid=40","","","","","","","","Online Exclusive","Rs. 3,890.00","Current price [Rs. 2,334.00 ]"
"https://shop.mango.com/in/en/p/men/t-shirts/printed/100-cotton-printed-t-shirt/27055989/02/00","https://media.mango.com/is/image/punto/27055989-02-002?wid=2048&hei=2867&fit=crop","https://media.mango.com/is/image/punto/27055989-02-001?wid=2048&hei=2867&fit=crop","https://media.mango.com/is/image/punto/27055989-02-003?wid=2048&hei=2867&fit=crop","https://shop.mango.com/in/en/p/men/t-shirts/printed/100-cotton-printed-t-shirt/27055989/02/00","https://media.mango.com/is/image/punto/27055989-02-004?wid=2048&hei=2867&fit=crop","https://media.mango.com/is/image/punto/27055989-02-008?wid=2048&hei=2867&fit=crop","https://media.mango.com/is/image/punto/27055989-02-007?wid=2048&hei=2867&fit=crop","https://media.mango.com/is/image/punto/27055989-02-558?wid=2048&hei=2867&fit=crop","https://shop.mango.com/in/en/p/men/t-shirts/printed/100-cotton-printed-t-shirt/27055989/02/00","https://media.mango.com/is/image/punto/27055989-02-023?wid=2048&hei=2867&fit=crop","https://shop.mango.com/in/en/p/men/t-shirts/printed/100-cotton-printed-t-shirt/27055989/02/00","https://media.mango.com/is/image/punto/27055989-02-031?wid=2048&hei=2867&fit=crop","XS","S","M","L","XL","100% cotton printed t-shirt","Current price [Rs. 3,290.00 ]","Rs. 3,290.00","","","","XXL","","","","","","","Fantastic Man x Mango","",""
"https://shop.mango.com/in/en/p/men/t-shirts/printed/100-cotton-embroidered-t-shirt/27059215/01/00","https://media.mango.com/is/image/punto/27059215-01-002?wid=2048&hei=2867&fit=crop","https://media.mango.com/is/image/punto/27059215-01-001?wid=2048&hei=2867&fit=crop","https://media.mango.com/is/image/punto/27059215-01-003?wid=2048&hei=2867&fit=crop","https://shop.mango.com/in/en/p/men/t-shirts/printed/100-cotton-embroidered-t-shirt/27059215/01/00","https://media.mango.com/is/image/punto/27059215-01-004?wid=2048&hei=2867&fit=crop","https://media.mango.com/is/image/punto/27059215-01-008?wid=2048&hei=2867&fit=crop","https://media.mango.com/is/image/punto/27059215-01-500?wid=2048&hei=2867&fit=crop","https://media.mango.com/is/image/punto/27059215-01-011?wid=2048&hei=2867&fit=crop","https://shop.mango.com/in/en/p/men/t-shirts/printed/100-cotton-embroidered-t-shirt/27059215/01/00","https://media.mango.com/is/image/punto/27059215-01-023?wid=2048&hei=2867&fit=crop","https://shop.mango.com/in/en/p/men/t-shirts/printed/100-cotton-embroidered-t-shirt/27059215/01/00","https://media.mango.com/is/image/punto/27059215-01-900?wid=2048&hei=2867&fit=crop","XS","S","M","L","XL","100% cotton embroidered t-shirt","Current price [Rs. 3,290.00 ]","Rs. 3,290.00","","","","XXL","","","","","","","","",""
"https://shop.mango.com/in/en/p/men/t-shirts/slim-fit/slim-fit-comfort-stretch-coolmax--t-shirt/27064425/01/00","https://media.mango.com/is/image/punto/27064425-01-002?wid=2048&hei=2867&fit=crop","https://media.mango.com/is/image/punto/27064425-01-001?wid=2048&hei=2867&fit=crop","https://media.mango.com/is/image/punto/27064425-01-003?wid=2048&hei=2867&fit=crop","https://shop.mango.com/in/en/p/men/t-shirts/slim-fit/slim-fit-comfort-stretch-coolmax--t-shirt/27064425/01/00","https://media.mango.com/is/image/punto/27064425-01-004?wid=2048&hei=2867&fit=crop","https://media.mango.com/is/image/punto/27064425-01-008?wid=2048&hei=2867&fit=crop","https://media.mango.com/is/image/punto/27064425-01-023?wid=2048&hei=2867&fit=crop","https://media.mango.com/is/image/punto/27064425-01-031?wid=2048&hei=2867&fit=crop","https://shop.mango.com/in/en/p/men/t-shirts/slim-fit/slim-fit-comfort-stretch-coolmax--t-shirt/27064425/01/00","https://media.mango.com/is/image/punto/27064425-01-900?wid=2048&hei=2867&fit=crop","https://shop.mango.com/in/en/p/men/t-shirts/slim-fit/slim-fit-comfort-stretch-coolmax--t-shirt/27064425/01/00","https://media.mango.com/is/image/punto/27064425-01-030?wid=2048&hei=2867&fit=crop","XS","S","M","L","XL","Slim fit comfort stretch Coolmax ® T-shirt","Initial price struck through [Rs. 3,890.00 ]","Rs. 2,334.00","Colours","https://media.mango.com/is/image/punto/27064425-01-020?wid=40","https://media.mango.com/is/image/punto/27064425-97-020?wid=40","XXL","","","","","","","PERFORMANCE","Rs. 3,890.00","Current price [Rs. 2,334.00 ]"
"https://shop.mango.com/in/en/p/men/t-shirts/knitwear/comfort-stretch-jersey-t-shirt/27074428/03/00","https://media.mango.com/is/image/punto/27074428-03-002?wid=2048&hei=2867&fit=crop","https://media.mango.com/is/image/punto/27074428-03-001?wid=2048&hei=2867&fit=crop","https://media.mango.com/is/image/punto/27074428-03-003?wid=2048&hei=2867&fit=crop","https://shop.mango.com/in/en/p/men/t-shirts/knitwear/comfort-stretch-jersey-t-shirt/27074428/03/00","https://media.mango.com/is/image/punto/27074428-03-004?wid=2048&hei=2867&fit=crop","https://media.mango.com/is/image/punto/27074428-03-008?wid=2048&hei=2867&fit=crop","https://media.mango.com/is/image/punto/27074428-03-556?wid=2048&hei=2867&fit=crop","https://media.mango.com/is/image/punto/27074428-03-023?wid=2048&hei=2867&fit=crop","https://shop.mango.com/in/en/p/men/t-shirts/knitwear/comfort-stretch-jersey-t-shirt/27074428/03/00","https://media.mango.com/is/image/punto/27074428-03-031?wid=2048&hei=2867&fit=crop","https://shop.mango.com/in/en/p/men/t-shirts/knitwear/comfort-stretch-jersey-t-shirt/27074428/03/00","https://media.mango.com/is/image/punto/27074428-03-900?wid=2048&hei=2867&fit=crop","S","M","L","XL","XXL","Comfort stretch jersey T-shirt","Initial price struck through [Rs. 4,990.00 ]","Rs. 3,992.00","","","","","","","","","","","PERFORMANCE","Rs. 4,990.00","Current price [Rs. 3,992.00 ]"
"https://shop.mango.com/in/en/p/men/t-shirts/knitwear/cable-knit-t-shirt-100-cotton/27075939/32/00","https://media.mango.com/is/image/punto/27075939-32-002?wid=2048&hei=2867&fit=crop","https://media.mango.com/is/image/punto/27075939-32-001?wid=2048&hei=2867&fit=crop","https://media.mango.com/is/image/punto/27075939-32-003?wid=2048&hei=2867&fit=crop","https://shop.mango.com/in/en/p/men/t-shirts/knitwear/cable-knit-t-shirt-100-cotton/27075939/32/00","https://media.mango.com/is/image/punto/27075939-32-004?wid=2048&hei=2867&fit=crop","https://media.mango.com/is/image/punto/27075939-32-008?wid=2048&hei=2867&fit=crop","https://media.mango.com/is/image/punto/27075939-32-007?wid=2048&hei=2867&fit=crop","https://media.mango.com/is/image/punto/27075939-32-011?wid=2048&hei=2867&fit=crop","https://shop.mango.com/in/en/p/men/t-shirts/knitwear/cable-knit-t-shirt-100-cotton/27075939/32/00","https://media.mango.com/is/image/punto/27075939-32-023?wid=2048&hei=2867&fit=crop","https://shop.mango.com/in/en/p/men/t-shirts/knitwear/cable-knit-t-shirt-100-cotton/27075939/32/00","https://media.mango.com/is/image/punto/27075939-32-900?wid=2048&hei=2867&fit=crop","S","M","L","XL","XXL","Cable knit T-shirt 100% cotton","Initial price struck through [Rs. 3,890.00 ]","Rs. 2,334.00","Colours","https://media.mango.com/is/image/punto/27075939-32-020?wid=40","https://media.mango.com/is/image/punto/27075939-57-020?wid=40","","","","","","","","ESSENTIALS","Rs. 3,890.00","Current price [Rs. 2,334.00 ]"
"https://shop.mango.com/in/en/p/men/t-shirts/knitwear/cable-knit-t-shirt-100-cotton/27075939/57/00","https://media.mango.com/is/image/punto/27075939-57-002?wid=2048&hei=2867&fit=crop","https://media.mango.com/is/image/punto/27075939-57-001?wid=2048&hei=2867&fit=crop","https://media.mango.com/is/image/punto/27075939-57-003?wid=2048&hei=2867&fit=crop","https://shop.mango.com/in/en/p/men/t-shirts/knitwear/cable-knit-t-shirt-100-cotton/27075939/57/00","https://media.mango.com/is/image/punto/27075939-57-004?wid=2048&hei=2867&fit=crop","https://media.mango.com/is/image/punto/27075939-57-008?wid=2048&hei=2867&fit=crop","https://media.mango.com/is/image/punto/27075939-57-007?wid=2048&hei=2867&fit=crop","https://media.mango.com/is/image/punto/27075939-57-023?wid=2048&hei=2867&fit=crop","https://shop.mango.com/in/en/p/men/t-shirts/knitwear/cable-knit-t-shirt-100-cotton/27075939/57/00","https://media.mango.com/is/image/punto/27075939-57-900?wid=2048&hei=2867&fit=crop","https://shop.mango.com/in/en/p/men/t-shirts/knitwear/cable-knit-t-shirt-100-cotton/27075939/57/00","https://media.mango.com/is/image/punto/27075939-57-030?wid=2048&hei=2867&fit=crop","S","M","L","XL","XXL","Cable knit T-shirt 100% cotton","Initial price struck through [Rs. 3,890.00 ]","Rs. 2,334.00","Colours","https://media.mango.com/is/image/punto/27075939-57-020?wid=40","https://media.mango.com/is/image/punto/27075939-32-020?wid=40","","","","","","","","ESSENTIALS","Rs. 3,890.00","Current price [Rs. 2,334.00 ]"
"https://shop.mango.com/in/en/p/men/t-shirts/basics/cotton-modal-blend-jersey-t-shirt/27077913/07/00","https://media.mango.com/is/image/punto/27077913-07-002?wid=2048&hei=2867&fit=crop","https://media.mango.com/is/image/punto/27077913-07-001?wid=2048&hei=2867&fit=crop","https://media.mango.com/is/image/punto/27077913-07-003?wid=2048&hei=2867&fit=crop","https://shop.mango.com/in/en/p/men/t-shirts/basics/cotton-modal-blend-jersey-t-shirt/27077913/07/00","https://media.mango.com/is/image/punto/27077913-07-004?wid=2048&hei=2867&fit=crop","https://media.mango.com/is/image/punto/27077913-07-008?wid=2048&hei=2867&fit=crop","https://media.mango.com/is/image/punto/27077913-07-007?wid=2048&hei=2867&fit=crop","https://media.mango.com/is/image/punto/27077913-07-010?wid=2048&hei=2867&fit=crop","https://shop.mango.com/in/en/p/men/t-shirts/basics/cotton-modal-blend-jersey-t-shirt/27077913/07/00","https://media.mango.com/is/image/punto/27077913-07-023?wid=2048&hei=2867&fit=crop","https://shop.mango.com/in/en/p/men/t-shirts/basics/cotton-modal-blend-jersey-t-shirt/27077913/07/00","https://media.mango.com/is/image/punto/27077913-07-900?wid=2048&hei=2867&fit=crop","S","M","L","XL","XXL","Cotton-modal blend jersey T-shirt","Current price [Rs. 3,290.00 ]","Rs. 3,290.00","Colours","https://media.mango.com/is/image/punto/27077913-07-020?wid=40","https://media.mango.com/is/image/punto/27077913-99-020?wid=40","","","","","","","","","",""
"https://shop.mango.com/in/en/p/men/t-shirts/basics/cotton-modal-blend-jersey-t-shirt/27077913/99/00","https://media.mango.com/is/image/punto/27077913-99-002?wid=2048&hei=2867&fit=crop","https://media.mango.com/is/image/punto/27077913-99-001?wid=2048&hei=2867&fit=crop","https://media.mango.com/is/image/punto/27077913-99-003?wid=2048&hei=2867&fit=crop","https://shop.mango.com/in/en/p/men/t-shirts/basics/cotton-modal-blend-jersey-t-shirt/27077913/99/00","https://media.mango.com/is/image/punto/27077913-99-004?wid=2048&hei=2867&fit=crop","https://media.mango.com/is/image/punto/27077913-99-008?wid=2048&hei=2867&fit=crop","https://media.mango.com/is/image/punto/27077913-99-023?wid=2048&hei=2867&fit=crop","https://media.mango.com/is/image/punto/27077913-99-900?wid=2048&hei=2867&fit=crop","https://shop.mango.com/in/en/p/men/t-shirts/basics/cotton-modal-blend-jersey-t-shirt/27077913/99/00","https://media.mango.com/is/image/punto/27077913-99-030?wid=2048&hei=2867&fit=crop","","","S","M","L","XL","XXL","Cotton-modal blend jersey T-shirt","Current price [Rs. 3,290.00 ]","Rs. 3,290.00","Colours","https://media.mango.com/is/image/punto/27077913-99-020?wid=40","https://media.mango.com/is/image/punto/27077913-07-020?wid=40","","","","","","","","","",""
"https://shop.mango.com/in/en/p/men/t-shirts/plain/short-sleeved-cotton-t-shirt/27079207/43/00","https://media.mango.com/is/image/punto/27079207-43-002?wid=2048&hei=2867&fit=crop","https://media.mango.com/is/image/punto/27079207-43-001?wid=2048&hei=2867&fit=crop","https://media.mango.com/is/image/punto/27079207-43-003?wid=2048&hei=2867&fit=crop","https://shop.mango.com/in/en/p/men/t-shirts/plain/short-sleeved-cotton-t-shirt/27079207/43/00","https://media.mango.com/is/image/punto/27079207-43-004?wid=2048&hei=2867&fit=crop","https://media.mango.com/is/image/punto/27079207-43-008?wid=2048&hei=2867&fit=crop","https://media.mango.com/is/image/punto/27079207-43-011?wid=2048&hei=2867&fit=crop","https://media.mango.com/is/image/punto/27079207-43-023?wid=2048&hei=2867&fit=crop","https://shop.mango.com/in/en/p/men/t-shirts/plain/short-sleeved-cotton-t-shirt/27079207/43/00","https://media.mango.com/is/image/punto/27079207-43-900?wid=2048&hei=2867&fit=crop","https://shop.mango.com/in/en/p/men/t-shirts/plain/short-sleeved-cotton-t-shirt/27079207/43/00","https://media.mango.com/is/image/punto/27079207-43-030?wid=2048&hei=2867&fit=crop","XS","S","M","L","XL","Short-sleeved cotton t-shirt","Current price [Rs. 2,890.00 ]","Rs. 2,890.00","Colours","https://media.mango.com/is/image/punto/27079207-43-020?wid=40","https://media.mango.com/is/image/punto/27079207-56-020?wid=40","XXL","","","","","","","","",""
"https://shop.mango.com/in/en/p/men/t-shirts/printed/100-cotton-printed-t-shirt/27079213/01/00","https://media.mango.com/is/image/punto/27079213-01-002?wid=2048&hei=2867&fit=crop","https://media.mango.com/is/image/punto/27079213-01-001?wid=2048&hei=2867&fit=crop","https://media.mango.com/is/image/punto/27079213-01-003?wid=2048&hei=2867&fit=crop","https://shop.mango.com/in/en/p/men/t-shirts/printed/100-cotton-printed-t-shirt/27079213/01/00","https://media.mango.com/is/image/punto/27079213-01-004?wid=2048&hei=2867&fit=crop","https://media.mango.com/is/image/punto/27079213-01-008?wid=2048&hei=2867&fit=crop","https://media.mango.com/is/image/punto/27079213-01-011?wid=2048&hei=2867&fit=crop","https://media.mango.com/is/image/punto/27079213-01-023?wid=2048&hei=2867&fit=crop","https://shop.mango.com/in/en/p/men/t-shirts/printed/100-cotton-printed-t-shirt/27079213/01/00","https://media.mango.com/is/image/punto/27079213-01-900?wid=2048&hei=2867&fit=crop","https://shop.mango.com/in/en/p/men/t-shirts/printed/100-cotton-printed-t-shirt/27079213/01/00","https://media.mango.com/is/image/punto/27079213-01-030?wid=2048&hei=2867&fit=crop","XS","S","M","L","XL","100% cotton printed t-shirt","Current price [Rs. 3,290.00 ]","Rs. 3,290.00","","","","XXL","","","","","","","","",""
"https://shop.mango.com/in/en/p/men/t-shirts/linen/linen-blend-t-shirt/27087895/48/00","https://media.mango.com/is/image/punto/27087895-48-002?wid=2048&hei=2867&fit=crop","https://media.mango.com/is/image/punto/27087895-48-001?wid=2048&hei=2867&fit=crop","https://media.mango.com/is/image/punto/27087895-48-003?wid=2048&hei=2867&fit=crop","https://shop.mango.com/in/en/p/men/t-shirts/linen/linen-blend-t-shirt/27087895/48/00","https://media.mango.com/is/image/punto/27087895-48-004?wid=2048&hei=2867&fit=crop","https://media.mango.com/is/image/punto/27087895-48-007?wid=2048&hei=2867&fit=crop","https://media.mango.com/is/image/punto/27087895-48-011?wid=2048&hei=2867&fit=crop","https://media.mango.com/is/image/punto/27087895-48-023?wid=2048&hei=2867&fit=crop","https://shop.mango.com/in/en/p/men/t-shirts/linen/linen-blend-t-shirt/27087895/48/00","https://media.mango.com/is/image/punto/27087895-48-900?wid=2048&hei=2867&fit=crop","https://shop.mango.com/in/en/p/men/t-shirts/linen/linen-blend-t-shirt/27087895/48/00","https://media.mango.com/is/image/punto/27087895-48-030?wid=2048&hei=2867&fit=crop","XS","S","M","L","XL","Linen blend T-shirt","Current price [Rs. 3,890.00 ]","Rs. 3,890.00","Colours","https://media.mango.com/is/image/punto/27087895-48-020?wid=40","https://media.mango.com/is/image/punto/27087895-01-020?wid=40","XXL","https://media.mango.com/is/image/punto/27087895-56-020?wid=40","https://media.mango.com/is/image/punto/27087895-51-020?wid=40","","","","","","",""
"https://shop.mango.com/in/en/p/men/t-shirts/linen/linen-blend-t-shirt/27087895/51/00","https://media.mango.com/is/image/punto/27087895-51-002?wid=2048&hei=2867&fit=crop","https://media.mango.com/is/image/punto/27087895-51-001?wid=2048&hei=2867&fit=crop","https://media.mango.com/is/image/punto/27087895-51-003?wid=2048&hei=2867&fit=crop","https://shop.mango.com/in/en/p/men/t-shirts/linen/linen-blend-t-shirt/27087895/51/00","https://media.mango.com/is/image/punto/27087895-51-004?wid=2048&hei=2867&fit=crop","https://media.mango.com/is/image/punto/27087895-51-008?wid=2048&hei=2867&fit=crop","https://media.mango.com/is/image/punto/27087895-51-007?wid=2048&hei=2867&fit=crop","https://media.mango.com/is/image/punto/27087895-51-011?wid=2048&hei=2867&fit=crop","https://shop.mango.com/in/en/p/men/t-shirts/linen/linen-blend-t-shirt/27087895/51/00","https://media.mango.com/is/image/punto/27087895-51-023?wid=2048&hei=2867&fit=crop","https://shop.mango.com/in/en/p/men/t-shirts/linen/linen-blend-t-shirt/27087895/51/00","https://media.mango.com/is/image/punto/27087895-51-900?wid=2048&hei=2867&fit=crop","XS","S","M","L","XL","Linen blend T-shirt","Current price [Rs. 3,890.00 ]","Rs. 3,890.00","Colours","https://media.mango.com/is/image/punto/27087895-51-020?wid=40","https://media.mango.com/is/image/punto/27087895-01-020?wid=40","XXL","https://media.mango.com/is/image/punto/27087895-56-020?wid=40","https://media.mango.com/is/image/punto/27087895-48-020?wid=40","","","","","","",""
"https://shop.mango.com/in/en/p/men/t-shirts/printed/100-cotton-printed-t-shirt/27089212/56/00","https://media.mango.com/is/image/punto/27089212-56-002?wid=2048&hei=2867&fit=crop","https://media.mango.com/is/image/punto/27089212-56-001?wid=2048&hei=2867&fit=crop","https://media.mango.com/is/image/punto/27089212-56-003?wid=2048&hei=2867&fit=crop","https://shop.mango.com/in/en/p/men/t-shirts/printed/100-cotton-printed-t-shirt/27089212/56/00","https://media.mango.com/is/image/punto/27089212-56-004?wid=2048&hei=2867&fit=crop","https://media.mango.com/is/image/punto/27089212-56-008?wid=2048&hei=2867&fit=crop","https://media.mango.com/is/image/punto/27089212-56-011?wid=2048&hei=2867&fit=crop","https://media.mango.com/is/image/punto/27089212-56-023?wid=2048&hei=2867&fit=crop","https://shop.mango.com/in/en/p/men/t-shirts/printed/100-cotton-printed-t-shirt/27089212/56/00","https://media.mango.com/is/image/punto/27089212-56-900?wid=2048&hei=2867&fit=crop","https://shop.mango.com/in/en/p/men/t-shirts/printed/100-cotton-printed-t-shirt/27089212/56/00","https://media.mango.com/is/image/punto/27089212-56-030?wid=2048&hei=2867&fit=crop","XS","S","M","L","XL","100% cotton printed t-shirt","Current price [Rs. 3,290.00 ]","Rs. 3,290.00","","","","XXL","","","","","","","","",""